filename,id_dec,content,alt,flags,warnings
"CORETXT.BIN",100,"Name","Model","",""
"CORETXT.BIN",101,"Model","Age","",""
"CORETXT.BIN",102,"Age","of","",""
"CORETXT.BIN",103,"of","%d of %d","alt:param:number",""
"CORETXT.BIN",104,"%d of %d","%3d of %3d","param:number|alt:param:template",""
"CORETXT.BIN",105,"%3d of %3d","Rank","param:template",""
"CORETXT.BIN",106,"Rank","Value","",""
"CORETXT.BIN",107,"Value","Val","",""
"CORETXT.BIN",108,"Val","Exp","",""
"CORETXT.BIN",109,"Exp","Normal","",""
"CORETXT.BIN",110,"Normal","Norm","",""
"CORETXT.BIN",111,"Norm","Max","",""
"CORETXT.BIN",112,"Max","month remaining","",""
"CORETXT.BIN",113,"month remaining","months remaining","",""
"CORETXT.BIN",114,"months remaining","Life signs weakening","",""
"CORETXT.BIN",115,"Life signs weakening","Life signs deteriorating","",""
"CORETXT.BIN",116,"Life signs deteriorating","Life cycle expired.  Bioderm terminated.","",""
"CORETXT.BIN",117,"Life cycle expired.  Bioderm terminated.","Genetic cohesion lost.  Bioderm disintegrated.","",""
"CORETXT.BIN",118,"Genetic cohesion lost.  Bioderm disintegrated.","Massive damage.  Bioderm disintegrated.","",""
"CORETXT.BIN",119,"Massive damage.  Bioderm disintegrated.","Health","",""
"CORETXT.BIN",120,"Health","Stability","",""
"CORETXT.BIN",121,"Stability","Toxin Level","",""
"CORETXT.BIN",122,"Toxin Level","Piloting","",""
"CORETXT.BIN",123,"Piloting","Energy","",""
"CORETXT.BIN",124,"Energy","Missile","",""
"CORETXT.BIN",125,"Missile","Cannon","",""
"CORETXT.BIN",126,"Cannon","Plasma","",""
"CORETXT.BIN",127,"Plasma","Elec. Flux","",""
"CORETXT.BIN",128,"Elec. Flux","Advanced Tech.","",""
"CORETXT.BIN",129,"Advanced Tech.","Command","",""
"CORETXT.BIN",130,"Command","Commander Herc configuration","",""
"CORETXT.BIN",150,"Commander Herc configuration","MISSION BRIEFING","",""
"CORETXT.BIN",151,"MISSION BRIEFING","MISSION DEBRIEFING","",""
"CORETXT.BIN",152,"MISSION DEBRIEFING","Star System","",""
"CORETXT.BIN",153,"Star System","Planet","",""
"CORETXT.BIN",154,"Planet","Destination","",""
"CORETXT.BIN",155,"Destination","Points","",""
"CORETXT.BIN",156,"Points","Cybrids","",""
"CORETXT.BIN",157,"Cybrids","Cybrids destroyed","",""
"CORETXT.BIN",158,"Cybrids destroyed","Ore","",""
"CORETXT.BIN",159,"Ore","Ore mined","",""
"CORETXT.BIN",160,"Ore mined","Units of ore mined","",""
"CORETXT.BIN",161,"Units of ore mined","Automine Ore","",""
"CORETXT.BIN",162,"Automine Ore","New rank","",""
"CORETXT.BIN",163,"New rank","NEW TECHNOLOGY NOW AVAILABLE","",""
"CORETXT.BIN",164,"NEW TECHNOLOGY NOW AVAILABLE","Herc","",""
"CORETXT.BIN",165,"Herc","Bioderm","",""
"CORETXT.BIN",166,"Bioderm","Unlinked Bioderms","",""
"CORETXT.BIN",167,"Unlinked Bioderms","Status","",""
"CORETXT.BIN",168,"Status","Deceased","",""
"CORETXT.BIN",169,"Deceased","Destroyed","",""
"CORETXT.BIN",170,"Destroyed","Promoted","",""
"CORETXT.BIN",171,"Promoted","Nominal","",""
"CORETXT.BIN",172,"Nominal","Unstable","",""
"CORETXT.BIN",173,"Unstable","Tweaking","",""
"CORETXT.BIN",174,"Tweaking","Disintegrating","",""
"CORETXT.BIN",175,"Disintegrating","No compatible components","",""
"CORETXT.BIN",176,"No compatible components","credits","",""
"CORETXT.BIN",177,"credits","No change","",""
"CORETXT.BIN",178,"No change","Herc Force","",""
"CORETXT.BIN",179,"Herc Force","Objective","",""
"CORETXT.BIN",180,"Objective","Mission length","",""
"CORETXT.BIN",181,"Mission length","months","",""
"CORETXT.BIN",182,"months","Promotion","",""
"CORETXT.BIN",183,"Promotion","Performance","",""
"CORETXT.BIN",184,"Performance","Rating points","",""
"CORETXT.BIN",185,"Rating points","Upon mission completion","",""
"CORETXT.BIN",186,"Upon mission completion","PAYMENT","",""
"CORETXT.BIN",187,"PAYMENT","Payment","",""
"CORETXT.BIN",188,"Payment","Pay","",""
"CORETXT.BIN",189,"Pay","Total payment","",""
"CORETXT.BIN",190,"Total payment","Cybrid bounty","",""
"CORETXT.BIN",191,"Cybrid bounty","credits per Cybrid","",""
"CORETXT.BIN",192,"credits per Cybrid","BONUS","",""
"CORETXT.BIN",193,"BONUS","Bonus","",""
"CORETXT.BIN",194,"Bonus","Amount","",""
"CORETXT.BIN",195,"Amount","Goal","",""
"CORETXT.BIN",196,"Goal","Mission goal","",""
"CORETXT.BIN",197,"Mission goal","None","",""
"CORETXT.BIN",198,"None","Mission type","",""
"CORETXT.BIN",199,"Mission type","Training","",""
"CORETXT.BIN",200,"Training","Exploration","",""
"CORETXT.BIN",201,"Exploration","Mining","",""
"CORETXT.BIN",202,"Mining","Military","",""
"CORETXT.BIN",203,"Military","Elite military","",""
"CORETXT.BIN",204,"Elite military","Ensign","",""
"CORETXT.BIN",205,"Ensign","Unit Leader","",""
"CORETXT.BIN",206,"Unit Leader","Unit Captain","",""
"CORETXT.BIN",207,"Unit Captain","Squad Leader","",""
"CORETXT.BIN",208,"Squad Leader","Squad Captain","",""
"CORETXT.BIN",209,"Squad Captain","Squad Commander","",""
"CORETXT.BIN",210,"Squad Commander","Force Leader","",""
"CORETXT.BIN",211,"Force Leader","Force Captain","",""
"CORETXT.BIN",212,"Force Captain","Combat Leader","",""
"CORETXT.BIN",213,"Combat Leader","Combat Captain","",""
"CORETXT.BIN",214,"Combat Captain","Combat Commander","",""
"CORETXT.BIN",215,"Combat Commander","Battle Leader","",""
"CORETXT.BIN",216,"Battle Leader","Battle Captain","",""
"CORETXT.BIN",217,"Battle Captain","Herc Commander","",""
"CORETXT.BIN",218,"Herc Commander","Victor","",""
"CORETXT.BIN",219,"Victor","PLANET INFORMATION","",""
"CORETXT.BIN",220,"PLANET INFORMATION","Terrain","",""
"CORETXT.BIN",221,"Terrain","Gravity","",""
"CORETXT.BIN",222,"Gravity","Atmosphere","",""
"CORETXT.BIN",223,"Atmosphere","Additional information","",""
"CORETXT.BIN",224,"Additional information","Explored hexes","",""
"CORETXT.BIN",225,"Explored hexes","MISSION ABORTED","",""
"CORETXT.BIN",226,"MISSION ABORTED","MISSION FAILED","",""
"CORETXT.BIN",227,"MISSION FAILED","Game loaded successfully.","",""
"CORETXT.BIN",228,"Game loaded successfully.","Returning to Herc Base.","",""
"CORETXT.BIN",229,"Returning to Herc Base.","Entering the battlefield.","",""
"CORETXT.BIN",230,"Entering the battlefield.","%d","alt:param:number",""
"CORETXT.BIN",231,"%d","OK","param:number",""
"CORETXT.BIN",232,"OK","%d","alt:param:number",""
"CORETXT.BIN",233,"%d","load","param:number",""
"CORETXT.BIN",234,"load","out","",""
"CORETXT.BIN",235,"out","NA","",""
"CORETXT.BIN",236,"NA","Miss","",""
"CORETXT.BIN",237,"Miss","Absorbed","",""
"CORETXT.BIN",238,"Absorbed","Hit","",""
"CORETXT.BIN",239,"Hit","Hit!","",""
"CORETXT.BIN",240,"Hit!","Damaged!","",""
"CORETXT.BIN",241,"Damaged!","DESTROYED!","",""
"CORETXT.BIN",242,"DESTROYED!","Leave battlefield and return to Herc Base?","",""
"CORETXT.BIN",243,"Leave battlefield and return to Herc Base?","Cybrid threat eliminated, leave the map?","",""
"CORETXT.BIN",244,"Cybrid threat eliminated, leave the map?","Ore covers about %d%% of the map","alt:param:number",""
"CORETXT.BIN",245,"Ore covers about %d%% of the map","The following Bioderms will be lost:","param:number",""
"CORETXT.BIN",246,"The following Bioderms will be lost:","Congratulations!","",""
"CORETXT.BIN",247,"Congratulations!","You have been promoted to the rank of %s.","alt:param:string",""
"CORETXT.BIN",248,"You have been promoted to the rank of %s.","You have been promoted %d ranks to %s.","param:string|alt:param:number",""
"CORETXT.BIN",249,"You have been promoted %d ranks to %s.","Input the new name of the Herc.","param:number",""
"CORETXT.BIN",250,"Input the new name of the Herc.","Input the new name of the Bioderm.","alt:warn:>12chars","warn:>12chars"
"CORETXT.BIN",251,"Input the new name of the Bioderm.","All threats eliminated, leave the map?","",""
"CORETXT.BIN",252,"All threats eliminated, leave the map?","You have no forces, leave the map?","",""
"CORETXT.BIN",253,"You have no forces, leave the map?","","",""
"CORETXT.BIN",254,"","","",""
"HELPLINK.BIN",1,"","#Contents","",""
"HELPLINK.BIN",2,"#Contents","UNKNOWN_HELP_LINK: QuickRef","",""
"HELPLINK.BIN",3,"UNKNOWN_HELP_LINK: QuickRef","UNKNOWN_HELP_LINK: TechSupt","",""
"HELPLINK.BIN",4,"UNKNOWN_HELP_LINK: TechSupt","#Main_Menu","",""
"HELPLINK.BIN",5,"#Main_Menu","#Difficulty_Levels","",""
"HELPLINK.BIN",6,"#Difficulty_Levels","#Quick_Encounter","",""
"HELPLINK.BIN",7,"#Quick_Encounter","#Multi_Player_Menu","",""
"HELPLINK.BIN",8,"#Multi_Player_Menu","#Creator_Options","",""
"HELPLINK.BIN",9,"#Creator_Options","#Tutorial","",""
"HELPLINK.BIN",10,"#Tutorial","#Herc_Base_Menu","",""
"HELPLINK.BIN",11,"#Herc_Base_Menu","#Herc_Bay","",""
"HELPLINK.BIN",12,"#Herc_Bay","#Purchase_New_Herc","",""
"HELPLINK.BIN",13,"#Purchase_New_Herc","#Purchase_New_Herc","",""
"HELPLINK.BIN",14,"#Purchase_New_Herc","#Manage_Hercs","",""
"HELPLINK.BIN",15,"#Manage_Hercs","#Manage_Hercs","",""
"HELPLINK.BIN",16,"#Manage_Hercs","#Manage_Hercs","",""
"HELPLINK.BIN",17,"#Manage_Hercs","#Bioderm_Facility","",""
"HELPLINK.BIN",18,"#Bioderm_Facility","#BioVat","",""
"HELPLINK.BIN",19,"#BioVat","#MedVat","",""
"HELPLINK.BIN",20,"#MedVat","#Virtual_Reality_Enhancement_Center","",""
"HELPLINK.BIN",21,"#Virtual_Reality_Enhancement_Center","#Stand_By","",""
"HELPLINK.BIN",22,"#Stand_By","#Command_Center","",""
"HELPLINK.BIN",23,"#Command_Center","#Select_Mission","",""
"HELPLINK.BIN",24,"#Select_Mission","#Briefing","",""
"HELPLINK.BIN",25,"#Briefing","#Corporate_Database","",""
"HELPLINK.BIN",26,"#Corporate_Database","#Contents","",""
"HELPLINK.BIN",27,"#Contents","#Views_and_Navigation","",""
"HELPLINK.BIN",28,"#Views_and_Navigation","#Damage_Model","",""
"HELPLINK.BIN",29,"#Damage_Model","#Pilot_Status","",""
"HELPLINK.BIN",30,"#Pilot_Status","#Views_and_Navigation","",""
"HELPLINK.BIN",31,"#Views_and_Navigation","#Tola","",""
"HELPLINK.BIN",32,"#Tola","#Xian","",""
"HELPLINK.BIN",33,"#Xian","#Garan","",""
"HELPLINK.BIN",34,"#Garan","#Kyoko","",""
"HELPLINK.BIN",35,"#Kyoko","#Nura","",""
"HELPLINK.BIN",36,"#Nura","#Persis","",""
"HELPLINK.BIN",37,"#Persis","#Imra","",""
"HELPLINK.BIN",38,"#Imra","#Kouras","",""
"HELPLINK.BIN",39,"#Kouras","#Khadisha","",""
"HELPLINK.BIN",40,"#Khadisha","#Borok","",""
"HELPLINK.BIN",41,"#Borok","#Jamax","",""
"HELPLINK.BIN",42,"#Jamax","#Jath","",""
"HELPLINK.BIN",43,"#Jath","#Uru","",""
"HELPLINK.BIN",44,"#Uru","#Elana","",""
"HELPLINK.BIN",45,"#Elana","#Jarvis","",""
"HELPLINK.BIN",46,"#Jarvis","#Crow","",""
"HELPLINK.BIN",47,"#Crow","#Andra","",""
"HELPLINK.BIN",48,"#Andra","#Model_001","",""
"HELPLINK.BIN",49,"#Model_001","#Model_101","",""
"HELPLINK.BIN",50,"#Model_101","#Model_110","",""
"HELPLINK.BIN",51,"#Model_110","#Maia","",""
"HELPLINK.BIN",52,"#Maia","#Kaesar","",""
"HELPLINK.BIN",53,"#Kaesar","#Vyrl","",""
"HELPLINK.BIN",54,"#Vyrl","#Tarn","",""
"HELPLINK.BIN",55,"#Tarn","#Mentor","",""
"HELPLINK.BIN",56,"#Mentor","#Ma_Yuan","",""
"HELPLINK.BIN",57,"#Ma_Yuan","#Quabal","",""
"HELPLINK.BIN",58,"#Quabal","#Jai","",""
"HELPLINK.BIN",59,"#Jai","#Tarsus","",""
"HELPLINK.BIN",60,"#Tarsus","#Boto","",""
"HELPLINK.BIN",61,"#Boto","#General","",""
"HELPLINK.BIN",62,"#General","#Windows","",""
"HELPLINK.BIN",63,"#Windows","#Battle_Animation","",""
"HELPLINK.BIN",64,"#Battle_Animation","#Terrain","",""
"HELPLINK.BIN",65,"#Terrain","#Strategy_Tips","",""
"HELPLINK.BIN",66,"#Strategy_Tips","#Walkthrough","",""
"HELPLINK.BIN",67,"#Walkthrough","","",""
"ERRORTXT.BIN",100,"Error loading saved game file.

Cannot load a multi-player saved game file
while in a single-player game mode.

","In order to save a game in multi player mode,
you must own at least one pilot and it must
be linked to a Herc.
","",""
"ERRORTXT.BIN",101,"In order to save a game in multi player mode,
you must own at least one pilot and it must
be linked to a Herc.
","In order to save a game in multi player mode,
you must own at least one Herc and it must
be linked to a pilot.
","",""
"ERRORTXT.BIN",102,"In order to save a game in multi player mode,
you must own at least one Herc and it must
be linked to a pilot.
","In order to save a game in multi player mode,
you must link at least one Herc and one pilot.
","",""
"ERRORTXT.BIN",103,"In order to save a game in multi player mode,
you must link at least one Herc and one pilot.
","In order to load a game in multi player mode,
the selected game must contain at least one pilot
and it must be linked to a Herc.
","",""
"ERRORTXT.BIN",104,"In order to load a game in multi player mode,
the selected game must contain at least one pilot
and it must be linked to a Herc.
","In order to load a game in multi player mode,
the selected game must contain at least one Herc
and it must be linked to a pilot.
","",""
"ERRORTXT.BIN",105,"In order to load a game in multi player mode,
the selected game must contain at least one Herc
and it must be linked to a pilot.
","The loaded game did not contain any 
pilot-Herc links.

Autolink engaged.
","",""
"ERRORTXT.BIN",106,"The loaded game did not contain any 
pilot-Herc links.

Autolink engaged.
","Unable to link pilot and Hercs.

Game file not loaded.
","",""
"ERRORTXT.BIN",107,"Unable to link pilot and Hercs.

Game file not loaded.
","In multi player mode, you cannot load a game
that has more than 12 hercs.
","",""
"ERRORTXT.BIN",108,"In multi player mode, you cannot load a game
that has more than 12 hercs.
","You cannot load a multi player game
in single player mode.","",""
"ERRORTXT.BIN",109,"You cannot load a multi player game
in single player mode.","NOTE: 

 You will need to restart CyberStorm for your Windows preferences to take effect.","",""
"ERRORTXT.BIN",200,"NOTE: 

 You will need to restart CyberStorm for your Windows preferences to take effect.","ERROR: Unable to save the file.  Often this is caused by writing to a disk with no available space.  Try clearing space, or saving to another drive with more space.","",""
"ERRORTXT.BIN",300,"ERROR: Unable to save the file.  Often this is caused by writing to a disk with no available space.  Try clearing space, or saving to another drive with more space.","ERROR: Unknown mode.","",""
"ERRORTXT.BIN",301,"ERROR: Unknown mode.","ERROR: Unable to load this file.","",""
"ERRORTXT.BIN",302,"ERROR: Unable to load this file.","ERROR: Cannot load forces file.  Perhaps the CD has been removed","",""
"ERRORTXT.BIN",303,"ERROR: Cannot load forces file.  Perhaps the CD has been removed","ERROR: Can't locate Online-Manual files at this time.","",""
"ERRORTXT.BIN",304,"ERROR: Can't locate Online-Manual files at this time.","ERROR: The file you selected does not appear to be a CyberStorm saved game.

Please use a different file.","",""
"ERRORTXT.BIN",305,"ERROR: The file you selected does not appear to be a CyberStorm saved game.

Please use a different file.","ERROR: The file you selected cannot be loaded.  It was created with an old version of CyberStorm.","",""
"ERRORTXT.BIN",306,"ERROR: The file you selected cannot be loaded.  It was created with an old version of CyberStorm.","ERROR: Cannot find a required file.  Please make sure the correct CD is in the drive and restart CyberStorm.","",""
"ERRORTXT.BIN",307,"ERROR: Cannot find a required file.  Please make sure the correct CD is in the drive and restart CyberStorm.","ERROR: Cannot load a multi player game file into a single player game.","",""
"ERRORTXT.BIN",308,"ERROR: Cannot load a multi player game file into a single player game.","ERROR: None of the hercs and pilos are linked in the game file.

When in multi player mode, you cannot load a saved game that does not have any hercs linked.","",""
"ERRORTXT.BIN",309,"ERROR: None of the hercs and pilos are linked in the game file.

When in multi player mode, you cannot load a saved game that does not have any hercs linked.","ERROR: Could not load CWARSDLL.DLL.  This could be a sign of an improper installation.  If this error persists, try reinstalling CyberStorm.","",""
"ERRORTXT.BIN",310,"ERROR: Could not load CWARSDLL.DLL.  This could be a sign of an improper installation.  If this error persists, try reinstalling CyberStorm.","ERROR: Could not load WING.DLL.  Perhaps it is not installed on your computer.","",""
"ERRORTXT.BIN",311,"ERROR: Could not load WING.DLL.  Perhaps it is not installed on your computer.","ERROR: Could not load DirectSound.","",""
"ERRORTXT.BIN",312,"ERROR: Could not load DirectSound.","WARNING:  Your computer is getting low on Hard Drive space.  You may continue, but consider removing any unused files and relaunching CyberStorm.","",""
"ERRORTXT.BIN",313,"WARNING:  Your computer is getting low on Hard Drive space.  You may continue, but consider removing any unused files and relaunching CyberStorm.","Please try to exit the multi player battlefield using the 'Leave Battle' option in the 'Battle' menu.  This will help allow the game to continue for others.","",""
"ERRORTXT.BIN",314,"Please try to exit the multi player battlefield using the 'Leave Battle' option in the 'Battle' menu.  This will help allow the game to continue for others.","Mission Status:","",""
"ERRORTXT.BIN",400,"Mission Status:","Selecting landing site...","",""
"ERRORTXT.BIN",401,"Selecting landing site...","Landing site selected.","",""
"ERRORTXT.BIN",402,"Landing site selected.","Establishing remote command links...","",""
"ERRORTXT.BIN",403,"Establishing remote command links...","Remote command links established.","",""
"ERRORTXT.BIN",404,"Remote command links established.","Units deployed.","",""
"ERRORTXT.BIN",405,"Units deployed.","Battle commencing...","",""
"ERRORTXT.BIN",406,"Battle commencing...","Battle commencing...","",""
"ERRORTXT.BIN",407,"Battle commencing...","Establishing friendly herc ID codes...","",""
"ERRORTXT.BIN",408,"Establishing friendly herc ID codes...","Validating force integrity...","",""
"ERRORTXT.BIN",409,"Validating force integrity...","Your turn is complete.  Please save the game for E-Mailing.","",""
"ERRORTXT.BIN",410,"Your turn is complete.  Please save the game for E-Mailing.","Next player: %s

Please give them the file you saved.

Exiting CyberStorm.","alt:param:string",""
"ERRORTXT.BIN",411,"Next player: %s

Please give them the file you saved.

Exiting CyberStorm.","Next player:","param:string",""
"ERRORTXT.BIN",412,"Next player:","Enter the number of players: (2-8)","",""
"ERRORTXT.BIN",413,"Enter the number of players: (2-8)","Sorry, that was an invalid number of players.  The number must be between 2 and 8.","",""
"ERRORTXT.BIN",414,"Sorry, that was an invalid number of players.  The number must be between 2 and 8.","Do you want the game to automatically save and exit after every turn? (This is useful for a Play-By-EMail game)","",""
"ERRORTXT.BIN",415,"Do you want the game to automatically save and exit after every turn? (This is useful for a Play-By-EMail game)","Use default force based on current settings?","",""
"ERRORTXT.BIN",416,"Use default force based on current settings?","Unable to launch.  One or more of the players have a force loaded that exceeds the game parameters.  Either load a different force or raise the game parameters.","",""
"ERRORTXT.BIN",417,"Unable to launch.  One or more of the players have a force loaded that exceeds the game parameters.  Either load a different force or raise the game parameters.","The forces for player (%s) either could not be loaded or were not usable.","alt:param:string",""
"ERRORTXT.BIN",418,"The forces for player (%s) either could not be loaded or were not usable.","","param:string",""
"ERRORTXT.BIN",419,"","This region of %s has been cleared of all opposing factions and the battle has concluded.","alt:param:string",""
"ERRORTXT.BIN",420,"This region of %s has been cleared of all opposing factions and the battle has concluded.","Do you want to resign this battle, placing all your units under computer control?   (NOTE: This option lets you leave the battle, but lets others in your group continue.  If you just want to exit the game completely, select 'No' and use the close box or the 'Exit' menu option instead)","param:string",""
"ERRORTXT.BIN",421,"Do you want to resign this battle, placing all your units under computer control?   (NOTE: This option lets you leave the battle, but lets others in your group continue.  If you just want to exit the game completely, select 'No' and use the close box or the 'Exit' menu option instead)","Do you want to apply the current settings for all forces?","",""
"ERRORTXT.BIN",422,"Do you want to apply the current settings for all forces?","You don't have enough credits.
Need: %d
Have: %d","alt:param:number",""
"ERRORTXT.BIN",423,"You don't have enough credits.
Need: %d
Have: %d","Do you want to repair everything:

  Hercs cost: %d
  Pilots cost: %d
  Total cost: %d

  Credits available: %d","param:number|alt:param:number",""
"ERRORTXT.BIN",424,"Do you want to repair everything:

  Hercs cost: %d
  Pilots cost: %d
  Total cost: %d

  Credits available: %d","Do you want to connect ONLY to those who have CyberStorm 1.1 AND want Opportunity Fire?","param:number",""
"ERRORTXT.BIN",425,"Do you want to connect ONLY to those who have CyberStorm 1.1 AND want Opportunity Fire?","","",""
"ERRORTXT.BIN",426,"","","",""
"HERCTXT.BIN",1000,"Unused","Chassis type","",""
"HERCTXT.BIN",1001,"Chassis type","Armor","",""
"HERCTXT.BIN",1002,"Armor","Drive system","",""
"HERCTXT.BIN",1003,"Drive system","Left Leg","",""
"HERCTXT.BIN",1004,"Left Leg","Right Leg","",""
"HERCTXT.BIN",1005,"Right Leg","Reactor type","",""
"HERCTXT.BIN",1006,"Reactor type","Battery storage","",""
"HERCTXT.BIN",1007,"Battery storage","Shield generator","",""
"HERCTXT.BIN",1008,"Shield generator","Sensor array","",""
"HERCTXT.BIN",1009,"Sensor array","Targeting computer","",""
"HERCTXT.BIN",1010,"Targeting computer","Life Support system","",""
"HERCTXT.BIN",1011,"Life Support system","Weapon system","",""
"HERCTXT.BIN",1012,"Weapon system","Internal device","",""
"HERCTXT.BIN",1013,"Weapon system","Internal device","",""
"HERCTXT.BIN",1014,"Weapon system","Internal device","",""
"HERCTXT.BIN",1015,"Weapon system","Internal device","",""
"HERCTXT.BIN",1016,"Weapon system","Internal device","",""
"HERCTXT.BIN",1017,"Weapon system","Internal device","",""
"HERCTXT.BIN",1018,"Weapon system","Internal device","",""
"HERCTXT.BIN",1019,"Weapon system","Internal device","",""
"HERCTXT.BIN",1020,"Internal device","Unused","",""
"HERCTXT.BIN",1021,"Internal device","Unused","",""
"HERCTXT.BIN",1022,"Internal device","Unused","",""
"HERCTXT.BIN",1023,"Internal device","Unused","",""
"HERCTXT.BIN",1024,"Unused","Chassis","",""
"HERCTXT.BIN",1025,"Chassis","Armor","",""
"HERCTXT.BIN",1026,"Armor","Drive","",""
"HERCTXT.BIN",1027,"Drive","L.Leg","",""
"HERCTXT.BIN",1028,"L.Leg","R.Leg","",""
"HERCTXT.BIN",1029,"R.Leg","Reactor","",""
"HERCTXT.BIN",1030,"Reactor","Battery","",""
"HERCTXT.BIN",1031,"Battery","Shield","",""
"HERCTXT.BIN",1032,"Shield","Sensor","",""
"HERCTXT.BIN",1033,"Sensor","Computer","",""
"HERCTXT.BIN",1034,"Computer","Life supt.","",""
"HERCTXT.BIN",1035,"Life supt.","Weapon","",""
"HERCTXT.BIN",1036,"Weapon","Device","",""
"HERCTXT.BIN",1037,"Weapon","Device","",""
"HERCTXT.BIN",1038,"Weapon","Device","",""
"HERCTXT.BIN",1039,"Weapon","Device","",""
"HERCTXT.BIN",1040,"Weapon","Device","",""
"HERCTXT.BIN",1041,"Weapon","Device","",""
"HERCTXT.BIN",1042,"Weapon","Device","",""
"HERCTXT.BIN",1043,"Weapon","Device","",""
"HERCTXT.BIN",1044,"Device","","",""
"HERCTXT.BIN",1045,"Device","","",""
"HERCTXT.BIN",1046,"Device","","",""
"HERCTXT.BIN",1047,"Device","","",""
"HERCTXT.BIN",1048,"","Defines layout & mountability of systems.  ","",""
"HERCTXT.BIN",1049,"Defines layout & mountability of systems.  ","Protects all Herc components.  ","",""
"HERCTXT.BIN",1050,"Protects all Herc components.  ","Converts energy into movement.  ","",""
"HERCTXT.BIN",1051,"Converts energy into movement.  ","Linked to drive system to move Herc.  ","",""
"HERCTXT.BIN",1052,"Linked to drive system to move Herc.  ","Linked to drive system to move Herc.  ","",""
"HERCTXT.BIN",1053,"Linked to drive system to move Herc.  ","Provides energy for all Herc systems.  ","",""
"HERCTXT.BIN",1054,"Provides energy for all Herc systems.  ","Stores unused energy for later use as reserve energy.  This reserve energy is not usable by the drive systems.  ","",""
"HERCTXT.BIN",1055,"Stores unused energy for later use as reserve energy.  This reserve energy is not usable by the drive systems.  ","Generates a protective barrier.  ","",""
"HERCTXT.BIN",1056,"Generates a protective barrier.  ","Scans general area for enemies.  ","",""
"HERCTXT.BIN",1057,"Scans general area for enemies.  ","Handles targeting for weapons.  ","",""
"HERCTXT.BIN",1058,"Handles targeting for weapons.  ","Attempts to maintain optimal pilot condition.  ","",""
"HERCTXT.BIN",1059,"Attempts to maintain optimal pilot condition.  ","Various weapon types may be connected to these external mounts.  ","",""
"HERCTXT.BIN",1060,"Various weapon types may be connected to these external mounts.  ","Various internal devices may be connected to these internal mounts.  ","",""
"HERCTXT.BIN",1061,"Various weapon types may be connected to these external mounts.  ","Various internal devices may be connected to these internal mounts.  ","",""
"HERCTXT.BIN",1062,"Various weapon types may be connected to these external mounts.  ","Various internal devices may be connected to these internal mounts.  ","",""
"HERCTXT.BIN",1063,"Various weapon types may be connected to these external mounts.  ","Various internal devices may be connected to these internal mounts.  ","",""
"HERCTXT.BIN",1064,"Various weapon types may be connected to these external mounts.  ","Various internal devices may be connected to these internal mounts.  ","",""
"HERCTXT.BIN",1065,"Various weapon types may be connected to these external mounts.  ","Various internal devices may be connected to these internal mounts.  ","",""
"HERCTXT.BIN",1066,"Various weapon types may be connected to these external mounts.  ","Various internal devices may be connected to these internal mounts.  ","",""
"HERCTXT.BIN",1067,"Various weapon types may be connected to these external mounts.  ","Various internal devices may be connected to these internal mounts.  ","",""
"HERCTXT.BIN",1068,"Various internal devices may be connected to these internal mounts.  ","","",""
"HERCTXT.BIN",1069,"Various internal devices may be connected to these internal mounts.  ","","",""
"HERCTXT.BIN",1070,"Various internal devices may be connected to these internal mounts.  ","","",""
"HERCTXT.BIN",1071,"Various internal devices may be connected to these internal mounts.  ","","",""
"HERCTXT.BIN",1072,"","Damage affects the ability to protect internal systems.  If the chassis is destroyed, the Herc is destroyed.","",""
"HERCTXT.BIN",1073,"Damage affects the ability to protect internal systems.  If the chassis is destroyed, the Herc is destroyed.","Damage affects the ability to protect Herc systems.  ","",""
"HERCTXT.BIN",1074,"Damage affects the ability to protect Herc systems.  ","Damage reduces movement.  ","",""
"HERCTXT.BIN",1075,"Damage reduces movement.  ","Damage affects the reactor output.  Destruction of the reactor will cause the Herc to be destroyed.  ","",""
"HERCTXT.BIN",1076,"Damage reduces movement.  ","Damage affects the reactor output.  Destruction of the reactor will cause the Herc to be destroyed.  ","",""
"HERCTXT.BIN",1077,"Damage reduces movement.  ","Damage affects the reactor output.  Destruction of the reactor will cause the Herc to be destroyed.  ","",""
"HERCTXT.BIN",1078,"Damage affects the reactor output.  Destruction of the reactor will cause the Herc to be destroyed.  ","Damage affects the maximum battery storage.  ","",""
"HERCTXT.BIN",1079,"Damage affects the maximum battery storage.  ","Damage affects the rate the shield recharges.  ","",""
"HERCTXT.BIN",1080,"Damage affects the rate the shield recharges.  ","Damage affects the sensor's range.  ","",""
"HERCTXT.BIN",1081,"Damage affects the sensor's range.  ","Damage affects the ability to target.  ","",""
"HERCTXT.BIN",1082,"Damage affects the ability to target.  ","Damage affects the ability to heal the pilot or protect the pilot from adverse planetary conditions.  ","",""
"HERCTXT.BIN",1083,"Damage affects the ability to heal the pilot or protect the pilot from adverse planetary conditions.  ","","",""
"HERCTXT.BIN",1084,"","Damage to any internal system may disable that system.  Internal devices continue working normally until they are disabled.  ","",""
"HERCTXT.BIN",1085,"","Damage to any internal system may disable that system.  Internal devices continue working normally until they are disabled.  ","",""
"HERCTXT.BIN",1086,"","Damage to any internal system may disable that system.  Internal devices continue working normally until they are disabled.  ","",""
"HERCTXT.BIN",1087,"","Damage to any internal system may disable that system.  Internal devices continue working normally until they are disabled.  ","",""
"HERCTXT.BIN",1088,"","Damage to any internal system may disable that system.  Internal devices continue working normally until they are disabled.  ","",""
"HERCTXT.BIN",1089,"","Damage to any internal system may disable that system.  Internal devices continue working normally until they are disabled.  ","",""
"HERCTXT.BIN",1090,"","Damage to any internal system may disable that system.  Internal devices continue working normally until they are disabled.  ","",""
"HERCTXT.BIN",1091,"","Damage to any internal system may disable that system.  Internal devices continue working normally until they are disabled.  ","",""
"HERCTXT.BIN",1092,"Damage to any internal system may disable that system.  Internal devices continue working normally until they are disabled.  ","","",""
"HERCTXT.BIN",1093,"Damage to any internal system may disable that system.  Internal devices continue working normally until they are disabled.  ","","",""
"HERCTXT.BIN",1094,"Damage to any internal system may disable that system.  Internal devices continue working normally until they are disabled.  ","","",""
"HERCTXT.BIN",1095,"Damage to any internal system may disable that system.  Internal devices continue working normally until they are disabled.  ","","",""
"HERCTXT.BIN",1096,"","Damage to this weapon reduces the chance to hit.  ","",""
"HERCTXT.BIN",1097,"Damage to this weapon reduces the chance to hit.  ","Damage to this weapon reduces the rate it may fire each turn.  ","",""
"HERCTXT.BIN",1098,"Damage to this weapon reduces the rate it may fire each turn.  ","Damage to this weapon reduces its maximum range.  ","",""
"HERCTXT.BIN",1099,"Damage to this weapon reduces its maximum range.  ","Damage to this weapon reduces its damage potential.  ","",""
"HERCTXT.BIN",1100,"Damage to this weapon reduces its damage potential.  ","","",""
"HERCTXT.BIN",1101,"","Chassis: ","",""
"HERCTXT.BIN",1102,"Chassis: ","Armor: ","",""
"HERCTXT.BIN",1103,"Armor: ","Drive: ","",""
"HERCTXT.BIN",1104,"Drive: ","L.Leg: ","",""
"HERCTXT.BIN",1105,"L.Leg: ","R.Leg: ","",""
"HERCTXT.BIN",1106,"R.Leg: ","Reactor: ","",""
"HERCTXT.BIN",1107,"Reactor: ","Battery: ","",""
"HERCTXT.BIN",1108,"Battery: ","Shield: ","",""
"HERCTXT.BIN",1109,"Shield: ","Sensor: ","",""
"HERCTXT.BIN",1110,"Sensor: ","TComputer: ","",""
"HERCTXT.BIN",1111,"TComputer: ","LifeSup: ","",""
"HERCTXT.BIN",1112,"LifeSup: ","","",""
"HERCTXT.BIN",1113,"","None","",""
"HERCTXT.BIN",1114,"","None","",""
"HERCTXT.BIN",1115,"","None","",""
"HERCTXT.BIN",1116,"","None","",""
"HERCTXT.BIN",1117,"","None","",""
"HERCTXT.BIN",1118,"","None","",""
"HERCTXT.BIN",1119,"","None","",""
"HERCTXT.BIN",1120,"","None","",""
"HERCTXT.BIN",1121,"","None","",""
"HERCTXT.BIN",1122,"","None","",""
"HERCTXT.BIN",1123,"","None","",""
"HERCTXT.BIN",1124,"","None","",""
"HERCTXT.BIN",1125,"None","Minimal","",""
"HERCTXT.BIN",1126,"Minimal","Low","",""
"HERCTXT.BIN",1127,"Minimal","Low","",""
"HERCTXT.BIN",1128,"Minimal","Low","",""
"HERCTXT.BIN",1129,"Minimal","Low","",""
"HERCTXT.BIN",1130,"Minimal","Low","",""
"HERCTXT.BIN",1131,"Minimal","Low","",""
"HERCTXT.BIN",1132,"Minimal","Low","",""
"HERCTXT.BIN",1133,"Minimal","Low","",""
"HERCTXT.BIN",1134,"Minimal","Low","",""
"HERCTXT.BIN",1135,"Minimal","Low","",""
"HERCTXT.BIN",1136,"Minimal","Low","",""
"HERCTXT.BIN",1137,"Minimal","Low","",""
"HERCTXT.BIN",1138,"Minimal","Low","",""
"HERCTXT.BIN",1139,"Minimal","Low","",""
"HERCTXT.BIN",1140,"Minimal","Low","",""
"HERCTXT.BIN",1141,"Minimal","Low","",""
"HERCTXT.BIN",1142,"Minimal","Low","",""
"HERCTXT.BIN",1143,"Minimal","Low","",""
"HERCTXT.BIN",1144,"Minimal","Low","",""
"HERCTXT.BIN",1145,"Minimal","Low","",""
"HERCTXT.BIN",1146,"Low","Medium","",""
"HERCTXT.BIN",1147,"Low","Medium","",""
"HERCTXT.BIN",1148,"Low","Medium","",""
"HERCTXT.BIN",1149,"Low","Medium","",""
"HERCTXT.BIN",1150,"Low","Medium","",""
"HERCTXT.BIN",1151,"Low","Medium","",""
"HERCTXT.BIN",1152,"Low","Medium","",""
"HERCTXT.BIN",1153,"Low","Medium","",""
"HERCTXT.BIN",1154,"Low","Medium","",""
"HERCTXT.BIN",1155,"Low","Medium","",""
"HERCTXT.BIN",1156,"Low","Medium","",""
"HERCTXT.BIN",1157,"Low","Medium","",""
"HERCTXT.BIN",1158,"Low","Medium","",""
"HERCTXT.BIN",1159,"Low","Medium","",""
"HERCTXT.BIN",1160,"Low","Medium","",""
"HERCTXT.BIN",1161,"Low","Medium","",""
"HERCTXT.BIN",1162,"Low","Medium","",""
"HERCTXT.BIN",1163,"Low","Medium","",""
"HERCTXT.BIN",1164,"Low","Medium","",""
"HERCTXT.BIN",1165,"Low","Medium","",""
"HERCTXT.BIN",1166,"Medium","High","",""
"HERCTXT.BIN",1167,"Medium","High","",""
"HERCTXT.BIN",1168,"Medium","High","",""
"HERCTXT.BIN",1169,"Medium","High","",""
"HERCTXT.BIN",1170,"Medium","High","",""
"HERCTXT.BIN",1171,"Medium","High","",""
"HERCTXT.BIN",1172,"Medium","High","",""
"HERCTXT.BIN",1173,"Medium","High","",""
"HERCTXT.BIN",1174,"Medium","High","",""
"HERCTXT.BIN",1175,"Medium","High","",""
"HERCTXT.BIN",1176,"Medium","High","",""
"HERCTXT.BIN",1177,"Medium","High","",""
"HERCTXT.BIN",1178,"Medium","High","",""
"HERCTXT.BIN",1179,"Medium","High","",""
"HERCTXT.BIN",1180,"Medium","High","",""
"HERCTXT.BIN",1181,"Medium","High","",""
"HERCTXT.BIN",1182,"Medium","High","",""
"HERCTXT.BIN",1183,"Medium","High","",""
"HERCTXT.BIN",1184,"Medium","High","",""
"HERCTXT.BIN",1185,"Medium","High","",""
"HERCTXT.BIN",1186,"High","Extreme","",""
"HERCTXT.BIN",1187,"High","Extreme","",""
"HERCTXT.BIN",1188,"High","Extreme","",""
"HERCTXT.BIN",1189,"High","Extreme","",""
"HERCTXT.BIN",1190,"High","Extreme","",""
"HERCTXT.BIN",1191,"High","Extreme","",""
"HERCTXT.BIN",1192,"High","Extreme","",""
"HERCTXT.BIN",1193,"High","Extreme","",""
"HERCTXT.BIN",1194,"High","Extreme","",""
"HERCTXT.BIN",1195,"High","Extreme","",""
"HERCTXT.BIN",1196,"High","Extreme","",""
"HERCTXT.BIN",1197,"High","Extreme","",""
"HERCTXT.BIN",1198,"High","Extreme","",""
"HERCTXT.BIN",1199,"High","Extreme","",""
"HERCTXT.BIN",1200,"High","Extreme","",""
"HERCTXT.BIN",1201,"High","Extreme","",""
"HERCTXT.BIN",1202,"High","Extreme","",""
"HERCTXT.BIN",1203,"High","Extreme","",""
"HERCTXT.BIN",1204,"High","Extreme","",""
"HERCTXT.BIN",1205,"High","Extreme","",""
"HERCTXT.BIN",1206,"Extreme","Strength rating: %d
","alt:param:number",""
"HERCTXT.BIN",1207,"Extreme","Strength rating: %d
","alt:param:number",""
"HERCTXT.BIN",1208,"Extreme","Strength rating: %d
","alt:param:number",""
"HERCTXT.BIN",1209,"Extreme","Strength rating: %d
","alt:param:number",""
"HERCTXT.BIN",1210,"Extreme","Strength rating: %d
","alt:param:number",""
"HERCTXT.BIN",1211,"Extreme","Strength rating: %d
","alt:param:number",""
"HERCTXT.BIN",1212,"Extreme","Strength rating: %d
","alt:param:number",""
"HERCTXT.BIN",1213,"Extreme","Strength rating: %d
","alt:param:number",""
"HERCTXT.BIN",1214,"Extreme","Strength rating: %d
","alt:param:number",""
"HERCTXT.BIN",1215,"Extreme","Strength rating: %d
","alt:param:number",""
"HERCTXT.BIN",1216,"Extreme","Strength rating: %d
","alt:param:number",""
"HERCTXT.BIN",1217,"Extreme","Strength rating: %d
","alt:param:number",""
"HERCTXT.BIN",1218,"Extreme","Strength rating: %d
","alt:param:number",""
"HERCTXT.BIN",1219,"Extreme","Strength rating: %d
","alt:param:number",""
"HERCTXT.BIN",1220,"Extreme","Strength rating: %d
","alt:param:number",""
"HERCTXT.BIN",1221,"Extreme","Strength rating: %d
","alt:param:number",""
"HERCTXT.BIN",1222,"Extreme","Strength rating: %d
","alt:param:number",""
"HERCTXT.BIN",1223,"Extreme","Strength rating: %d
","alt:param:number",""
"HERCTXT.BIN",1224,"Extreme","Strength rating: %d
","alt:param:number",""
"HERCTXT.BIN",1225,"Extreme","Strength rating: %d
","alt:param:number",""
"HERCTXT.BIN",1226,"Strength rating: %d
","Overall Armor Rating: %d
","param:number|alt:param:number",""
"HERCTXT.BIN",1227,"Overall Armor Rating: %d
","Movement Points: %d
","param:number|alt:param:number",""
"HERCTXT.BIN",1228,"Movement Points: %d
","Strength Rating: %d
","param:number|alt:param:number",""
"HERCTXT.BIN",1229,"Strength Rating: %d
","Power per turn: %d
","param:number|alt:param:number",""
"HERCTXT.BIN",1230,"Power per turn: %d
","Max Power Reserve: %d
","param:number|alt:param:number",""
"HERCTXT.BIN",1231,"Max Power Reserve: %d
","Max Shield Level: %d
Regeneration Rate: %d
Energy used per turn: %d
","param:number|alt:param:number",""
"HERCTXT.BIN",1232,"Max Shield Level: %d
Regeneration Rate: %d
Energy used per turn: %d
","Range Max: %d hexes
Ability to sense over obstacles: %s
Energy used per turn: %d
","param:number|alt:param:number",""
"HERCTXT.BIN",1233,"Range Max: %d hexes
Ability to sense over obstacles: %s
Energy used per turn: %d
","Ability to target distant: +%d %%
Ability to target obstructed: +%d %%
Energy used per turn: %d
","param:number|alt:param:number",""
"HERCTXT.BIN",1234,"Ability to target distant: +%d %%
Ability to target obstructed: +%d %%
Energy used per turn: %d
","Health per turn: +%d
Stability per turn: +%d
Detox per turn: +%d
Energy used per turn: %d
","param:number|alt:param:number",""
"HERCTXT.BIN",1235,"Health per turn: +%d
Stability per turn: +%d
Detox per turn: +%d
Energy used per turn: %d
","Max Range: %d
Max rounds per turn: %d
Energy cost to fire: %d
Damage vs. Shields: %d
Damage vs. Armor: %d
Penetrating damage: %d
Skill Required: %s
","param:number|alt:param:number",""
"HERCTXT.BIN",1236,"Max Range: %d
Max rounds per turn: %d
Energy cost to fire: %d
Damage vs. Shields: %d
Damage vs. Armor: %d
Penetrating damage: %d
Skill Required: %s
","","param:number",""
"HERCTXT.BIN",1237,"","Purchasing considerations:
--------------------------------------
","",""
"HERCTXT.BIN",1238,"Purchasing considerations:
--------------------------------------
","General information:
--------------------------------------
","",""
"HERCTXT.BIN",1239,"General information:
--------------------------------------
","Description:
--------------------------------------
","",""
"HERCTXT.BIN",1240,"Description:
--------------------------------------
","","",""
"HERCTXT.BIN",1241,"","","",""
"HERCTXT.BIN",1242,"","Energy auto-used each turn: %d of %d","alt:param:number",""
"HERCTXT.BIN",1243,"Energy auto-used each turn: %d of %d","Component would lower speed rating from %d to %d.","param:number|alt:param:number",""
"HERCTXT.BIN",1244,"Component would lower speed rating from %d to %d.","Component would raise speed rating from %d to %d.","param:number|alt:param:number",""
"HERCTXT.BIN",1245,"Component would raise speed rating from %d to %d.","Component will not affect the Herc's speed rating.","param:number",""
"HERCTXT.BIN",1246,"Component will not affect the Herc's speed rating.","Current power avail: %d
","alt:param:number",""
"HERCTXT.BIN",1247,"Current power avail: %d
","Current reserve power avail: %d
","param:number|alt:param:number",""
"HERCTXT.BIN",1248,"Current reserve power avail: %d
","Current shield level: %d
","param:number|alt:param:number",""
"HERCTXT.BIN",1249,"Current shield level: %d
","Current ammo: %d
","param:number|alt:param:number",""
"HERCTXT.BIN",1250,"Current ammo: %d
","Max ammo: %d
","param:number|alt:param:number",""
"HERCTXT.BIN",1251,"Max ammo: %d
","Current condition: %d %%","param:number|alt:param:number",""
"HERCTXT.BIN",1252,"Current condition: %d %%","NOTE: This weapon may be fired indirectly.
","param:number",""
"HERCTXT.BIN",1253,"NOTE: This weapon may be fired indirectly.
","NOTE: This weapon does damage to an area %d hexes in diameter.
","alt:param:number",""
"HERCTXT.BIN",1254,"NOTE: This weapon does damage to an area %d hexes in diameter.
","hex","param:number",""
"HERCTXT.BIN",1255,"hex","hexes","",""
"HERCTXT.BIN",1256,"hexes","","",""
"HERCTXT.BIN",1257,"","Mining devices are used to extract ore from the battlefield.","",""
"HERCTXT.BIN",1258,"Mining devices are used to extract ore from the battlefield.","Nanorepair pods are used to provide limited repair ability on the battlefield.","",""
"HERCTXT.BIN",1259,"Nanorepair pods are used to provide limited repair ability on the battlefield.","ECM (Electronic countermeasures) reduce your chance of being hit by an enemy.","",""
"HERCTXT.BIN",1260,"ECM (Electronic countermeasures) reduce your chance of being hit by an enemy.","Self-destruct devices detonate the reactor to cause a massive explosion.","",""
"HERCTXT.BIN",1261,"Self-destruct devices detonate the reactor to cause a massive explosion.","AntiGrav devices negate the effects of gravity, generally allowing it to travel farther with less energy.","",""
"HERCTXT.BIN",1262,"AntiGrav devices negate the effects of gravity, generally allowing it to travel farther with less energy.","","",""
"HERCTXT.BIN",1263,"","","",""
"HERCTXT.BIN",1264,"","","",""
"HERCTXT.BIN",1265,"","These boosters raise the effective operating level of a particular component.","",""
"HERCTXT.BIN",1266,"These boosters raise the effective operating level of a particular component.","A Resupply system sends a small drone to the Herc Carrier.  They return with more ammunition.  They take a large amount of energy (which is increased by range to the Carrier), have limited range, and may only be activated a limited number of times.","",""
"HERCTXT.BIN",1267,"A Resupply system sends a small drone to the Herc Carrier.  They return with more ammunition.  They take a large amount of energy (which is increased by range to the Carrier), have limited range, and may only be activated a limited number of times.","xxx","",""
"HERCTXT.BIN",1268,"xxx","xxx","",""
"HERCTXT.BIN",1269,"xxx","System is ready!","",""
"HERCTXT.BIN",1270,"System is ready!","System is active!","",""
"HERCTXT.BIN",1271,"System is active!","Perfect","",""
"HERCTXT.BIN",1272,"Perfect","Very good","",""
"HERCTXT.BIN",1273,"Very good","Fair","",""
"HERCTXT.BIN",1274,"Fair","Poor","",""
"HERCTXT.BIN",1275,"Poor","None","",""
"HERCTXT.BIN",1276,"None","","",""
"HERCTXT.BIN",1277,"","A higher strength rating increases resilience.","",""
"HERCTXT.BIN",1278,"A higher strength rating increases resilience.","Armor protects all Herc components","",""
"HERCTXT.BIN",1279,"Armor protects all Herc components","A higher drive rating yields more movement.","",""
"HERCTXT.BIN",1280,"A higher drive rating yields more movement.","A higher strength rating increases resilience.","",""
"HERCTXT.BIN",1281,"A higher strength rating increases resilience.","Energy output is used to power all Herc systems.","",""
"HERCTXT.BIN",1282,"A higher strength rating increases resilience.","Energy output is used to power all Herc systems.","",""
"HERCTXT.BIN",1283,"Energy output is used to power all Herc systems.","Reserve energy is stored in batteries.","",""
"HERCTXT.BIN",1284,"Reserve energy is stored in batteries.","Current Shield Level is the current overall shield strength.
Max Shield Level is the shield strength when undamaged.
Regeneration Rate is the amount of shield power restored to the Shield Level each turn, assuming perfect operating condition.
Energy used per turn is the reactor power that will be automatically used to power the shields at full capacity.
","",""
"HERCTXT.BIN",1285,"Current Shield Level is the current overall shield strength.
Max Shield Level is the shield strength when undamaged.
Regeneration Rate is the amount of shield power restored to the Shield Level each turn, assuming perfect operating condition.
Energy used per turn is the reactor power that will be automatically used to power the shields at full capacity.
","Range Max is the maximum number of hexes of visibility the system offers.
Indirect Visibility Capability is the overall ability of the sensor to see objects that are not in direct line of sight.
Energy used per turn is the reactor power that will be automatically used to power the sensors at full capacity.
","",""
"HERCTXT.BIN",1286,"Range Max is the maximum number of hexes of visibility the system offers.
Indirect Visibility Capability is the overall ability of the sensor to see objects that are not in direct line of sight.
Energy used per turn is the reactor power that will be automatically used to power the sensors at full capacity.
","Ability to Target Distant is the percentage added to the firing unit's hit chance when firing at an enemy unit further away than one hex.
Ability to Target Obstructed is the percentage added to the firing unit's hit chance when firing at a partially obscured target.
Energy used per turn is the reactor power that will be automatically used to power the computer at full capacity.
","",""
"HERCTXT.BIN",1287,"Ability to Target Distant is the percentage added to the firing unit's hit chance when firing at an enemy unit further away than one hex.
Ability to Target Obstructed is the percentage added to the firing unit's hit chance when firing at a partially obscured target.
Energy used per turn is the reactor power that will be automatically used to power the computer at full capacity.
","Health per turn is the number of health points restored to a Bioderm per turn by the life support system.
Stability per turn is the number of stability points restored to a Bioderm per turn by the life support system.
Detox per turn is the number of toxin points removed from a Bioderm per turn by the life support system.
Energy used per turn is the power that will be automatically used to power the life support system at full capacity.
","",""
"HERCTXT.BIN",1288,"Health per turn is the number of health points restored to a Bioderm per turn by the life support system.
Stability per turn is the number of stability points restored to a Bioderm per turn by the life support system.
Detox per turn is the number of toxin points removed from a Bioderm per turn by the life support system.
Energy used per turn is the power that will be automatically used to power the life support system at full capacity.
","Max Range is the total number of hexes the weapon can fire.
Max Rounds per turn is the number of times the weapon can fire each turn.  Note that some weapons fire bursts of shots with one 'firing' action.
Energy Cost to Fire is the total cost in reactor or battery power to fire the weapon once.
Damage vs. Shields is the damage the weapon inflicts on the facing shield side of a target.
Damage vs. Armor is the damage the weapon inflicts on a target's armor if allowed to strike the armor without first striking an obstructing shield.
Penetrating Damage is the amount of damage that can pass through an active shield face.
Skill Required is the Bioderm weapon skill category used in targeting and firing the weapon.  Higher skill levels will increase the chance of a hitting a target.
Max Ammo is the total ammunition capacity of the Herc for that individual weapon.  Each weapon is supplied by separate ammunition.
Current Ammo is the remaining number of shots for that weapon.
","",""
"HERCTXT.BIN",1289,"Max Range is the total number of hexes the weapon can fire.
Max Rounds per turn is the number of times the weapon can fire each turn.  Note that some weapons fire bursts of shots with one 'firing' action.
Energy Cost to Fire is the total cost in reactor or battery power to fire the weapon once.
Damage vs. Shields is the damage the weapon inflicts on the facing shield side of a target.
Damage vs. Armor is the damage the weapon inflicts on a target's armor if allowed to strike the armor without first striking an obstructing shield.
Penetrating Damage is the amount of damage that can pass through an active shield face.
Skill Required is the Bioderm weapon skill category used in targeting and firing the weapon.  Higher skill levels will increase the chance of a hitting a target.
Max Ammo is the total ammunition capacity of the Herc for that individual weapon.  Each weapon is supplied by separate ammunition.
Current Ammo is the remaining number of shots for that weapon.
","","",""
"HERCTXT.BIN",1290,"Max Range is the total number of hexes the weapon can fire.
Max Rounds per turn is the number of times the weapon can fire each turn.  Note that some weapons fire bursts of shots with one 'firing' action.
Energy Cost to Fire is the total cost in reactor or battery power to fire the weapon once.
Damage vs. Shields is the damage the weapon inflicts on the facing shield side of a target.
Damage vs. Armor is the damage the weapon inflicts on a target's armor if allowed to strike the armor without first striking an obstructing shield.
Penetrating Damage is the amount of damage that can pass through an active shield face.
Skill Required is the Bioderm weapon skill category used in targeting and firing the weapon.  Higher skill levels will increase the chance of a hitting a target.
Max Ammo is the total ammunition capacity of the Herc for that individual weapon.  Each weapon is supplied by separate ammunition.
Current Ammo is the remaining number of shots for that weapon.
","","",""
"HERCTXT.BIN",1291,"Max Range is the total number of hexes the weapon can fire.
Max Rounds per turn is the number of times the weapon can fire each turn.  Note that some weapons fire bursts of shots with one 'firing' action.
Energy Cost to Fire is the total cost in reactor or battery power to fire the weapon once.
Damage vs. Shields is the damage the weapon inflicts on the facing shield side of a target.
Damage vs. Armor is the damage the weapon inflicts on a target's armor if allowed to strike the armor without first striking an obstructing shield.
Penetrating Damage is the amount of damage that can pass through an active shield face.
Skill Required is the Bioderm weapon skill category used in targeting and firing the weapon.  Higher skill levels will increase the chance of a hitting a target.
Max Ammo is the total ammunition capacity of the Herc for that individual weapon.  Each weapon is supplied by separate ammunition.
Current Ammo is the remaining number of shots for that weapon.
","","",""
"HERCTXT.BIN",1292,"Max Range is the total number of hexes the weapon can fire.
Max Rounds per turn is the number of times the weapon can fire each turn.  Note that some weapons fire bursts of shots with one 'firing' action.
Energy Cost to Fire is the total cost in reactor or battery power to fire the weapon once.
Damage vs. Shields is the damage the weapon inflicts on the facing shield side of a target.
Damage vs. Armor is the damage the weapon inflicts on a target's armor if allowed to strike the armor without first striking an obstructing shield.
Penetrating Damage is the amount of damage that can pass through an active shield face.
Skill Required is the Bioderm weapon skill category used in targeting and firing the weapon.  Higher skill levels will increase the chance of a hitting a target.
Max Ammo is the total ammunition capacity of the Herc for that individual weapon.  Each weapon is supplied by separate ammunition.
Current Ammo is the remaining number of shots for that weapon.
","","",""
"HERCTXT.BIN",1293,"Max Range is the total number of hexes the weapon can fire.
Max Rounds per turn is the number of times the weapon can fire each turn.  Note that some weapons fire bursts of shots with one 'firing' action.
Energy Cost to Fire is the total cost in reactor or battery power to fire the weapon once.
Damage vs. Shields is the damage the weapon inflicts on the facing shield side of a target.
Damage vs. Armor is the damage the weapon inflicts on a target's armor if allowed to strike the armor without first striking an obstructing shield.
Penetrating Damage is the amount of damage that can pass through an active shield face.
Skill Required is the Bioderm weapon skill category used in targeting and firing the weapon.  Higher skill levels will increase the chance of a hitting a target.
Max Ammo is the total ammunition capacity of the Herc for that individual weapon.  Each weapon is supplied by separate ammunition.
Current Ammo is the remaining number of shots for that weapon.
","","",""
"HERCTXT.BIN",1294,"Max Range is the total number of hexes the weapon can fire.
Max Rounds per turn is the number of times the weapon can fire each turn.  Note that some weapons fire bursts of shots with one 'firing' action.
Energy Cost to Fire is the total cost in reactor or battery power to fire the weapon once.
Damage vs. Shields is the damage the weapon inflicts on the facing shield side of a target.
Damage vs. Armor is the damage the weapon inflicts on a target's armor if allowed to strike the armor without first striking an obstructing shield.
Penetrating Damage is the amount of damage that can pass through an active shield face.
Skill Required is the Bioderm weapon skill category used in targeting and firing the weapon.  Higher skill levels will increase the chance of a hitting a target.
Max Ammo is the total ammunition capacity of the Herc for that individual weapon.  Each weapon is supplied by separate ammunition.
Current Ammo is the remaining number of shots for that weapon.
","","",""
"HERCTXT.BIN",1295,"Max Range is the total number of hexes the weapon can fire.
Max Rounds per turn is the number of times the weapon can fire each turn.  Note that some weapons fire bursts of shots with one 'firing' action.
Energy Cost to Fire is the total cost in reactor or battery power to fire the weapon once.
Damage vs. Shields is the damage the weapon inflicts on the facing shield side of a target.
Damage vs. Armor is the damage the weapon inflicts on a target's armor if allowed to strike the armor without first striking an obstructing shield.
Penetrating Damage is the amount of damage that can pass through an active shield face.
Skill Required is the Bioderm weapon skill category used in targeting and firing the weapon.  Higher skill levels will increase the chance of a hitting a target.
Max Ammo is the total ammunition capacity of the Herc for that individual weapon.  Each weapon is supplied by separate ammunition.
Current Ammo is the remaining number of shots for that weapon.
","","",""
"HERCTXT.BIN",1296,"Max Range is the total number of hexes the weapon can fire.
Max Rounds per turn is the number of times the weapon can fire each turn.  Note that some weapons fire bursts of shots with one 'firing' action.
Energy Cost to Fire is the total cost in reactor or battery power to fire the weapon once.
Damage vs. Shields is the damage the weapon inflicts on the facing shield side of a target.
Damage vs. Armor is the damage the weapon inflicts on a target's armor if allowed to strike the armor without first striking an obstructing shield.
Penetrating Damage is the amount of damage that can pass through an active shield face.
Skill Required is the Bioderm weapon skill category used in targeting and firing the weapon.  Higher skill levels will increase the chance of a hitting a target.
Max Ammo is the total ammunition capacity of the Herc for that individual weapon.  Each weapon is supplied by separate ammunition.
Current Ammo is the remaining number of shots for that weapon.
","","",""
"HERCTXT.BIN",1297,"","","",""
"HERCTXT.BIN",1298,"","","",""
"HERCTXT.BIN",1299,"","","",""
"HERCTXT.BIN",1300,"","","",""
"MINIMENU.BIN",30001,"Save the current game state","Load a saved game","",""
"MINIMENU.BIN",30002,"Load a saved game","Re-save the game in the last-saved slot","",""
"MINIMENU.BIN",30003,"Re-save the game in the last-saved slot","Re-load the game from the last-saved slot","",""
"MINIMENU.BIN",30004,"Re-load the game from the last-saved slot","View or change the game preferences","",""
"MINIMENU.BIN",30005,"View or change the game preferences","Exit to Windows","",""
"MINIMENU.BIN",30006,"Exit to Windows","Give control to the next Bioderm","",""
"MINIMENU.BIN",30100,"View Movement information","View Targeting information","",""
"MINIMENU.BIN",30101,"View Targeting information","View Bioderm information","",""
"MINIMENU.BIN",30104,"View Shield information","View all world combat effects","",""
"MINIMENU.BIN",30106,"View Bioderm information","View Herc information","",""
"MINIMENU.BIN",30107,"View Herc information","View Shield information","",""
"MINIMENU.BIN",30108,"View all world combat effects","End this turn","",""
"MINIMENU.BIN",30130,"Give control to the next Bioderm","Give control to the previous Bioderm","",""
"MINIMENU.BIN",30131,"Give control to the previous Bioderm","Pick a specific Bioderm to give control","",""
"MINIMENU.BIN",30133,"End this turn","Leave this Battle & return to Base","",""
"MINIMENU.BIN",30134,"Leave this Battle & return to Base","Jump to the Main Herc Base area","",""
"MINIMENU.BIN",30202,"Jump to the Main Herc Base area","Jump to the Bioderm Facility","",""
"MINIMENU.BIN",30203,"Jump to the Bioderm Facility","Jump to the Herc Bay","",""
"MINIMENU.BIN",30204,"Jump to the Herc Bay","Jump to the Herc Command Center","",""
"MINIMENU.BIN",30205,"Jump to the Herc Command Center","Jump to the Commander information area","",""
"MINIMENU.BIN",30206,"Jump to the Commander information area","Jump to the Corporate Database retrieval area","",""
"MINIMENU.BIN",30207,"Jump to the Corporate Database retrieval area","Get help on the current subject","",""
"MINIMENU.BIN",30300,"Get help on the current subject","View help: Table of contents","",""
"MINIMENU.BIN",30301,"View help: Table of contents","View help: Game Tutorial","",""
"MINIMENU.BIN",30302,"View help: Game Tutorial","View help: Quick Game Reference","",""
"MINIMENU.BIN",30303,"View help: Quick Game Reference","Using Help","",""
"MINIMENU.BIN",30305,"Using Help","Get information about this program","",""
"MINIMENU.BIN",30306,"Get information about this program","","",""
"MINIMENU.BIN",30307,"","","",""
"MINIMENU.BIN",30500,"Pick a specific Bioderm to give control","View Movement information","",""
"MINISIM.BIN",101,"Select MOVE menu","Select FIRE menu","",""
"MINISIM.BIN",102,"Select FIRE menu","Select INTERNALS menu","",""
"MINISIM.BIN",103,"Select INTERNALS menu","Select SHIELDS menu","",""
"MINISIM.BIN",104,"Select SHIELDS menu","View Herc damage","",""
"MINISIM.BIN",105,"View Herc damage","Shows current Herc name","",""
"MINISIM.BIN",106,"Shows current Herc name","View pilot status","",""
"MINISIM.BIN",107,"View pilot status","Shows current pilot","",""
"MINISIM.BIN",108,"Shows current pilot","Select previous unit","",""
"MINISIM.BIN",109,"Select previous unit","Select next unit","",""
"MINISIM.BIN",110,"Select next unit","Mark this unit as done for their turn","",""
"MINISIM.BIN",111,"Mark this unit as done for their turn","End entire turn","",""
"MINISIM.BIN",112,"End entire turn","Shows available battery energy","",""
"MINISIM.BIN",113,"Shows available battery energy","Shows available reactor energy","",""
"MINISIM.BIN",114,"Shows available reactor energy","Shows Bioderm status levels","",""
"MINISIM.BIN",115,"Shows Bioderm status levels","NOTE: No hex selected","",""
"MINISIM.BIN",119,"NOTE: No hex selected","Pick a Herc to control","",""
"MINISIM.BIN",120,"Pick a Herc to control","Select a movement path","",""
"MINISIM.BIN",121,"Select a movement path","Move to this location","",""
"MINISIM.BIN",122,"Move to this location","Target this location","",""
"MINISIM.BIN",123,"Target this location","Fire at this location","",""
"MINISIM.BIN",125,"Fire at this location","Scroll map","",""
"MINISIM.BIN",127,"Scroll map","Clear the message","",""
"MINISIM.BIN",136,"Clear the message","Enter the Herc Carrier","",""
"MINISIM.BIN",137,"Enter the Herc Carrier","Click and Drag to scroll map","",""
"MINISIM.BIN",201,"Click and Drag to scroll map","Rotate map counterclockwise","",""
"MINISIM.BIN",202,"Rotate map counterclockwise","Rotate map clockwise","",""
"MINISIM.BIN",203,"Rotate map clockwise","Zoom out from map","",""
"MINISIM.BIN",204,"Zoom out from map","Zoom in to map","",""
"MINISIM.BIN",205,"Zoom in to map","Rotate Herc counterclockwise","",""
"MINISIM.BIN",302,"Click and Drag mouse to control rotation","This area shows core structural components","",""
"MINISIM.BIN",304,"Shows the state of a Herc component","Shows the overall Herc status","",""
"MINISIM.BIN",305,"Shows the state of a Herc component","Shows the overall Herc status","",""
"MINISIM.BIN",306,"Shows the state of a Herc component","Shows the overall Herc status","",""
"MINISIM.BIN",307,"Shows the state of a Herc component","Shows the overall Herc status","",""
"MINISIM.BIN",308,"Shows the state of a Herc component","Shows the overall Herc status","",""
"MINISIM.BIN",309,"Shows the state of a Herc component","Shows the overall Herc status","",""
"MINISIM.BIN",310,"Shows the state of a Herc component","Shows the overall Herc status","",""
"MINISIM.BIN",311,"Shows the state of a Herc component","Shows the overall Herc status","",""
"MINISIM.BIN",312,"Shows the state of a Herc component","Shows the overall Herc status","",""
"MINISIM.BIN",313,"Shows the state of a Herc component","Shows the overall Herc status","",""
"MINISIM.BIN",314,"Shows the state of a Herc component","Shows the overall Herc status","",""
"MINISIM.BIN",315,"Shows the state of a Herc component","Shows the overall Herc status","",""
"MINISIM.BIN",316,"Shows the state of a Herc component","Shows the overall Herc status","",""
"MINISIM.BIN",317,"Shows the state of a Herc component","Shows the overall Herc status","",""
"MINISIM.BIN",318,"Shows the state of a Herc component","Shows the overall Herc status","",""
"MINISIM.BIN",319,"Shows the state of a Herc component","Shows the overall Herc status","",""
"MINISIM.BIN",320,"Shows the state of a Herc component","Shows the overall Herc status","",""
"MINISIM.BIN",321,"Shows the state of a Herc component","Shows the overall Herc status","",""
"MINISIM.BIN",322,"Shows the state of a Herc component","Shows the overall Herc status","",""
"MINISIM.BIN",323,"Shows the state of a Herc component","Shows the overall Herc status","",""
"MINISIM.BIN",324,"Shows the state of a Herc component","Shows the overall Herc status","",""
"MINISIM.BIN",325,"Shows the state of a Herc component","Shows the overall Herc status","",""
"MINISIM.BIN",326,"Shows the state of a Herc component","Shows the overall Herc status","",""
"MINISIM.BIN",327,"Shows the overall Herc status","Showing chance to hit components from an angle","",""
"MINISIM.BIN",328,"Select the previous Herc","Select the next Herc","",""
"MINISIM.BIN",329,"Select the next Herc","Click and Drag mouse to control rotation","",""
"MINISIM.BIN",330,"Return to combat","Select the previous Herc","",""
"MINISIM.BIN",331,"This area shows core structural components","This area shows fundamental Herc systems","",""
"MINISIM.BIN",332,"This area shows fundamental Herc systems","This area shows the contents of all weapon slots","",""
"MINISIM.BIN",333,"This area shows the contents of all weapon slots","This area shows the contents of all internal upgrades","",""
"MINISIM.BIN",334,"This area shows the contents of all internal upgrades","Shows the state of a Herc component","",""
"MINISIM.BIN",336,"Showing chance to hit components from an angle","---------------------------------------------------------------------------------------------","",""
"MINISIM.BIN",339,"---------------------------------------------------------------------------------------------","NOTE: Component not repairable!","",""
"MINISIM.BIN",340,"---------------------------------------------------------------------------------------------","NOTE: Component not repairable!","",""
"MINISIM.BIN",341,"---------------------------------------------------------------------------------------------","NOTE: Component not repairable!","",""
"MINISIM.BIN",342,"---------------------------------------------------------------------------------------------","NOTE: Component not repairable!","",""
"MINISIM.BIN",343,"---------------------------------------------------------------------------------------------","NOTE: Component not repairable!","",""
"MINISIM.BIN",344,"---------------------------------------------------------------------------------------------","NOTE: Component not repairable!","",""
"MINISIM.BIN",345,"---------------------------------------------------------------------------------------------","NOTE: Component not repairable!","",""
"MINISIM.BIN",346,"---------------------------------------------------------------------------------------------","NOTE: Component not repairable!","",""
"MINISIM.BIN",347,"---------------------------------------------------------------------------------------------","NOTE: Component not repairable!","",""
"MINISIM.BIN",348,"---------------------------------------------------------------------------------------------","NOTE: Component not repairable!","",""
"MINISIM.BIN",349,"---------------------------------------------------------------------------------------------","NOTE: Component not repairable!","",""
"MINISIM.BIN",350,"---------------------------------------------------------------------------------------------","NOTE: Component not repairable!","",""
"MINISIM.BIN",351,"---------------------------------------------------------------------------------------------","NOTE: Component not repairable!","",""
"MINISIM.BIN",352,"---------------------------------------------------------------------------------------------","NOTE: Component not repairable!","",""
"MINISIM.BIN",353,"---------------------------------------------------------------------------------------------","NOTE: Component not repairable!","",""
"MINISIM.BIN",354,"---------------------------------------------------------------------------------------------","NOTE: Component not repairable!","",""
"MINISIM.BIN",355,"---------------------------------------------------------------------------------------------","NOTE: Component not repairable!","",""
"MINISIM.BIN",356,"---------------------------------------------------------------------------------------------","NOTE: Component not repairable!","",""
"MINISIM.BIN",357,"---------------------------------------------------------------------------------------------","NOTE: Component not repairable!","",""
"MINISIM.BIN",358,"---------------------------------------------------------------------------------------------","NOTE: Component not repairable!","",""
"MINISIM.BIN",359,"---------------------------------------------------------------------------------------------","NOTE: Component not repairable!","",""
"MINISIM.BIN",360,"---------------------------------------------------------------------------------------------","NOTE: Component not repairable!","",""
"MINISIM.BIN",361,"---------------------------------------------------------------------------------------------","NOTE: Component not repairable!","",""
"MINISIM.BIN",362,"---------------------------------------------------------------------------------------------","NOTE: Component not repairable!","",""
"MINISIM.BIN",363,"NOTE: Component not repairable!","Bioderm attributes","",""
"MINISIM.BIN",364,"NOTE: Component not repairable!","Bioderm attributes","",""
"MINISIM.BIN",365,"NOTE: Component not repairable!","Bioderm attributes","",""
"MINISIM.BIN",366,"NOTE: Component not repairable!","Bioderm attributes","",""
"MINISIM.BIN",367,"NOTE: Component not repairable!","Bioderm attributes","",""
"MINISIM.BIN",368,"NOTE: Component not repairable!","Bioderm attributes","",""
"MINISIM.BIN",369,"NOTE: Component not repairable!","Bioderm attributes","",""
"MINISIM.BIN",370,"NOTE: Component not repairable!","Bioderm attributes","",""
"MINISIM.BIN",371,"NOTE: Component not repairable!","Bioderm attributes","",""
"MINISIM.BIN",372,"NOTE: Component not repairable!","Bioderm attributes","",""
"MINISIM.BIN",373,"NOTE: Component not repairable!","Bioderm attributes","",""
"MINISIM.BIN",374,"NOTE: Component not repairable!","Bioderm attributes","",""
"MINISIM.BIN",375,"NOTE: Component not repairable!","Bioderm attributes","",""
"MINISIM.BIN",376,"NOTE: Component not repairable!","Bioderm attributes","",""
"MINISIM.BIN",377,"NOTE: Component not repairable!","Bioderm attributes","",""
"MINISIM.BIN",378,"NOTE: Component not repairable!","Bioderm attributes","",""
"MINISIM.BIN",379,"NOTE: Component not repairable!","Bioderm attributes","",""
"MINISIM.BIN",380,"NOTE: Component not repairable!","Bioderm attributes","",""
"MINISIM.BIN",381,"NOTE: Component not repairable!","Bioderm attributes","",""
"MINISIM.BIN",382,"NOTE: Component not repairable!","Bioderm attributes","",""
"MINISIM.BIN",383,"NOTE: Component not repairable!","Bioderm attributes","",""
"MINISIM.BIN",384,"NOTE: Component not repairable!","Bioderm attributes","",""
"MINISIM.BIN",385,"NOTE: Component not repairable!","Bioderm attributes","",""
"MINISIM.BIN",386,"NOTE: Component not repairable!","Bioderm attributes","",""
"MINISIM.BIN",401,"Bioderm attributes","Life Support effects","",""
"MINISIM.BIN",402,"Life Support effects","Rank of Bioderm","",""
"MINISIM.BIN",403,"Rank of Bioderm","Age of Bioderm","",""
"MINISIM.BIN",404,"Age of Bioderm","Piloting aids movement and defense","",""
"MINISIM.BIN",405,"Piloting aids movement and defense","Skill with standard energy weapons","",""
"MINISIM.BIN",406,"Skill with standard energy weapons","Skill with missiles","",""
"MINISIM.BIN",407,"Skill with missiles","Skill with cannons","",""
"MINISIM.BIN",408,"Skill with cannons","Skill with plasma weapons","",""
"MINISIM.BIN",409,"Skill with plasma weapons","Skill with electron flux weapons","",""
"MINISIM.BIN",410,"Skill with electron flux weapons","Skill with advanced technology weapons","",""
"MINISIM.BIN",411,"Skill with advanced technology weapons","Amount of Command stabilization","",""
"MINISIM.BIN",412,"Amount of Command stabilization","Current Health/Maximum Health","",""
"MINISIM.BIN",413,"Current Health/Maximum Health","Current Stability/Maximum Stability","",""
"MINISIM.BIN",414,"Current Stability/Maximum Stability","Amount of Toxin buildup","",""
"MINISIM.BIN",415,"Amount of Toxin buildup","Name of this Bioderm","",""
"MINISIM.BIN",416,"Name of this Bioderm","Return to combat","",""
"MINISIM.BIN",417,"Select the previous pilot","Select the next pilot","",""
"MINISIM.BIN",418,"Select the next pilot","Administer ""Jackup"" StimGland","",""
"MINISIM.BIN",419,"Return to combat","Select the previous pilot","",""
"MINISIM.BIN",420,"Administer ""Jackup"" StimGland","Administer ""Placidex"" StimGland","",""
"MINISIM.BIN",421,"Administer ""Placidex"" StimGland","Shows Life Support system statistics","",""
"MINISIM.BIN",423,"Shows Life Support system statistics","Depiction shows the Bioderm's Stability","",""
"MINISIM.BIN",424,"Depiction shows the Bioderm's Stability","Bioderm Health","",""
"MINISIM.BIN",425,"Bioderm Health","Bioderm Stability","",""
"MINISIM.BIN",426,"Bioderm Stability","Bioderm Toxin level","",""
"MINISIM.BIN",427,"Bioderm Toxin level","Health warning indicator","",""
"MINISIM.BIN",428,"Health warning indicator","Instability threshold warning indicator","",""
"MINISIM.BIN",429,"Instability threshold warning indicator","Toxin threshold warning indicator","",""
"MINISIM.BIN",430,"Toxin threshold warning indicator","Select MOVE menu","",""
"MINISIM.BIN",501,"Rotate Herc counterclockwise","Rotate Herc clockwise","",""
"MINISIM.BIN",502,"Rotate Herc clockwise","Move Herc forward","",""
"MINISIM.BIN",503,"Move Herc forward","Stop movement","",""
"MINISIM.BIN",504,"Stop movement","Crouch defensively","",""
"MINISIM.BIN",505,"Crouch defensively","Stand from any crouch","",""
"MINISIM.BIN",506,"Stand from any crouch","Continue any unfinished movement","",""
"MINISIM.BIN",507,"Continue any unfinished movement","Continue any unfinished movement (all units)","",""
"MINISIM.BIN",508,"Continue any unfinished movement (all units)","Follows last move order","",""
"MINISIM.BIN",509,"Follows last move order","Fire weapon!","",""
"MINISIM.BIN",601,"Select an internal system","Shows statistics about this terrain","",""
"MINISIM.BIN",602,"Select an internal system","Shows statistics about this terrain","",""
"MINISIM.BIN",603,"Select an internal system","Shows statistics about this terrain","",""
"MINISIM.BIN",604,"Select an internal system","Shows statistics about this terrain","",""
"MINISIM.BIN",701,"Fire weapon!","Mark weapon availability for return fire","",""
"MINISIM.BIN",702,"Fire weapon!","Mark weapon availability for return fire","",""
"MINISIM.BIN",703,"Fire weapon!","Mark weapon availability for return fire","",""
"MINISIM.BIN",704,"Fire weapon!","Mark weapon availability for return fire","",""
"MINISIM.BIN",705,"Fire weapon!","Mark weapon availability for return fire","",""
"MINISIM.BIN",706,"Fire weapon!","Mark weapon availability for return fire","",""
"MINISIM.BIN",707,"Fire weapon!","Mark weapon availability for return fire","",""
"MINISIM.BIN",708,"Fire weapon!","Mark weapon availability for return fire","",""
"MINISIM.BIN",709,"Mark weapon availability for return fire","Shows any known intelligence info","",""
"MINISIM.BIN",710,"Mark weapon availability for return fire","Shows any known intelligence info","",""
"MINISIM.BIN",711,"Mark weapon availability for return fire","Shows any known intelligence info","",""
"MINISIM.BIN",712,"Mark weapon availability for return fire","Shows any known intelligence info","",""
"MINISIM.BIN",713,"Mark weapon availability for return fire","Shows any known intelligence info","",""
"MINISIM.BIN",714,"Mark weapon availability for return fire","Shows any known intelligence info","",""
"MINISIM.BIN",715,"Mark weapon availability for return fire","Shows any known intelligence info","",""
"MINISIM.BIN",716,"Mark weapon availability for return fire","Shows any known intelligence info","",""
"MINISIM.BIN",717,"Shows any known intelligence info","","",""
"MINISIM.BIN",724,"","Cannot fire: No weapon in slot!","",""
"MINISIM.BIN",725,"Cannot fire: No weapon in slot!","Cannot fire: No target selected!","",""
"MINISIM.BIN",726,"Cannot fire: No target selected!","Cannot fire: Weapon is Broken!","",""
"MINISIM.BIN",727,"Cannot fire: Weapon is Broken!","Cannot fire: Reloading!","",""
"MINISIM.BIN",728,"Cannot fire: Reloading!","Cannot fire: Recharging!","",""
"MINISIM.BIN",729,"Cannot fire: Recharging!","Cannot fire: Out of ammo!","",""
"MINISIM.BIN",730,"Cannot fire: Out of ammo!","Cannot fire: Out of energy!","",""
"MINISIM.BIN",731,"Cannot fire: Out of energy!","Cannot fire: Out of range!","",""
"MINISIM.BIN",732,"Cannot fire: Out of range!","Cannot fire: Target blocked","",""
"MINISIM.BIN",733,"Cannot fire: Target blocked","Cannot fire: Bioderm cannot function!","",""
"MINISIM.BIN",734,"Cannot fire: Bioderm cannot function!","Cannot fire: Adverse planet conditions!","",""
"MINISIM.BIN",735,"Cannot fire: Adverse planet conditions!","Cannot fire while moving!","",""
"MINISIM.BIN",736,"Cannot fire while moving!","---------------------------------------------------------------------------","",""
"MINISIM.BIN",737,"---------------------------------------------------------------------------","Shows current shield strength","",""
"MINISIM.BIN",738,"---------------------------------------------------------------------------","Shows current shield strength","",""
"MINISIM.BIN",739,"---------------------------------------------------------------------------","Shows current shield strength","",""
"MINISIM.BIN",740,"---------------------------------------------------------------------------","Shows current shield strength","",""
"MINISIM.BIN",741,"---------------------------------------------------------------------------","Shows current shield strength","",""
"MINISIM.BIN",742,"---------------------------------------------------------------------------","Shows current shield strength","",""
"MINISIM.BIN",743,"---------------------------------------------------------------------------","Shows current shield strength","",""
"MINISIM.BIN",744,"---------------------------------------------------------------------------","Shows current shield strength","",""
"MINISIM.BIN",801,"Shows current shield strength","Adjust the shield facing","",""
"MINISIM.BIN",802,"Equalize shield power to all sides","Select an internal system","",""
"MINISIM.BIN",803,"Adjust the shield facing","Equalize shield power to all sides","",""
"MINISIM.BIN",901,"Shows your status during enemy turns","Shows the status of one of your units","",""
"MINISIM.BIN",905,"Shows the status of one of your units","Shows information about last attack","",""
"MINISIM.BIN",906,"Shows information about last attack","Return to General Menu","",""
"MINISIM.BIN",1002,"Shows statistics about this terrain","Shows terrain contents","",""
"MINISIM.BIN",1003,"Shows terrain contents","Shows information about the planet","",""
"MINISIM.BIN",1401,"Shows information about the planet","Shows your status during enemy turns","",""
"MINISIM.BIN",1402,"Shows information about the planet","Shows your status during enemy turns","",""
"MINISIM.BIN",1501,"Return to General Menu","","",""
"MINISIM.BIN",1502,"","Shows battle statistics","",""
"MINISIM.BIN",1503,"Shows battle statistics","","",""
"MINISIM.BIN",1504,"","","",""
"MINISH.BIN",101,"Start the Single Player menu","Start the Multi Player menu","",""
"MINISH.BIN",102,"Start the Multi Player menu","Replay the introduction","",""
"MINISH.BIN",103,"Replay the introduction","View the CyberStorm Credits","",""
"MINISH.BIN",104,"View the CyberStorm Credits","Exit the game","",""
"MINISH.BIN",105,"Exit the game","Load a saved single player career","",""
"MINISH.BIN",106,"Load a saved single player career","Start a new single player career","",""
"MINISH.BIN",107,"Start a new single player career","Start the Quick Encounter menu","",""
"MINISH.BIN",108,"Start the Quick Encounter menu","Return to General menu","",""
"MINISH.BIN",109,"Return to General menu","Select easy difficulty level","",""
"MINISH.BIN",110,"Select easy difficulty level","Select normal difficulty level","",""
"MINISH.BIN",111,"Select normal difficulty level","Select hard difficulty level","",""
"MINISH.BIN",112,"Select hard difficulty level","Return to the Single Player menu","",""
"MINISH.BIN",113,"Return to the Single Player menu","","",""
"MINISH.BIN",114,"","","",""
"MINISH.BIN",115,"","Load a saved multiplayer force","",""
"MINISH.BIN",116,"Load a saved multiplayer force","Generate a new multiplayer force","",""
"MINISH.BIN",117,"Generate a new multiplayer force","Start a Hotseat or Play-by-EMail game","",""
"MINISH.BIN",118,"Start a Hotseat or Play-by-EMail game","Return to the General menu","",""
"MINISH.BIN",119,"Return to the General menu","","",""
"MINISH.BIN",120,"","","",""
"MINISH.BIN",121,"","General Menu","",""
"MINISH.BIN",122,"General Menu","Yes","",""
"MINISH.BIN",123,"Yes","No","",""
"MINISH.BIN",124,"No","Malignus","",""
"MINISH.BIN",125,"Malignus","Juggernaut","",""
"MINISH.BIN",126,"Juggernaut","Demon","",""
"MINISH.BIN",127,"Demon","Sensei","",""
"MINISH.BIN",128,"Sensei","Nihilus","",""
"MINISH.BIN",129,"Nihilus","Reaper","",""
"MINISH.BIN",130,"Reaper","Shadow","",""
"MINISH.BIN",131,"Shadow","Ogre","",""
"MINISH.BIN",132,"Ogre","Remora","",""
"MINISH.BIN",133,"Remora","Arachnus","",""
"MINISH.BIN",134,"Arachnus","Giant","",""
"MINISH.BIN",135,"Giant","Specter","",""
"MINISH.BIN",136,"Specter","Parasite","",""
"MINISH.BIN",137,"Parasite","Cerebrus","",""
"MINISH.BIN",138,"Cerebrus","Genocite","",""
"MINISH.BIN",139,"Genocite","Malignus","",""
"MINISH.BIN",140,"Malignus","Hades","",""
"MINISH.BIN",141,"Hades","General menu","",""
"MINISH.BIN",142,"General menu","Single Player menu","",""
"MINISH.BIN",143,"Single Player menu","Difficulty Selection menu","",""
"MINISH.BIN",144,"Difficulty Selection menu","Multi Player menu","",""
"MINISH.BIN",145,"Multi Player menu","See another animation","",""
"MINISH.BIN",201,"See another animation","","",""
"MINISH.BIN",300,"","Difficulty setting","",""
"MINISH.BIN",400,"Difficulty setting","Select easy difficulty level","",""
"MINISH.BIN",501,"Select easy difficulty level","Select normal difficulty level","",""
"MINISH.BIN",502,"Select normal difficulty level","Select hard difficulty level","",""
"MINISH.BIN",503,"Select hard difficulty level","Return to the Single Player menu","",""
"MINISH.BIN",505,"Return to the Single Player menu","The Mox Taans Herc Base","",""
"MINISH.BIN",601,"The Mox Taans Herc Base","Buy, enhance and repair Bioderms","",""
"MINISH.BIN",602,"Buy, enhance and repair Bioderms","Buy, enhance and repair Hercs","",""
"MINISH.BIN",603,"Buy, enhance and repair Hercs","Choose mission or view career stats","",""
"MINISH.BIN",604,"Choose mission or view career stats","Send your units to the battlefield","",""
"MINISH.BIN",605,"Send your units to the battlefield","Return to the General menu","",""
"MINISH.BIN",606,"Return to the General menu","Bring up the Save Game menu","",""
"MINISH.BIN",607,"Bring up the Save Game menu","Return to the General menu without saving this game","",""
"MINISH.BIN",608,"Return to the General menu without saving this game","Close this box and return to the Herc Base","",""
"MINISH.BIN",609,"Close this box and return to the Herc Base","Cancel the mission launch","",""
"MINISH.BIN",610,"Cancel the mission launch","Send your units to the battlefield","",""
"MINISH.BIN",611,"Send your units to the battlefield","Close this box and return to the Herc Base menu","",""
"MINISH.BIN",612,"Close this box and return to the Herc Base menu","","",""
"MINISH.BIN",613,"","Type of mission shown below","",""
"MINISH.BIN",614,"Type of mission shown below","Type of mission chosen","",""
"MINISH.BIN",615,"Type of mission chosen","Launch Status","",""
"MINISH.BIN",616,"Launch Status","Launch Status","",""
"MINISH.BIN",618,"Launch Status","Number of Hercs owned","",""
"MINISH.BIN",619,"Number of Hercs owned","Number of Bioderms owned","",""
"MINISH.BIN",620,"Number of Bioderms owned","Number of Herc-Bioderm units owned","",""
"MINISH.BIN",621,"Number of Herc-Bioderm units owned","Number of Hercs owned","",""
"MINISH.BIN",622,"Number of Hercs owned","Number of Bioderms owned","",""
"MINISH.BIN",623,"Number of Bioderms owned","Number of Herc-Bioderm units owned","",""
"MINISH.BIN",624,"Number of Herc-Bioderm units owned","No ore extractors","",""
"MINISH.BIN",625,"No ore extractors","Save game?","",""
"MINISH.BIN",626,"Save game?","","",""
"MINISH.BIN",627,"","","",""
"MINISH.BIN",628,"","","",""
"MINISH.BIN",629,"","","",""
"MINISH.BIN",630,"","","",""
"MINISH.BIN",631,"","","",""
"MINISH.BIN",632,"","","",""
"MINISH.BIN",633,"","","",""
"MINISH.BIN",634,"","Enter the Bioderm Facility","",""
"MINISH.BIN",701,"Enter the Bioderm Facility","Enter the Herc Bay","",""
"MINISH.BIN",702,"Enter the Herc Bay","Enter the Herc Command Center","",""
"MINISH.BIN",703,"Enter the Herc Command Center","Send your units to the battlefield","",""
"MINISH.BIN",704,"Send your units to the battlefield","The Medvat is where you can heal and recycle your Bioderms","",""
"MINISH.BIN",801,"The Medvat is where you can heal and recycle your Bioderms","Link Bioderms to Hercs before launching a mission","",""
"MINISH.BIN",802,"The VREC is where you enhance Bioderm skills","Return to the Herc Base","",""
"MINISH.BIN",803,"Link Bioderms to Hercs before launching a mission","The Biovat is where you create new Bioderms","",""
"MINISH.BIN",804,"The Biovat is where you create new Bioderms","The VREC is where you enhance Bioderm skills","",""
"MINISH.BIN",805,"Return to the Herc Base","This is where Bioderms are created and managed","",""
"MINISH.BIN",806,"This is where Bioderms are created and managed","The Medvat is where you can heal and recycle your Bioderms","",""
"MINISH.BIN",901,"The Medvat is where you can heal and recycle your Bioderms","The VREC is where you enhance Bioderm skills","",""
"MINISH.BIN",902,"The VREC is where you enhance Bioderm skills","Link Bioderms to Hercs before launching a mission","",""
"MINISH.BIN",903,"Link Bioderms to Hercs before launching a mission","The Biovat is where you create new Bioderms","",""
"MINISH.BIN",904,"The Biovat is where you create new Bioderms","Create a new Bioderm","",""
"MINISH.BIN",1001,"Create a new Bioderm","Save changes and return to the Bioderm Facility main menu","",""
"MINISH.BIN",1002,"Save changes and return to the Bioderm Facility main menu","Cancel changes and return to the Bioderm Facility main menu","",""
"MINISH.BIN",1003,"Cancel changes and return to the Bioderm Facility main menu","Close this warning box","",""
"MINISH.BIN",1004,"Close this warning box","Number of Credits you own","",""
"MINISH.BIN",1005,"Number of Credits you own","Creation cost of the Bioderm","",""
"MINISH.BIN",1006,"Creation cost of the Bioderm","Biovat","",""
"MINISH.BIN",1007,"Biovat","Your Bioderm roster is full","",""
"MINISH.BIN",1008,"Your Bioderm roster is full","Not enough Credits","",""
"MINISH.BIN",1009,"Not enough Credits","Save changes and switch to the Medvat menu","",""
"MINISH.BIN",1101,"Save changes and switch to the Medvat menu","Save changes and switch to the VR training menu","",""
"MINISH.BIN",1102,"Save changes and switch to the VR training menu","Save changes and switch to the Link menu","",""
"MINISH.BIN",1103,"Save changes and switch to the Link menu","Save changes and return to the Bioderm Facility main menu","",""
"MINISH.BIN",1104,"Save changes and return to the Bioderm Facility main menu","Heal this Bioderm","",""
"MINISH.BIN",1201,"Heal this Bioderm","Restore Genetic Stability to normal level","",""
"MINISH.BIN",1202,"Restore Genetic Stability to normal level","Remove all toxins from this Bioderm","",""
"MINISH.BIN",1203,"Remove all toxins from this Bioderm","Heal and detoxify all Bioderms","",""
"MINISH.BIN",1204,"Heal and detoxify all Bioderms","Reduce this Bioderm to veiny blue protoplasm","",""
"MINISH.BIN",1205,"Reduce this Bioderm to veiny blue protoplasm","Save changes and return to the Bioderm Facility main menu","",""
"MINISH.BIN",1206,"Save changes and return to the Bioderm Facility main menu","Cancel changes and return to the Bioderm Facility main menu","",""
"MINISH.BIN",1207,"Cancel changes and return to the Bioderm Facility main menu","Cost to regenerate this Bioderm's tissues","",""
"MINISH.BIN",1208,"Cost to regenerate this Bioderm's tissues","Cost to stabilize this Bioderm","",""
"MINISH.BIN",1209,"Cost to stabilize this Bioderm","Cost to detoxify this Bioderm","",""
"MINISH.BIN",1210,"Cost to detoxify this Bioderm","Cost to completely heal your Bioderm roster","",""
"MINISH.BIN",1211,"Cost to completely heal your Bioderm roster","Recycle value of this Bioderm","",""
"MINISH.BIN",1212,"Recycle value of this Bioderm","Number of Credits","",""
"MINISH.BIN",1213,"Number of Credits","Medvat","",""
"MINISH.BIN",1214,"Medvat","Save changes and return to the Bioderm Facility main menu","",""
"MINISH.BIN",1301,"Save changes and return to the Bioderm Facility main menu","Save changes and switch to the VR training menu","",""
"MINISH.BIN",1302,"Save changes and switch to the VR training menu","Save changes and switch to the Link menu","",""
"MINISH.BIN",1303,"Save changes and switch to the Link menu","Save changes and switch to the Biovat menu","",""
"MINISH.BIN",1304,"Save changes and switch to the Biovat menu","Increase the PILOTING skill of this Bioderm","",""
"MINISH.BIN",1401,"Increase the PILOTING skill of this Bioderm","Increase the ENERGY WEAPON skill of this Bioderm","",""
"MINISH.BIN",1402,"Increase the ENERGY WEAPON skill of this Bioderm","Increase the MISSILE WEAPON skill of this Bioderm","",""
"MINISH.BIN",1403,"Increase the MISSILE WEAPON skill of this Bioderm","Increase the CANNON WEAPON skill of this Bioderm","",""
"MINISH.BIN",1404,"Increase the CANNON WEAPON skill of this Bioderm","Increase the PLASMA WEAPON skill of this Bioderm","",""
"MINISH.BIN",1405,"Increase the PLASMA WEAPON skill of this Bioderm","Increase the ELF WEAPON skill of this Bioderm","",""
"MINISH.BIN",1406,"Increase the ELF WEAPON skill of this Bioderm","Increase the ADVANCED TECHNOLOGY skills of this Bioderm","",""
"MINISH.BIN",1407,"Increase the ADVANCED TECHNOLOGY skills of this Bioderm","Increase the COMMAND skill of this Bioderm","",""
"MINISH.BIN",1408,"Increase the COMMAND skill of this Bioderm","Save changes and return to the Bioderm Facility main menu","",""
"MINISH.BIN",1409,"Save changes and return to the Bioderm Facility main menu","Cancel changes and return to the Bioderm Facility main menu","",""
"MINISH.BIN",1410,"Cancel changes and return to the Bioderm Facility main menu","The VREC is where you enhance Bioderm skills","",""
"MINISH.BIN",1411,"The VREC is where you enhance Bioderm skills","Accept changes","",""
"MINISH.BIN",1412,"Accept changes","Cost of the PILOTING program","",""
"MINISH.BIN",1413,"Cost of the PILOTING program","Cost of the ENERGY WEAPON program","",""
"MINISH.BIN",1414,"Cost of the ENERGY WEAPON program","Cost of the MISSILE WEAPON program","",""
"MINISH.BIN",1415,"Cost of the MISSILE WEAPON program","Cost of the CANNON WEAPON program","",""
"MINISH.BIN",1416,"Cost of the CANNON WEAPON program","Cost of the PLASMA WEAPON program","",""
"MINISH.BIN",1417,"Cost of the PLASMA WEAPON program","Cost of the ELF WEAPON program","",""
"MINISH.BIN",1418,"Cost of the ELF WEAPON program","Cost of the ADVANCED TECHNOLOGY program","",""
"MINISH.BIN",1419,"Cost of the ADVANCED TECHNOLOGY program","Cost of the COMMAND program","",""
"MINISH.BIN",1420,"Cost of the COMMAND program","Number of Unitech Consortium Credits","",""
"MINISH.BIN",1421,"Number of Unitech Consortium Credits","Insufficient Credits","",""
"MINISH.BIN",1422,"Insufficient Credits","Save changes and switch to the Medvat menu","",""
"MINISH.BIN",1501,"Save changes and switch to the Medvat menu","Save changes and return to the Bioderm facility main menu","",""
"MINISH.BIN",1502,"Save changes and return to the Bioderm facility main menu","Save changes and switch to the Link menu","",""
"MINISH.BIN",1503,"Save changes and switch to the Link menu","Save changes and switch to the Biovat menu","",""
"MINISH.BIN",1504,"Save changes and switch to the Biovat menu","Link this Bioderm with a Herc","",""
"MINISH.BIN",1601,"Link this Bioderm with a Herc","Unlink this Bioderm and Herc","",""
"MINISH.BIN",1602,"Unlink this Bioderm and Herc","Unlink all Bioderms and Hercs","",""
"MINISH.BIN",1603,"Unlink all Bioderms and Hercs","Autolink all Bioderms to Hercs","",""
"MINISH.BIN",1604,"Autolink all Bioderms to Hercs","Save changes and return to the Bioderm Facility main menu","",""
"MINISH.BIN",1605,"Save changes and return to the Bioderm Facility main menu","Return to the Bioderm Facility main menu without saving changes","",""
"MINISH.BIN",1606,"Return to the Bioderm Facility main menu without saving changes","Link","",""
"MINISH.BIN",1607,"Link","Number of Unitech Consortium Credits","",""
"MINISH.BIN",1608,"Number of Unitech Consortium Credits","Save changes and return to the Medvat menu","",""
"MINISH.BIN",1701,"Save changes and return to the Medvat menu","Save changes and switch to the VR training menu","",""
"MINISH.BIN",1702,"Save changes and switch to the VR training menu","Save changes and switch to the Bioderm Facility main menu","",""
"MINISH.BIN",1703,"Save changes and switch to the Bioderm Facility main menu","Save changes and switch to the Biovat menu","",""
"MINISH.BIN",1704,"Save changes and switch to the Biovat menu","Select a Herc for purchasing","",""
"MINISH.BIN",1801,"Select a Herc for purchasing","Select a Herc for upgrading","",""
"MINISH.BIN",1802,"Select a Herc for upgrading","Return to the Herc Base main menu","",""
"MINISH.BIN",1803,"Return to the Herc Base main menu","Close this warning box","",""
"MINISH.BIN",1804,"Close this warning box","Number of Credits","",""
"MINISH.BIN",1805,"Number of Credits","Herc Bay","",""
"MINISH.BIN",1806,"Herc Bay","View details of this Herc","",""
"MINISH.BIN",1901,"View details of this Herc","View details of this Herc","",""
"MINISH.BIN",1902,"View details of this Herc","","",""
"MINISH.BIN",1903,"View details of this Herc","","",""
"MINISH.BIN",1904,"View details of this Herc","","",""
"MINISH.BIN",1905,"View details of this Herc","","",""
"MINISH.BIN",1906,"View details of this Herc","","",""
"MINISH.BIN",1907,"View details of this Herc","","",""
"MINISH.BIN",1908,"View details of this Herc","","",""
"MINISH.BIN",1909,"View details of this Herc","","",""
"MINISH.BIN",1910,"View details of this Herc","","",""
"MINISH.BIN",1911,"View details of this Herc","","",""
"MINISH.BIN",1912,"View details of this Herc","","",""
"MINISH.BIN",1913,"View details of this Herc","","",""
"MINISH.BIN",1914,"View details of this Herc","","",""
"MINISH.BIN",1915,"View details of this Herc","","",""
"MINISH.BIN",1916,"","","",""
"MINISH.BIN",1917,"","","",""
"MINISH.BIN",1918,"","","",""
"MINISH.BIN",1919,"","","",""
"MINISH.BIN",1920,"","","",""
"MINISH.BIN",1921,"","","",""
"MINISH.BIN",1922,"","","",""
"MINISH.BIN",1923,"","","",""
"MINISH.BIN",1924,"","","",""
"MINISH.BIN",1925,"","","",""
"MINISH.BIN",1926,"","","",""
"MINISH.BIN",1927,"","","",""
"MINISH.BIN",1928,"","","",""
"MINISH.BIN",1929,"","","",""
"MINISH.BIN",1930,"","Cancel changes and return to Herc Bay menu","",""
"MINISH.BIN",1931,"Cancel changes and return to Herc Bay menu","Save changes and return to Herc Bay menu","",""
"MINISH.BIN",1932,"Save changes and return to Herc Bay menu","Close this warning box","",""
"MINISH.BIN",1933,"Close this warning box","Scroll the Herc list up","",""
"MINISH.BIN",1934,"Scroll the Herc list up","Scroll the Herc list up or down","",""
"MINISH.BIN",1935,"Scroll the Herc list up or down","Scroll the Herc list down","",""
"MINISH.BIN",1936,"Scroll the Herc list down","Number of Unitech Consortium Credits","",""
"MINISH.BIN",1937,"Number of Unitech Consortium Credits","Return to the Purchase menu","",""
"MINISH.BIN",1938,"Return to the Purchase menu","Purchase this Herc package","",""
"MINISH.BIN",1939,"Purchase this Herc package","Scroll this list up","",""
"MINISH.BIN",1940,"Scroll this list up","Scroll this list up or down","",""
"MINISH.BIN",1941,"Scroll this list up or down","Scroll this list down","",""
"MINISH.BIN",1942,"Scroll this list down","Herc Purchase","",""
"MINISH.BIN",1943,"Herc Purchase","General information about this Herc","",""
"MINISH.BIN",1944,"General information about this Herc","Hercs available at your rank","",""
"MINISH.BIN",1945,"Hercs available at your rank","Available reactor power","",""
"MINISH.BIN",1946,"Available reactor power","Herc speed adjusted for encumbrance","",""
"MINISH.BIN",1947,"Herc speed adjusted for encumbrance","Configuration specifications","",""
"MINISH.BIN",1948,"Configuration specifications","Insufficient Credits","",""
"MINISH.BIN",1949,"Insufficient Credits","","",""
"MINISH.BIN",1950,"","Herc roster is full","",""
"MINISH.BIN",1952,"Herc roster is full","","",""
"MINISH.BIN",1953,"","","",""
"MINISH.BIN",1954,"","Rank required to purchase","",""
"MINISH.BIN",1955,"Rank required to purchase","Upgrade, Repair or Sell this Herc","",""
"MINISH.BIN",2001,"Upgrade, Repair or Sell this Herc","Upgrade, Repair or Sell this Herc","",""
"MINISH.BIN",2002,"Upgrade, Repair or Sell this Herc","","",""
"MINISH.BIN",2003,"Upgrade, Repair or Sell this Herc","","",""
"MINISH.BIN",2004,"Upgrade, Repair or Sell this Herc","","",""
"MINISH.BIN",2005,"Upgrade, Repair or Sell this Herc","","",""
"MINISH.BIN",2006,"Upgrade, Repair or Sell this Herc","","",""
"MINISH.BIN",2007,"Upgrade, Repair or Sell this Herc","","",""
"MINISH.BIN",2008,"Upgrade, Repair or Sell this Herc","","",""
"MINISH.BIN",2009,"Upgrade, Repair or Sell this Herc","","",""
"MINISH.BIN",2010,"Upgrade, Repair or Sell this Herc","","",""
"MINISH.BIN",2011,"Upgrade, Repair or Sell this Herc","","",""
"MINISH.BIN",2012,"Upgrade, Repair or Sell this Herc","","",""
"MINISH.BIN",2013,"Upgrade, Repair or Sell this Herc","","",""
"MINISH.BIN",2014,"Upgrade, Repair or Sell this Herc","","",""
"MINISH.BIN",2015,"Upgrade, Repair or Sell this Herc","","",""
"MINISH.BIN",2016,"Upgrade, Repair or Sell this Herc","","",""
"MINISH.BIN",2017,"Upgrade, Repair or Sell this Herc","","",""
"MINISH.BIN",2018,"Upgrade, Repair or Sell this Herc","","",""
"MINISH.BIN",2019,"Upgrade, Repair or Sell this Herc","","",""
"MINISH.BIN",2020,"Upgrade, Repair or Sell this Herc","","",""
"MINISH.BIN",2021,"Upgrade, Repair or Sell this Herc","","",""
"MINISH.BIN",2022,"Upgrade, Repair or Sell this Herc","","",""
"MINISH.BIN",2023,"Upgrade, Repair or Sell this Herc","","",""
"MINISH.BIN",2024,"Upgrade, Repair or Sell this Herc","","",""
"MINISH.BIN",2025,"","","",""
"MINISH.BIN",2026,"","","",""
"MINISH.BIN",2027,"","","",""
"MINISH.BIN",2028,"","","",""
"MINISH.BIN",2029,"","","",""
"MINISH.BIN",2030,"","","",""
"MINISH.BIN",2031,"","","",""
"MINISH.BIN",2032,"","","",""
"MINISH.BIN",2033,"","","",""
"MINISH.BIN",2034,"","","",""
"MINISH.BIN",2035,"","","",""
"MINISH.BIN",2036,"","","",""
"MINISH.BIN",2037,"","","",""
"MINISH.BIN",2038,"","","",""
"MINISH.BIN",2039,"","","",""
"MINISH.BIN",2040,"","","",""
"MINISH.BIN",2041,"","","",""
"MINISH.BIN",2042,"","","",""
"MINISH.BIN",2043,"","","",""
"MINISH.BIN",2044,"","","",""
"MINISH.BIN",2045,"","","",""
"MINISH.BIN",2046,"","","",""
"MINISH.BIN",2047,"","Price in Credits","",""
"MINISH.BIN",2048,"Price in Credits","Number of Unitech Consortium Credits","",""
"MINISH.BIN",2049,"Number of Unitech Consortium Credits","Return to the Herc Bay main menu","",""
"MINISH.BIN",2050,"Return to the Herc Bay main menu","Scroll Herc list up","",""
"MINISH.BIN",2051,"Scroll Herc list up","Scroll Herc list up or down","",""
"MINISH.BIN",2052,"Scroll Herc list up or down","Scroll Herc list down","",""
"MINISH.BIN",2053,"Scroll Herc list down","Manage Hercs","",""
"MINISH.BIN",2054,"Manage Hercs","Your Herc Roster","",""
"MINISH.BIN",2055,"Your Herc Roster","Available reactor power","",""
"MINISH.BIN",2056,"Available reactor power","Herc speed adjusted for encumbrance","",""
"MINISH.BIN",2057,"Herc speed adjusted for encumbrance","Upgrade this component","",""
"MINISH.BIN",2201,"Upgrade this component","Upgrade this component","",""
"MINISH.BIN",2202,"Upgrade this component","Repair this component 10% per click","alt:param:template",""
"MINISH.BIN",2203,"Upgrade this component","Repair this component 10% per click","alt:param:template",""
"MINISH.BIN",2204,"Upgrade this component","Repair this component 10% per click","alt:param:template",""
"MINISH.BIN",2205,"Upgrade this component","Repair this component 10% per click","alt:param:template",""
"MINISH.BIN",2206,"Upgrade this component","Repair this component 10% per click","alt:param:template",""
"MINISH.BIN",2207,"Upgrade this component","Repair this component 10% per click","alt:param:template",""
"MINISH.BIN",2208,"Upgrade this component","Repair this component 10% per click","alt:param:template",""
"MINISH.BIN",2209,"Upgrade this component","Repair this component 10% per click","alt:param:template",""
"MINISH.BIN",2210,"Upgrade this component","Repair this component 10% per click","alt:param:template",""
"MINISH.BIN",2211,"Upgrade this component","Repair this component 10% per click","alt:param:template",""
"MINISH.BIN",2212,"Upgrade this component","Repair this component 10% per click","alt:param:template",""
"MINISH.BIN",2213,"Upgrade this component","Repair this component 10% per click","alt:param:template",""
"MINISH.BIN",2214,"Upgrade this component","Repair this component 10% per click","alt:param:template",""
"MINISH.BIN",2215,"Upgrade this component","Repair this component 10% per click","alt:param:template",""
"MINISH.BIN",2216,"Upgrade this component","Repair this component 10% per click","alt:param:template",""
"MINISH.BIN",2217,"Upgrade this component","Repair this component 10% per click","alt:param:template",""
"MINISH.BIN",2218,"Upgrade this component","Repair this component 10% per click","alt:param:template",""
"MINISH.BIN",2219,"Upgrade this component","Repair this component 10% per click","alt:param:template",""
"MINISH.BIN",2220,"Upgrade this component","Repair this component 10% per click","alt:param:template",""
"MINISH.BIN",2221,"Upgrade this component","Repair this component 10% per click","alt:param:template",""
"MINISH.BIN",2222,"Upgrade this component","Repair this component 10% per click","alt:param:template",""
"MINISH.BIN",2223,"Upgrade this component","Repair this component 10% per click","alt:param:template",""
"MINISH.BIN",2224,"Repair this component 10% per click","Repair this component 10% per click","param:template|alt:param:template",""
"MINISH.BIN",2225,"Repair this component 10% per click","Cancel changes and return to the Manage Hercs menu","param:template",""
"MINISH.BIN",2226,"Repair this component 10% per click","Cancel changes and return to the Manage Hercs menu","param:template",""
"MINISH.BIN",2227,"Repair this component 10% per click","Cancel changes and return to the Manage Hercs menu","param:template",""
"MINISH.BIN",2228,"Repair this component 10% per click","Cancel changes and return to the Manage Hercs menu","param:template",""
"MINISH.BIN",2229,"Repair this component 10% per click","Cancel changes and return to the Manage Hercs menu","param:template",""
"MINISH.BIN",2230,"Repair this component 10% per click","Cancel changes and return to the Manage Hercs menu","param:template",""
"MINISH.BIN",2231,"Repair this component 10% per click","Cancel changes and return to the Manage Hercs menu","param:template",""
"MINISH.BIN",2232,"Repair this component 10% per click","Cancel changes and return to the Manage Hercs menu","param:template",""
"MINISH.BIN",2233,"Repair this component 10% per click","Cancel changes and return to the Manage Hercs menu","param:template",""
"MINISH.BIN",2234,"Repair this component 10% per click","Cancel changes and return to the Manage Hercs menu","param:template",""
"MINISH.BIN",2235,"Repair this component 10% per click","Cancel changes and return to the Manage Hercs menu","param:template",""
"MINISH.BIN",2236,"Repair this component 10% per click","Cancel changes and return to the Manage Hercs menu","param:template",""
"MINISH.BIN",2237,"Repair this component 10% per click","Cancel changes and return to the Manage Hercs menu","param:template",""
"MINISH.BIN",2238,"Repair this component 10% per click","Cancel changes and return to the Manage Hercs menu","param:template",""
"MINISH.BIN",2239,"Repair this component 10% per click","Cancel changes and return to the Manage Hercs menu","param:template",""
"MINISH.BIN",2240,"Repair this component 10% per click","Cancel changes and return to the Manage Hercs menu","param:template",""
"MINISH.BIN",2241,"Repair this component 10% per click","Cancel changes and return to the Manage Hercs menu","param:template",""
"MINISH.BIN",2242,"Repair this component 10% per click","Cancel changes and return to the Manage Hercs menu","param:template",""
"MINISH.BIN",2243,"Repair this component 10% per click","Cancel changes and return to the Manage Hercs menu","param:template",""
"MINISH.BIN",2244,"Repair this component 10% per click","Cancel changes and return to the Manage Hercs menu","param:template",""
"MINISH.BIN",2245,"Repair this component 10% per click","Cancel changes and return to the Manage Hercs menu","param:template",""
"MINISH.BIN",2246,"Repair this component 10% per click","Cancel changes and return to the Manage Hercs menu","param:template",""
"MINISH.BIN",2247,"Cancel changes and return to the Manage Hercs menu","Save changes and return to the Manage Hercs menu","",""
"MINISH.BIN",2248,"Save changes and return to the Manage Hercs menu","Bring up the Repair menu","",""
"MINISH.BIN",2249,"Bring up the Repair menu","Bring up the Sell menu","",""
"MINISH.BIN",2250,"Bring up the Sell menu","Number of Unitech Consortium Credits","",""
"MINISH.BIN",2251,"Number of Unitech Consortium Credits","Rename this Herc","",""
"MINISH.BIN",2252,"Rename this Herc","Sell this Herc","",""
"MINISH.BIN",2253,"Sell this Herc","Cancel this sale","",""
"MINISH.BIN",2254,"Cancel this sale","Resale value of this Herc","",""
"MINISH.BIN",2255,"Resale value of this Herc","Sell this Herc","",""
"MINISH.BIN",2256,"Sell this Herc","Completely repair all of your Hercs","",""
"MINISH.BIN",2257,"Completely repair all of your Hercs","Repair this Herc","",""
"MINISH.BIN",2258,"Repair this Herc","Cancel this repair","",""
"MINISH.BIN",2259,"Cancel this repair","Cost of repairing all Hercs","",""
"MINISH.BIN",2260,"Cost of repairing all Hercs","Repair all Hercs","",""
"MINISH.BIN",2261,"Repair all Hercs","Cost of repairing this Herc","",""
"MINISH.BIN",2262,"Cost of repairing this Herc","Repair this Herc","",""
"MINISH.BIN",2263,"Repair this Herc","Complete this transaction","",""
"MINISH.BIN",2264,"Complete this transaction","Leave this menu without purchasing an upgrade","",""
"MINISH.BIN",2265,"Leave this menu without purchasing an upgrade","Select component","",""
"MINISH.BIN",2266,"Select component","Select component","",""
"MINISH.BIN",2267,"Select component","Cost of upgrade","",""
"MINISH.BIN",2268,"Select component","Cost of upgrade","",""
"MINISH.BIN",2269,"Select component","Cost of upgrade","",""
"MINISH.BIN",2270,"Select component","Cost of upgrade","",""
"MINISH.BIN",2271,"Select component","Cost of upgrade","",""
"MINISH.BIN",2272,"Select component","Cost of upgrade","",""
"MINISH.BIN",2273,"Select component","Cost of upgrade","",""
"MINISH.BIN",2274,"Cost of upgrade","Cost of upgrade","",""
"MINISH.BIN",2275,"Cost of upgrade","Scroll the list up","",""
"MINISH.BIN",2276,"Cost of upgrade","Scroll the list up","",""
"MINISH.BIN",2277,"Cost of upgrade","Scroll the list up","",""
"MINISH.BIN",2278,"Cost of upgrade","Scroll the list up","",""
"MINISH.BIN",2279,"Cost of upgrade","Scroll the list up","",""
"MINISH.BIN",2280,"Cost of upgrade","Scroll the list up","",""
"MINISH.BIN",2281,"Cost of upgrade","Scroll the list up","",""
"MINISH.BIN",2282,"Scroll the list up","Scroll the list up or down","",""
"MINISH.BIN",2283,"Scroll the list up or down","Scroll the list down","",""
"MINISH.BIN",2284,"Scroll the list down","Close this message box","",""
"MINISH.BIN",2285,"Close this message box","Scroll the detail text up","",""
"MINISH.BIN",2286,"Scroll the detail text up","Scroll the detail text up or down","",""
"MINISH.BIN",2287,"Scroll the detail text up or down","Scroll the detail text down","",""
"MINISH.BIN",2288,"Scroll the detail text down","left click and drag to change the Herc rotation speed","",""
"MINISH.BIN",2289,"left click and drag to change the Herc rotation speed","Upgrade Herc","",""
"MINISH.BIN",2290,"Upgrade Herc","Structural components","",""
"MINISH.BIN",2291,"Structural components","Internal systems","",""
"MINISH.BIN",2292,"Internal systems","Weapons mounted","",""
"MINISH.BIN",2293,"Weapons mounted","This is the current speed rating for this Herc","",""
"MINISH.BIN",2294,"This is the current speed rating for this Herc","This is the current reactor rating for this Herc","",""
"MINISH.BIN",2295,"This is the current reactor rating for this Herc","Components that can be mounted in this slot","",""
"MINISH.BIN",2296,"Components that can be mounted in this slot","Component description","",""
"MINISH.BIN",2297,"Component description","Insufficient Credits","",""
"MINISH.BIN",2298,"Insufficient Credits","Insufficient Credits","",""
"MINISH.BIN",2299,"Insufficient Credits","Scroll forward through the Bioderm roster","",""
"MINISH.BIN",2401,"Scroll forward through the Bioderm roster","Scroll backward through the Bioderm roster","",""
"MINISH.BIN",2402,"Scroll backward through the Bioderm roster","Current and maximum Health","",""
"MINISH.BIN",2403,"Current and maximum Health","Current and maximum Stability","",""
"MINISH.BIN",2404,"Current and maximum Stability","Current and maximum Toxin level","",""
"MINISH.BIN",2405,"Current and maximum Toxin level","Bioderm linked to this Herc","",""
"MINISH.BIN",2406,"Bioderm linked to this Herc","Piloting skill","",""
"MINISH.BIN",2407,"Piloting skill","Skill with Energy weapons","",""
"MINISH.BIN",2408,"Skill with Energy weapons","Skill with Missiles","",""
"MINISH.BIN",2409,"Skill with Missiles","Skill with Cannons","",""
"MINISH.BIN",2410,"Skill with Cannons","Skill with Plasma weapons","",""
"MINISH.BIN",2411,"Skill with Plasma weapons","Skill with ELF weapons","",""
"MINISH.BIN",2412,"Skill with ELF weapons","Skill with Advanced Technology weapons","",""
"MINISH.BIN",2413,"Skill with Advanced Technology weapons","Command restores lost Stability","",""
"MINISH.BIN",2414,"Command restores lost Stability","Rank of Bioderm","",""
"MINISH.BIN",2415,"Rank of Bioderm","Current and maximum age","",""
"MINISH.BIN",2416,"Current and maximum age","Rank of Bioderm","",""
"MINISH.BIN",2417,"Rank of Bioderm","Current and maximum age","",""
"MINISH.BIN",2418,"Current and maximum age","Current and maximum Health","",""
"MINISH.BIN",2419,"Current and maximum Health","Current and maximum Stability","",""
"MINISH.BIN",2420,"Current and maximum Stability","Current and maximum Toxin level","",""
"MINISH.BIN",2421,"Current and maximum Toxin level","Piloting skill","",""
"MINISH.BIN",2422,"Piloting skill","Skill with Energy weapons","",""
"MINISH.BIN",2423,"Skill with Energy weapons","Skill with Missiles","",""
"MINISH.BIN",2424,"Skill with Missiles","Skill with Cannons","",""
"MINISH.BIN",2425,"Skill with Cannons","Skill with Plasma weapons","",""
"MINISH.BIN",2426,"Skill with Plasma weapons","Skill with ELF weapons","",""
"MINISH.BIN",2427,"Skill with ELF weapons","Skill with Advanced Technology weapons","",""
"MINISH.BIN",2428,"Skill with Advanced Technology weapons","Command restores lost Stability","",""
"MINISH.BIN",2429,"Command restores lost Stability","Rename this Bioderm","",""
"MINISH.BIN",2430,"Rename this Bioderm","Base chance to hit with corresponding weapon","",""
"MINISH.BIN",2431,"Base chance to hit with corresponding weapon","Bioderm linked to this Herc","",""
"MINISH.BIN",2432,"Bioderm linked to this Herc","Right click to view the BGM donor's history","",""
"MINISH.BIN",2433,"Right click to view the BGM donor's history","","",""
"MINISH.BIN",2434,"","","",""
"MINISH.BIN",2435,"","","",""
"MINISH.BIN",2436,"","","",""
"MINISH.BIN",2437,"","","",""
"MINISH.BIN",2438,"","","",""
"MINISH.BIN",2439,"","See the briefing for this mission","",""
"MINISH.BIN",2601,"See the briefing for this mission","See the briefing for this mission","",""
"MINISH.BIN",2602,"See the briefing for this mission","Return to the Herc Command Center main menu","",""
"MINISH.BIN",2603,"See the briefing for this mission","Return to the Herc Command Center main menu","",""
"MINISH.BIN",2604,"See the briefing for this mission","Return to the Herc Command Center main menu","",""
"MINISH.BIN",2605,"See the briefing for this mission","Return to the Herc Command Center main menu","",""
"MINISH.BIN",2606,"See the briefing for this mission","Return to the Herc Command Center main menu","",""
"MINISH.BIN",2607,"See the briefing for this mission","Return to the Herc Command Center main menu","",""
"MINISH.BIN",2608,"See the briefing for this mission","Return to the Herc Command Center main menu","",""
"MINISH.BIN",2609,"See the briefing for this mission","Return to the Herc Command Center main menu","",""
"MINISH.BIN",2610,"Return to the Herc Command Center main menu","Bring up the mission selection menu","",""
"MINISH.BIN",2611,"Bring up the mission selection menu","Bring up the communications menu","",""
"MINISH.BIN",2612,"Bring up the communications menu","Intelligence on Cybrids","",""
"MINISH.BIN",2613,"Intelligence on Cybrids","Return to the Herc Base","",""
"MINISH.BIN",2614,"Return to the Herc Base","Available missions","",""
"MINISH.BIN",2615,"Available missions","Name of the planet or moon","",""
"MINISH.BIN",2616,"Name of the planet or moon","An introductory briefing","",""
"MINISH.BIN",2617,"An introductory briefing","Incentive bonus to complete the mission's parameters","",""
"MINISH.BIN",2618,"Incentive bonus to complete the mission's parameters","The number of months to and from the mission site","",""
"MINISH.BIN",2619,"The number of months to and from the mission site","Type of mission","",""
"MINISH.BIN",2620,"Type of mission","Amount of Bonus","",""
"MINISH.BIN",2621,"Amount of Bonus","Length of mission","",""
"MINISH.BIN",2622,"Length of mission","The Herc Command Center is where you select missions","",""
"MINISH.BIN",2623,"The Herc Command Center is where you select missions","Career status","",""
"MINISH.BIN",2624,"Career status","Length of career","",""
"MINISH.BIN",2625,"Length of career","Number of Unitech Consortium Credits","",""
"MINISH.BIN",2626,"Number of Unitech Consortium Credits","Current rank","",""
"MINISH.BIN",2627,"Current rank","Hercs owned","",""
"MINISH.BIN",2628,"Hercs owned","Maximum number of Hercs allowed by rank","",""
"MINISH.BIN",2629,"Maximum number of Hercs allowed by rank","Bioderms owned","",""
"MINISH.BIN",2630,"Bioderms owned","Maximum number of Bioderms allowed by rank","",""
"MINISH.BIN",2631,"Maximum number of Bioderms allowed by rank","Number of Cybrids destroyed","",""
"MINISH.BIN",2632,"Number of Cybrids destroyed","Number of missions attempted","",""
"MINISH.BIN",2633,"Number of missions attempted","Number of missions completed","",""
"MINISH.BIN",2634,"Number of missions completed","Level of technology","",""
"MINISH.BIN",2635,"Level of technology","Number of worlds explored","",""
"MINISH.BIN",2636,"Number of worlds explored","Units of ore mined","",""
"MINISH.BIN",2637,"Units of ore mined","Length of career","",""
"MINISH.BIN",2638,"Length of career","Number of Unitech Consortium Credits","",""
"MINISH.BIN",2639,"Number of Unitech Consortium Credits","Current rank","",""
"MINISH.BIN",2640,"Current rank","Hercs owned","",""
"MINISH.BIN",2641,"Hercs owned","Maximum number of Hercs allowed by rank","",""
"MINISH.BIN",2642,"Maximum number of Hercs allowed by rank","Number of Bioderms owned","",""
"MINISH.BIN",2643,"Number of Bioderms owned","Maximum number of Bioderms allowed by rank","",""
"MINISH.BIN",2644,"Maximum number of Bioderms allowed by rank","Number of Cybrids destroyed","",""
"MINISH.BIN",2645,"Number of Cybrids destroyed","Number of missions attempted","",""
"MINISH.BIN",2646,"Number of missions attempted","Number of missions completed","",""
"MINISH.BIN",2647,"Number of missions completed","Level of technology","",""
"MINISH.BIN",2648,"Level of technology","Number of worlds explored","",""
"MINISH.BIN",2649,"Number of worlds explored","Units of ore mined","",""
"MINISH.BIN",2650,"Units of ore mined","Review this promotion sequence","",""
"MINISH.BIN",2651,"Review this promotion sequence","Review this promotion sequence","",""
"MINISH.BIN",2652,"Review this promotion sequence","Previous promotions","",""
"MINISH.BIN",2653,"Review this promotion sequence","Previous promotions","",""
"MINISH.BIN",2654,"Review this promotion sequence","Previous promotions","",""
"MINISH.BIN",2655,"Review this promotion sequence","Previous promotions","",""
"MINISH.BIN",2656,"Review this promotion sequence","Previous promotions","",""
"MINISH.BIN",2657,"Review this promotion sequence","Previous promotions","",""
"MINISH.BIN",2658,"Review this promotion sequence","Previous promotions","",""
"MINISH.BIN",2659,"Review this promotion sequence","Previous promotions","",""
"MINISH.BIN",2660,"Review this promotion sequence","Previous promotions","",""
"MINISH.BIN",2661,"Review this promotion sequence","Previous promotions","",""
"MINISH.BIN",2662,"Review this promotion sequence","Previous promotions","",""
"MINISH.BIN",2663,"Review this promotion sequence","Previous promotions","",""
"MINISH.BIN",2664,"Review this promotion sequence","Previous promotions","",""
"MINISH.BIN",2665,"Previous promotions","Return to the Herc Command Center main menu","",""
"MINISH.BIN",2666,"Return to the Herc Command Center main menu","List of tutorials","",""
"MINISH.BIN",2667,"List of tutorials","View reference material","",""
"MINISH.BIN",2668,"View reference material","View the Herc Commander's Guide","",""
"MINISH.BIN",2669,"View the Herc Commander's Guide","View the Herc Commander's Guide","",""
"MINISH.BIN",2670,"View the Herc Commander's Guide","View this tutorial","",""
"MINISH.BIN",2671,"View this tutorial","Left click and drag to change the speed of the animation","",""
"MINISH.BIN",2672,"View this tutorial","Left click and drag to change the speed of the animation","",""
"MINISH.BIN",2673,"Left click and drag to change the speed of the animation","Return to the Herc Command Center","",""
"MINISH.BIN",2701,"Return to the Herc Command Center","Accept this mission and return to the Herc Base","",""
"MINISH.BIN",2702,"Accept this mission and return to the Herc Base","Scroll the briefing text down","",""
"MINISH.BIN",2703,"Scroll the briefing text down","Scroll the briefing text up or down","",""
"MINISH.BIN",2704,"Scroll the briefing text up or down","Scroll the briefing text up","",""
"MINISH.BIN",2705,"Scroll the briefing text up","End the debriefing","",""
"MINISH.BIN",2801,"End the debriefing","Scroll the debriefing text down","",""
"MINISH.BIN",2802,"Scroll the debriefing text down","Left click and drag to scroll the text up or down","",""
"MINISH.BIN",2803,"Left click and drag to scroll the text up or down","Scroll the debriefing text up","",""
"MINISH.BIN",2804,"Scroll the debriefing text up","","",""
"MINISH.BIN",2900,"","","",""
"MINISH.BIN",2901,"","","",""
"MINISH.BIN",2902,"","","",""
"MINISH.BIN",2903,"","","",""
"MINISH.BIN",2904,"","","",""
"MINISH.BIN",2905,"","","",""
"MINISH.BIN",2906,"","Click to continue","",""
"MINISH.BIN",3001,"Click to continue","Click to continue","",""
"MINISH.BIN",3101,"Click to continue","Return to the Herc Base","",""
"MINISH.BIN",3201,"Return to the Herc Base","See a tutorial on managing your forces between battles","",""
"MINISH.BIN",3202,"See a tutorial on managing your forces between battles","See a tutorial on mission selection","",""
"MINISH.BIN",3203,"See a tutorial on mission selection","See a tutorial on managing your forces during a battle","",""
"MINISH.BIN",3204,"See a tutorial on managing your forces during a battle","See a tutorial on Cybrid intelligence","",""
"MINISH.BIN",3205,"See a tutorial on Cybrid intelligence","See a tutorial on the Buttmaster 2000","",""
"MINISH.BIN",3206,"See a tutorial on the Buttmaster 2000","","",""
"MINISH.BIN",3207,"","Continue...","",""
"MINISH.BIN",3301,"Continue...","Return to the previous menu","",""
"MINISH.BIN",3401,"Return to the previous menu","Select a set of random mission parameters","",""
"MINISH.BIN",3402,"Select a set of random mission parameters","Begin a mission","",""
"MINISH.BIN",3403,"Begin a mission","Select mission type","",""
"MINISH.BIN",3404,"Select mission type","Select a moon or planet","",""
"MINISH.BIN",3405,"Select a moon or planet","Select level of technology","",""
"MINISH.BIN",3406,"Select level of technology","Select Cybrid force level","",""
"MINISH.BIN",3407,"Select Cybrid force level","Quick Encounter","",""
"MINISH.BIN",3408,"Quick Encounter","Select a different scenario","",""
"MINISH.BIN",3409,"Select a different scenario","Select a different scenario","",""
"MINISH.BIN",3410,"Select a different scenario","Select a different scenario","",""
"MINISH.BIN",3411,"Select a different scenario","Select a different world","",""
"MINISH.BIN",3412,"Select a different world","Select a different world","",""
"MINISH.BIN",3413,"Select a different world","Select a different world","",""
"MINISH.BIN",3414,"Select a different world","Decrease the force level","",""
"MINISH.BIN",3415,"Decrease the force level","Change your force level.","",""
"MINISH.BIN",3416,"Change your force level.","Increase the force level","",""
"MINISH.BIN",3417,"Increase the force level","Decrease the Cybrid level","",""
"MINISH.BIN",3418,"Decrease the Cybrid level","Change the Cybrid force level","",""
"MINISH.BIN",3419,"Change the Cybrid force level","Increase the Cybrid force level","",""
"MINISH.BIN",3420,"Increase the Cybrid force level","","",""
"MINISH.BIN",3421,"","","",""
"MINISH.BIN",3422,"","","",""
"MINISH.BIN",3423,"","Close this message box Choose mission or view career stats Return to the General menu","",""
"MINISH.BIN",3424,"Close this message box Choose mission or view career stats Return to the General menu","The Mox Taans Herc Base","",""
"MINISH.BIN",3501,"The Mox Taans Herc Base","Buy, enhance and repair Bioderms","",""
"MINISH.BIN",3502,"Buy, enhance and repair Bioderms","Buy, enhance and repair Hercs","",""
"MINISH.BIN",3503,"Buy, enhance and repair Hercs","Create or join a Multi Player game","",""
"MINISH.BIN",3505,"Create or join a Multi Player game","Return to the General menu","",""
"MINISH.BIN",3506,"Return to the General menu","Bring up the Save Game menu","",""
"MINISH.BIN",3507,"Bring up the Save Game menu","Return to the General menu without saving this game","",""
"MINISH.BIN",3508,"Return to the General menu without saving this game","Return to the Herc Base","",""
"MINISH.BIN",3509,"Return to the Herc Base","Cancel the mission launch","",""
"MINISH.BIN",3510,"Cancel the mission launch","Send your units to the launch screen","",""
"MINISH.BIN",3511,"Send your units to the launch screen","Close this box and return to the Herc Base","",""
"MINISH.BIN",3512,"Close this box and return to the Herc Base","Accept these settings","",""
"MINISH.BIN",3513,"Accept these settings","Change the force level","",""
"MINISH.BIN",3514,"Change the force level","Change the force level","",""
"MINISH.BIN",3515,"Change the force level","Change the force level","",""
"MINISH.BIN",3516,"Change the force level","Change the rank level","",""
"MINISH.BIN",3517,"Change the rank level","Change the rank level","",""
"MINISH.BIN",3518,"Change the rank level","Change the rank level","",""
"MINISH.BIN",3519,"Change the rank level","This is the current force level","",""
"MINISH.BIN",3520,"This is the current force level","This is the current rank level","",""
"MINISH.BIN",3521,"This is the current rank level","","",""
"MINISH.BIN",3522,"","Current status of your forces","",""
"MINISH.BIN",3523,"Current status of your forces","","",""
"MINISH.BIN",3524,"","","",""
"MINISH.BIN",3525,"","","",""
"MINISH.BIN",3526,"","Your current rank value","",""
"MINISH.BIN",3527,"Your current rank value","Your current force value","",""
"MINISH.BIN",3528,"Your current force value","Your current force value","",""
"MINISH.BIN",3529,"Your current force value","Your current rank value","",""
"MINISH.BIN",3530,"Your current rank value","Your current force value","",""
"MINISH.BIN",3531,"Your current force value","DEBUG 6","",""
"MINISH.BIN",3532,"DEBUG 6","DEBUG 7","",""
"MINISH.BIN",3533,"DEBUG 7","DEBUG 8","",""
"MINISH.BIN",3534,"DEBUG 8","DEBUG 9","",""
"MINISH.BIN",3535,"DEBUG 9","DEBUG 10","",""
"MINISH.BIN",3536,"DEBUG 10","DEBUG 11","",""
"MINISH.BIN",3537,"DEBUG 11","DEBUG 12","",""
"MINISH.BIN",3538,"DEBUG 12","Enter the Bioderm Facility","",""
"MINISH.BIN",3601,"Enter the Bioderm Facility","Enter the Herc Bay","",""
"MINISH.BIN",3602,"Enter the Herc Bay","Create or join a Multi Player game","",""
"MINISH.BIN",3604,"Create or join a Multi Player game","The Multi Player Launch menu","",""
"MINISH.BIN",3701,"The Multi Player Launch menu","Begin a Multi Player game now","",""
"MINISH.BIN",3702,"Begin a Multi Player game now","Load a new Multi Player force","",""
"MINISH.BIN",3703,"Load a new Multi Player force","Load a default Multi Player force","",""
"MINISH.BIN",3704,"Load a default Multi Player force","Leave this Multi Player game and return to the Herc Base","",""
"MINISH.BIN",3705,"Leave this Multi Player game and return to the Herc Base","The current players in this game are listed here","",""
"MINISH.BIN",3706,"The current players in this game are listed here","There is a color associated with each force","",""
"MINISH.BIN",3707,"There is a color associated with each force","The force value for each player is listed here","",""
"MINISH.BIN",3708,"The force value for each player is listed here","The rank level of each player is listed here","",""
"MINISH.BIN",3709,"The rank level of each player is listed here","Game parameters which can be changed by the game creator","",""
"MINISH.BIN",3710,"Game parameters which can be changed by the game creator","The maximum force level allowed by the game creator","",""
"MINISH.BIN",3711,"The maximum force level allowed by the game creator","The maximum rank allowed by the game creator","",""
"MINISH.BIN",3712,"The maximum rank allowed by the game creator","The world this game will take place on","",""
"MINISH.BIN",3713,"The world this game will take place on","The level of cybrid forces in this game","",""
"MINISH.BIN",3714,"The level of cybrid forces in this game","The timer setting for this game","",""
"MINISH.BIN",3715,"The timer setting for this game","The fog of war setting for this game","",""
"MINISH.BIN",3716,"The fog of war setting for this game","The drop ship status for this game","",""
"MINISH.BIN",3717,"The drop ship status for this game","The value of this player's forces","",""
"MINISH.BIN",3718,"The value of this player's forces","The value of this player's forces","",""
"MINISH.BIN",3719,"The value of this player's forces","The value of this player's forces","",""
"MINISH.BIN",3720,"The value of this player's forces","The value of this player's forces","",""
"MINISH.BIN",3721,"The value of this player's forces","The value of this player's forces","",""
"MINISH.BIN",3722,"The value of this player's forces","The value of this player's forces","",""
"MINISH.BIN",3723,"The value of this player's forces","The value of this player's forces","",""
"MINISH.BIN",3724,"The value of this player's forces","The value of this player's forces","",""
"MINISH.BIN",3725,"The value of this player's forces","The rank of this player","",""
"MINISH.BIN",3726,"The rank of this player","The rank of this player","",""
"MINISH.BIN",3727,"The rank of this player","The rank of this player","",""
"MINISH.BIN",3728,"The rank of this player","The rank of this player","",""
"MINISH.BIN",3729,"The rank of this player","The rank of this player","",""
"MINISH.BIN",3730,"The rank of this player","The rank of this player","",""
"MINISH.BIN",3731,"The rank of this player","The rank of this player","",""
"MINISH.BIN",3732,"The rank of this player","The rank of this player","",""
"MINISH.BIN",3733,"The rank of this player","","",""
"MINISH.BIN",3734,"","Change the world setting","",""
"MINISH.BIN",3735,"Change the world setting","Change the world setting","",""
"MINISH.BIN",3736,"Change the world setting","Change the world setting","",""
"MINISH.BIN",3737,"Change the world setting","Name of this player or the status of this game slot ","",""
"MINISH.BIN",3738,"Name of this player or the status of this game slot ","Name of this player or the status of this game slot ","",""
"MINISH.BIN",3739,"Name of this player or the status of this game slot ","Name of this player or the status of this game slot ","",""
"MINISH.BIN",3740,"Name of this player or the status of this game slot ","Name of this player or the status of this game slot ","",""
"MINISH.BIN",3741,"Name of this player or the status of this game slot ","Name of this player or the status of this game slot ","",""
"MINISH.BIN",3742,"Name of this player or the status of this game slot ","Name of this player or the status of this game slot ","",""
"MINISH.BIN",3743,"Name of this player or the status of this game slot ","Name of this player or the status of this game slot ","",""
"MINISH.BIN",3744,"Name of this player or the status of this game slot ","Name of this player or the status of this game slot ","",""
"MINISH.BIN",3745,"Name of this player or the status of this game slot ","Your chat text area","",""
"MINISH.BIN",3746,"Your chat text area","Your chat text area","",""
"MINISH.BIN",3747,"Your chat text area","Your chat text area","",""
"MINISH.BIN",3748,"Your chat text area","Your chat text area","",""
"MINISH.BIN",3749,"Your chat text area","Your chat text area","",""
"MINISH.BIN",3750,"Your chat text area","Your chat text area","",""
"MINISH.BIN",3751,"Your chat text area","Your chat text area","",""
"MINISH.BIN",3752,"Your chat text area","Your chat text area","",""
"MINISH.BIN",3753,"Your chat text area","Opponents chat text area","",""
"MINISH.BIN",3754,"Opponents chat text area","Opponents chat text area","",""
"MINISH.BIN",3755,"Opponents chat text area","Opponents chat text area","",""
"MINISH.BIN",3756,"Opponents chat text area","Opponents chat text area","",""
"MINISH.BIN",3757,"Opponents chat text area","Opponents chat text area","",""
"MINISH.BIN",3758,"Opponents chat text area","Opponents chat text area","",""
"MINISH.BIN",3759,"Opponents chat text area","Opponents chat text area","",""
"MINISH.BIN",3760,"Opponents chat text area","Opponents chat text area","",""
"MINISH.BIN",3761,"Opponents chat text area","Game creator's ready box","",""
"MINISH.BIN",3762,"Game creator's ready box","Player ready box","",""
"MINISH.BIN",3763,"Player ready box","Player ready box","",""
"MINISH.BIN",3764,"Player ready box","Player ready box","",""
"MINISH.BIN",3765,"Player ready box","Player ready box","",""
"MINISH.BIN",3766,"Player ready box","Player ready box","",""
"MINISH.BIN",3767,"Player ready box","Player ready box","",""
"MINISH.BIN",3768,"Player ready box","Player ready box","",""
"MINISH.BIN",3769,"Player ready box","Game creator's color","",""
"MINISH.BIN",3770,"Game creator's color","Player color","",""
"MINISH.BIN",3771,"Player color","Player color","",""
"MINISH.BIN",3772,"Player color","Player color","",""
"MINISH.BIN",3773,"Player color","Player color","",""
"MINISH.BIN",3774,"Player color","Player color","",""
"MINISH.BIN",3775,"Player color","Player color","",""
"MINISH.BIN",3776,"Player color","Player color","",""
"MINISH.BIN",3777,"Player color","Drop ship status","",""
"MINISH.BIN",3778,"Drop ship status","Fog of war setting","",""
"MINISH.BIN",3779,"Fog of war setting","The maximum force level allowed by the game creator","",""
"MINISH.BIN",3780,"The maximum force level allowed by the game creator","The maximum rank allowed by the game creator","",""
"MINISH.BIN",3781,"The maximum rank allowed by the game creator","The level of cybrid forces in this game","",""
"MINISH.BIN",3782,"The level of cybrid forces in this game","The timer setting for this game","",""
"MINISH.BIN",3783,"The timer setting for this game","Return to the launch screen","",""
"MINISH.BIN",3785,"Return to the launch screen","Remove this player from the game","",""
"MINISH.BIN",3786,"Remove this player from the game","Return to the launch screen","",""
"MINISH.BIN",3787,"Return to the launch screen","Change the force value limit","",""
"MINISH.BIN",3788,"Change the force value limit","Change the force value limit","",""
"MINISH.BIN",3789,"Change the force value limit","Change the force value limit","",""
"MINISH.BIN",3790,"Change the force value limit","Change the rank limit","",""
"MINISH.BIN",3791,"Change the rank limit","Change the rank limit","",""
"MINISH.BIN",3792,"Change the rank limit","Change the rank limit","",""
"MINISH.BIN",3793,"Change the rank limit","Change the cybrid threat","",""
"MINISH.BIN",3794,"Change the cybrid threat","Change the cybrid threat","",""
"MINISH.BIN",3795,"Change the cybrid threat","Change the cybrid threat","",""
"MINISH.BIN",3796,"Change the cybrid threat","Change the game timer setting","",""
"MINISH.BIN",3797,"Change the game timer setting","Change the game timer setting","",""
"MINISH.BIN",3798,"Change the game timer setting","Change the game timer setting","",""
"MINISH.BIN",3799,"Change the game timer setting","Begin the game now","",""
"MINISH.BIN",3800,"Begin the game now","Return to the launch screen","",""
"MINISH.BIN",3801,"Return to the launch screen","Return to the launch screen","",""
"MINISH.BIN",3802,"Return to the launch screen","Right click here to see a description of this planet.","",""
"MINISH.BIN",3803,"Right click here to see a description of this planet.","","",""
"MINISH.BIN",3805,"Opportunity Fire setting (right-click for info)","","",""
"MINISH.BIN",3806,"","","",""
"MINISH.BIN",3807,"","","",""
"MINISH.BIN",3808,"","","",""
"MINISH.BIN",3809,"","","",""
"MINISH.BIN",3810,"","","",""
"MINISH.BIN",3811,"","","",""
"MINISH.BIN",3812,"","","",""
"MINISH.BIN",3813,"","","",""
"MINISH.BIN",3814,"","","",""
"MINISH.BIN",3815,"","","",""
"MINISH.BIN",3816,"","","",""
"MINISH.BIN",3817,"","","",""
"MINISH.BIN",3818,"","","",""
"MINISH.BIN",3819,"","","",""
"MINISH.BIN",3820,"","","",""
"MINISH.BIN",3821,"","","",""
"MINISH.BIN",3822,"","","",""
"MINISH.BIN",3823,"","","",""
"MINISH.BIN",3824,"","","",""
"MINISH.BIN",3825,"","","",""
"MINISH.BIN",3826,"","","",""
"MINISH.BIN",3827,"","","",""
"MINISH.BIN",3828,"","","",""
"MINISH.BIN",3829,"","","",""
"MINISH.BIN",3830,"","","",""
"MINISH.BIN",3831,"","","",""
"MINISH.BIN",3832,"","","",""
"MINISH.BIN",3833,"","","",""
"MINISH.BIN",3847,"","","",""
"MINISH.BIN",3848,"","","",""
"MINISH.BIN",3853,"","","",""
"MINISH.BIN",3854,"","","",""
"MINISH.BIN",3855,"","","",""
"MINISH.BIN",3856,"","","",""
"MINISH.BIN",3857,"","","",""
"MINISH.BIN",3858,"","","",""
"MINISH.BIN",3859,"","","",""
"MINISH.BIN",3860,"","","",""
"MINISH.BIN",3861,"","","",""
"MINISH.BIN",3862,"","","",""
"MINISH.BIN",3863,"","","",""
"MINISH.BIN",3864,"","","",""
"MINISH.BIN",3865,"","","",""
"MINISH.BIN",3866,"","","",""
"MINISH.BIN",3867,"","","",""
"MINISH.BIN",3868,"","","",""
"MINISH.BIN",3869,"","","",""
"MINISH.BIN",3870,"","","",""
"MINISH.BIN",3871,"","","",""
"MINISH.BIN",3872,"","","",""
"MINISH.BIN",3873,"","","",""
"MINISH.BIN",3874,"","","",""
"MINISH.BIN",3875,"","The Hotseat/PBEM Launch menu","",""
"MINISH.BIN",4001,"The Hotseat/PBEM Launch menu","Begin a Hotseat / PBEM game now","",""
"MINISH.BIN",4002,"Begin a Hotseat / PBEM game now","Load a default force for all players","",""
"MINISH.BIN",4003,"Load a default force for all players","Cancel this game and return to the General Menu","",""
"MINISH.BIN",4004,"Cancel this game and return to the General Menu","The current players in this game are listed here","",""
"MINISH.BIN",4005,"The current players in this game are listed here","The game-file associated with each player","",""
"MINISH.BIN",4006,"The game-file associated with each player","The force value for each player is listed here","",""
"MINISH.BIN",4007,"The force value for each player is listed here","The rank level of each player is listed here","",""
"MINISH.BIN",4008,"The rank level of each player is listed here","Game parameters which can be changed by the game creator","",""
"MINISH.BIN",4009,"Game parameters which can be changed by the game creator","The maximum force level allowed by the game creator","",""
"MINISH.BIN",4010,"The maximum force level allowed by the game creator","The maximum rank allowed by the game creator","",""
"MINISH.BIN",4011,"The maximum rank allowed by the game creator","The world this game will take place on","",""
"MINISH.BIN",4012,"The world this game will take place on","The level of cybrid forces in this game","",""
"MINISH.BIN",4013,"The level of cybrid forces in this game","The timer setting for this game","",""
"MINISH.BIN",4014,"The timer setting for this game","The fog of war setting for this game","",""
"MINISH.BIN",4015,"The fog of war setting for this game","The drop ship status for this game","",""
"MINISH.BIN",4016,"The drop ship status for this game","Shows the value of this player's forces","",""
"MINISH.BIN",4017,"Shows the value of this player's forces","Shows the rank of this player","",""
"MINISH.BIN",4018,"Shows the value of this player's forces","Shows the rank of this player","",""
"MINISH.BIN",4019,"Shows the value of this player's forces","Shows the rank of this player","",""
"MINISH.BIN",4020,"Shows the value of this player's forces","Shows the rank of this player","",""
"MINISH.BIN",4021,"Shows the value of this player's forces","Shows the rank of this player","",""
"MINISH.BIN",4022,"Shows the value of this player's forces","Shows the rank of this player","",""
"MINISH.BIN",4023,"Shows the value of this player's forces","Shows the rank of this player","",""
"MINISH.BIN",4024,"Shows the value of this player's forces","Shows the rank of this player","",""
"MINISH.BIN",4025,"Shows the rank of this player","Shows the name of this player","",""
"MINISH.BIN",4026,"Shows the rank of this player","Shows the name of this player","",""
"MINISH.BIN",4027,"Shows the rank of this player","Shows the name of this player","",""
"MINISH.BIN",4028,"Shows the rank of this player","Shows the name of this player","",""
"MINISH.BIN",4029,"Shows the rank of this player","Shows the name of this player","",""
"MINISH.BIN",4030,"Shows the rank of this player","Shows the name of this player","",""
"MINISH.BIN",4031,"Shows the rank of this player","Shows the name of this player","",""
"MINISH.BIN",4032,"Shows the rank of this player","Shows the name of this player","",""
"MINISH.BIN",4033,"Shows the name of this player","Shows the file name of the players forces","",""
"MINISH.BIN",4034,"Shows the name of this player","Shows the file name of the players forces","",""
"MINISH.BIN",4035,"Shows the name of this player","Shows the file name of the players forces","",""
"MINISH.BIN",4036,"Shows the name of this player","Shows the file name of the players forces","",""
"MINISH.BIN",4037,"Shows the name of this player","Shows the file name of the players forces","",""
"MINISH.BIN",4038,"Shows the name of this player","Shows the file name of the players forces","",""
"MINISH.BIN",4039,"Shows the name of this player","Shows the file name of the players forces","",""
"MINISH.BIN",4040,"Shows the name of this player","Shows the file name of the players forces","",""
"MINISH.BIN",4041,"Shows the file name of the players forces","Shows the players color","",""
"MINISH.BIN",4042,"Shows the file name of the players forces","Shows the players color","",""
"MINISH.BIN",4043,"Shows the file name of the players forces","Shows the players color","",""
"MINISH.BIN",4044,"Shows the file name of the players forces","Shows the players color","",""
"MINISH.BIN",4045,"Shows the file name of the players forces","Shows the players color","",""
"MINISH.BIN",4046,"Shows the file name of the players forces","Shows the players color","",""
"MINISH.BIN",4047,"Shows the file name of the players forces","Shows the players color","",""
"MINISH.BIN",4048,"Shows the file name of the players forces","Shows the players color","",""
"MINISH.BIN",4049,"Shows the players color","Drop ship status","",""
"MINISH.BIN",4050,"Shows the players color","Drop ship status","",""
"MINISH.BIN",4051,"Shows the players color","Drop ship status","",""
"MINISH.BIN",4052,"Shows the players color","Drop ship status","",""
"MINISH.BIN",4053,"Shows the players color","Drop ship status","",""
"MINISH.BIN",4054,"Shows the players color","Drop ship status","",""
"MINISH.BIN",4055,"Shows the players color","Drop ship status","",""
"MINISH.BIN",4056,"Shows the players color","Drop ship status","",""
"MINISH.BIN",4057,"Drop ship status","Fog of war setting","",""
"MINISH.BIN",4058,"Fog of war setting","Change the force value limit","",""
"MINISH.BIN",4059,"Change the force value limit","Change the rank limit","",""
"MINISH.BIN",4060,"Change the force value limit","Change the rank limit","",""
"MINISH.BIN",4061,"Change the force value limit","Change the rank limit","",""
"MINISH.BIN",4062,"Change the rank limit","Change the cybrid threat","",""
"MINISH.BIN",4063,"Change the rank limit","Change the cybrid threat","",""
"MINISH.BIN",4064,"Change the rank limit","Change the cybrid threat","",""
"MINISH.BIN",4065,"Change the cybrid threat","Change the game timer setting","",""
"MINISH.BIN",4066,"Change the cybrid threat","Change the game timer setting","",""
"MINISH.BIN",4067,"Change the cybrid threat","Change the game timer setting","",""
"MINISH.BIN",4068,"Change the game timer setting","Change the world setting","",""
"MINISH.BIN",4069,"Change the game timer setting","Change the world setting","",""
"MINISH.BIN",4070,"Change the game timer setting","Change the world setting","",""
"MINISH.BIN",4071,"Change the world setting","Right click here to see a description of this planet.","",""
"MINISH.BIN",4072,"Change the world setting","Right click here to see a description of this planet.","",""
"MINISH.BIN",4073,"Change the world setting","Right click here to see a description of this planet.","",""
"MINISH.BIN",4074,"Right click here to see a description of this planet.","Opportunity Fire setting (right-click for info)","",""
"MINISH.BIN",4076,"Opportunity Fire setting (right-click for info)","","",""
"MINISH.BIN",4077,"","","",""
"MULTITXT.BIN",1,"Saved force level ( %d ) exceeds game limits( %d )","Invalid Force","param:number",""
"MULTITXT.BIN",2,"Invalid Force","Since you are the only human connected to the game, the timer will be disabled.","",""
"MULTITXT.BIN",3,"Since you are the only human connected to the game, the timer will be disabled.","You were punted from the game.","",""
"MULTITXT.BIN",4,"You were punted from the game.","The session coordinator left -- try again.","",""
"MULTITXT.BIN",5,"The session coordinator left -- try again.","Your modem is not fast enough to play CyberStorm.","",""
"MULTITXT.BIN",6,"Your modem is not fast enough to play CyberStorm.","There are no open player slots in this session.","",""
"MULTITXT.BIN",7,"There are no open player slots in this session.","CyberStorm was unable to establish a connection.","",""
"MULTITXT.BIN",8,"CyberStorm was unable to establish a connection.","Synchronization error found, check monolog.  (This message will not be repeated.)","",""
"MULTITXT.BIN",9,"Synchronization error found, check monolog.  (This message will not be repeated.)","Player %d (%s) is not responding, those forces are now computer controlled.","alt:param:number",""
"MULTITXT.BIN",10,"Player %d (%s) is not responding, those forces are now computer controlled.","Your system was not responding for %d seconds and has been dropped from the game.","param:number|alt:param:number",""
"MULTITXT.BIN",11,"Your system was not responding for %d seconds and has been dropped from the game.","Disconnecting from network","param:number",""
"MULTITXT.BIN",12,"Disconnecting from network","Modem Disconnecting","",""
"MULTITXT.BIN",13,"Modem Disconnecting","

Deploying all units.","",""
"MULTITXT.BIN",14,"

Deploying all units.","

Synchronizing battle launch.","",""
"MULTITXT.BIN",15,"

Synchronizing battle launch.","

Dialing modem","",""
"MULTITXT.BIN",16,"

Dialing modem","","",""
"OPTIONS.BIN",31982,"ǇN/A","DonɣtǇjustǇstandǇthereǁ","",""
"OPTIONS.BIN",31983,"ǇN/A","UseǇDirectPlayǭ","",""
"OPTIONS.BIN",31992,"ǇQuicklyǇrepairǇeverythingǇ","2ǂǂ2","",""
"OPTIONS.BIN",31993,"ǇAutoLinkǇanyǇunlinkedǇunitsǇ","2ǂǂ2","",""
"OPTIONS.BIN",31994,"","","",""
"OPTIONS.BIN",31995,"ǇDifficultyₙǇEasyǇ","IǇchangedǇmyǇmind","",""
"OPTIONS.BIN",31996,"ǇDifficultyₙǇNormalǇ","IǇchangedǇmyǇmind","",""
"OPTIONS.BIN",31997,"ǇDifficultyₙǇHardǇ","IǇchangedǇmyǇmind","",""
"OPTIONS.BIN",31998,"","","",""
"OPTIONS.BIN",32001,"ǇGetǇǂǇcreditǇ","IɣllǇBuyǇThatǇForǇAǇCredit","",""
"OPTIONS.BIN",32002,"ǇGetǇǂ₣000ǇcreditsǇ","ForǇAǇFewǇCreditsǇMore","",""
"OPTIONS.BIN",32003,"ǇGetǇǂ0₣000ǇcreditsǇ","CreditsǇFromǇHeaven","",""
"OPTIONS.BIN",32004,"ǇGetǇǂ00₣000ǇcreditsǇ","IǇNeedǇMoreǇWheat","",""
"OPTIONS.BIN",32005,"ǇGetǇMegaǇcreditsǇ","ItɣsǇGoodǇToǇBeǇTheǇKing","",""
"OPTIONS.BIN",32006,"","","",""
"OPTIONS.BIN",32007,"ǇRepairǇallǇHercsǇandǇpilotsǇ","HealǇMe","",""
"OPTIONS.BIN",32008,"ǇGetǇnewǇmissionsǇtoǇtryǇ","IǇDonɣtǇLikeǇThose","",""
"OPTIONS.BIN",32010,"ǇJumpǇtoǇtheǇnextǇrankǇ","BrownNoser","",""
"OPTIONS.BIN",32011,"ǇBecomeǇMax₦O₦CommanderǇ","GodǇEmperorǇOfǇMǂǭ₞","",""
"OPTIONS.BIN",32012,"ǇBuyǇSpecialǇBGMsǇ","BotoǇBombsǇAnyone–","",""
"OPTIONS.BIN",32013,"ǇAllǇHercsǇareǇpurchasableǇ","HercǇMeǇSomeǇMore","",""
"OPTIONS.BIN",32015,"ǇAllǇtechnologiesǇareǇpurchasableǇ","HeǇWhoǇDiesǇWithǇTheǇMostǇToys","",""
"OPTIONS.BIN",32031,"ǇHealǇcurrentǇpilotǇ","IǇAmǇWholeǇAgain","",""
"OPTIONS.BIN",32032,"ǇEditǇpilotǇdataǇ","LookǇIntoǇMyǇEyes","",""
"OPTIONS.BIN",32033,"ǇRepairǇcurrentǇHercǇ","IɣmǇFeelingǇMuchǇBetter","",""
"OPTIONS.BIN",32034,"ǇEnergizeǇcurrentǇHercǇ","RunǇlikeǇtheǇWind","",""
"OPTIONS.BIN",32035,"ǇRestockǇcurrentǇHercǇ","IɣllǇbeǇBack","",""
"OPTIONS.BIN",32036,"ǇResetǇcurrentǇunitǇ","IǇcheatǇthereforeǇIǇam","",""
"OPTIONS.BIN",32037,"","","",""
"OPTIONS.BIN",32038,"ǇResetǇentireǇforceǇ","HollywoodǇHercs","",""
"OPTIONS.BIN",32039,"ǇMegaEnergizeǇforceǇ","FlyǇLikeǇanǇEagle","",""
"OPTIONS.BIN",32040,"ǇTouchǇɣoǇDeathǇ₫one€Ǉ","NowǇthisǇmightǇstingǇaǇbit","",""
"OPTIONS.BIN",32041,"ǇTouchǇɣoǇDeathǇ₫many€Ǉ","BeǇveryǇafraid","",""
"OPTIONS.BIN",32042,"","","",""
"OPTIONS.BIN",32043,"ǇCrushǇallǇenemiesǇ","DeathǇtoǇallǇwhoǇopposeǇus","",""
"OPTIONS.BIN",32044,"ǇMineǇallǇoreǇ","MineǇyourǇownǇbusiness","",""
"OPTIONS.BIN",32045,"","","",""
"OPTIONS.BIN",32046,"ǇFogǇofǇWarₙǇNoneǇ","HelloǇWorld","",""
"OPTIONS.BIN",32047,"ǇFogǇofǇWarₙǇLittleǇ","HelloǇWorld","",""
"OPTIONS.BIN",32048,"ǇFogǇofǇWarₙǇSomeǇ","HelloǇWorld","",""
"OPTIONS.BIN",32049,"ǇFogǇofǇWarₙǇMostǇ","HelloǇWorld","",""
"OPTIONS.BIN",32050,"ǇFogǇofǇWarₙǇCompleteǇ","HelloǇWorld","",""
"OPTIONS.BIN",32051,"","","",""
"OPTIONS.BIN",32052,"ǇMissionǇ₥ǇAbortedǇ","ReallyBoringDebugStuff","",""
"OPTIONS.BIN",32053,"ǇMissionǇ₥ǇSuccessǇ₫Det€Ǉ","ReallyBoringDebugStuff","",""
"OPTIONS.BIN",32054,"ǇMissionǇ₥ǇSuccessǇ₫Rnd€Ǉ","ReallyBoringDebugStuff","",""
"OPTIONS.BIN",32055,"ǇMissionǇ₥ǇFailureǇ","ReallyBoringDebugStuff","",""
"OPTIONS.BIN",32056,"ǇDestroyǇallǇyourǇunitsǇ","ReallyBoringDebugStuff","",""
"OPTIONS.BIN",32057,"ǇHiliteǇallǇownedǇhexesǇ","ReallyBoringDebugStuff","",""
"OPTIONS.BIN",32058,"ǇResetǇtheǇfog₦of₦warǇ","ReallyBoringDebugStuff","",""
"OPTIONS.BIN",32059,"","","",""
"OPTIONS.BIN",32060,"ǇComputerǇcontrolₙǇNONE","LetǇMeǇHelpǇYou","",""
"OPTIONS.BIN",32061,"ǇComputerǇcontrolₙǇMINE","LetǇMeǇHelpǇYou","",""
"OPTIONS.BIN",32062,"ǇComputerǇcontrolₙǇATTACK","LetǇMeǇHelpǇYou","",""
"OPTIONS.BIN",32070,"ǇN/A","LeaveǇMeǇAlone","",""
"OPTIONS.BIN",32080,"","","",""
"OPTIONS.BIN",32081,"","","",""
"PARASH.BIN",101,"Start the single player menu.","Start the multi player menu.","",""
"PARASH.BIN",102,"Start the multi player menu.","Replay the introduction.","",""
"PARASH.BIN",103,"Replay the introduction.","View the CyberStorm Credits.","",""
"PARASH.BIN",104,"View the CyberStorm Credits.","Exit MissionForce: CyberStorm.  For now.","",""
"PARASH.BIN",105,"Exit MissionForce: CyberStorm.  For now.","Load a saved single player career.","",""
"PARASH.BIN",106,"Load a saved single player career.","Start a new single player career.","",""
"PARASH.BIN",107,"Start a new single player career.","Jump into a single battle with adjustable parameters.","",""
"PARASH.BIN",108,"Jump into a single battle with adjustable parameters.","Return to the General menu.","",""
"PARASH.BIN",109,"Return to the General menu.","Select easy difficulty level.  This refers to the number and types of Cybrids you encounter.","",""
"PARASH.BIN",110,"Select easy difficulty level.  This refers to the number and types of Cybrids you encounter.","Select normal difficulty level.  This refers to the number and types of Cybrids you encounter.","",""
"PARASH.BIN",111,"Select normal difficulty level.  This refers to the number and types of Cybrids you encounter.","Select hard difficulty level.  This refers to the number and types of Cybrids you encounter.","",""
"PARASH.BIN",112,"Select hard difficulty level.  This refers to the number and types of Cybrids you encounter.","Return to the Single Player menu.","",""
"PARASH.BIN",113,"Return to the Single Player menu.","","",""
"PARASH.BIN",114,"","","",""
"PARASH.BIN",115,"","Load a saved multiplayer force.","",""
"PARASH.BIN",116,"Load a saved multiplayer force.","Generate a new multiplayer force.","",""
"PARASH.BIN",117,"Generate a new multiplayer force.","Start a Hotseat or Play-by-EMail game.  This will allow you to several to play against one another on a single computer, or through EMail.","alt:warn:>99chars",""
"PARASH.BIN",118,"Start a Hotseat or Play-by-EMail game.  This will allow you to several to play against one another on a single computer, or through EMail.","Return to the General menu.","","warn:>99chars"
"PARASH.BIN",119,"Return to the General menu.","","",""
"PARASH.BIN",120,"","This is the class name of this Herc or Cybrid.","",""
"PARASH.BIN",121,"This is the class name of this Herc or Cybrid.","The General menu.","",""
"PARASH.BIN",122,"The General menu.","","",""
"PARASH.BIN",123,"","","",""
"PARASH.BIN",124,"","","",""
"PARASH.BIN",125,"","","",""
"PARASH.BIN",126,"","","",""
"PARASH.BIN",127,"","","",""
"PARASH.BIN",128,"","","",""
"PARASH.BIN",129,"","","",""
"PARASH.BIN",130,"","","",""
"PARASH.BIN",131,"","","",""
"PARASH.BIN",132,"","","",""
"PARASH.BIN",133,"","","",""
"PARASH.BIN",134,"","","",""
"PARASH.BIN",135,"","","",""
"PARASH.BIN",136,"","","",""
"PARASH.BIN",137,"","","",""
"PARASH.BIN",138,"","","",""
"PARASH.BIN",139,"","","",""
"PARASH.BIN",140,"","","",""
"PARASH.BIN",141,"","The General menu.","",""
"PARASH.BIN",142,"The General menu.","Single Player menu.","",""
"PARASH.BIN",143,"Single Player menu.","Difficulty Selection menu.","",""
"PARASH.BIN",144,"Difficulty Selection menu.","Multi Player menu.","",""
"PARASH.BIN",145,"Multi Player menu.","See another animation","",""
"PARASH.BIN",201,"See another animation","","",""
"PARASH.BIN",300,"","The Difficulty Setting.  This refers to the number and types of Cybrids you encounter.","",""
"PARASH.BIN",400,"The Difficulty Setting.  This refers to the number and types of Cybrids you encounter.","Select easy difficulty level.","",""
"PARASH.BIN",501,"Select easy difficulty level.","Select normal difficulty level.","",""
"PARASH.BIN",502,"Select normal difficulty level.","Select hard difficulty level.","",""
"PARASH.BIN",503,"Select hard difficulty level.","Return to the Single Player menu.","",""
"PARASH.BIN",505,"Return to the Single Player menu.","The Mox Taans Herc Base.","",""
"PARASH.BIN",601,"The Mox Taans Herc Base.","Buy, enhance and repair Bioderms in the Bioderm Facility.  Bioderms are the genetically engineered beings that pilot your Hercs.  You may also access the Bioderm Facility by clicking on it.","alt:warn:>99chars",""
"PARASH.BIN",602,"Buy, enhance and repair Bioderms in the Bioderm Facility.  Bioderms are the genetically engineered beings that pilot your Hercs.  You may also access the Bioderm Facility by clicking on it.","Buy, upgrade and repair Hercs in the Herc Bay.  You may also access the Herc Bay by clicking on it.","","warn:>99chars"
"PARASH.BIN",603,"Buy, upgrade and repair Hercs in the Herc Bay.  You may also access the Herc Bay by clicking on it.","Choose mission or view career stats in the Herc Command Center.  You may also access the Herc Command Center by clicking on it.","alt:warn:>99chars",""
"PARASH.BIN",604,"Choose mission or view career stats in the Herc Command Center.  You may also access the Herc Command Center by clicking on it.","Launch your Herc Carrier to send your Herc Fleet to the battlefield.  You must have at least one Bioderm linked to one Herc, and a mission chosen in the Command Center.","alt:warn:>99chars","warn:>99chars"
"PARASH.BIN",605,"Launch your Herc Carrier to send your Herc Fleet to the battlefield.  You must have at least one Bioderm linked to one Herc, and a mission chosen in the Command Center.","Return to the General menu.","","warn:>99chars"
"PARASH.BIN",606,"Return to the General menu.","Bring up the save game menu.","",""
"PARASH.BIN",607,"Bring up the save game menu.","Return to the General menu without saving this game.","",""
"PARASH.BIN",608,"Return to the General menu without saving this game.","Close this box and return to the Herc Base.","",""
"PARASH.BIN",609,"Close this box and return to the Herc Base.","Cancel the mission launch.","",""
"PARASH.BIN",610,"Cancel the mission launch.","Send your units to the battlefield.  You must have at least one Bioderm linked to one Herc, and a mission chosen in the Command Center.","alt:warn:>99chars",""
"PARASH.BIN",611,"Send your units to the battlefield.  You must have at least one Bioderm linked to one Herc, and a mission chosen in the Command Center.","Close this box and return to the Herc Base menu.","","warn:>99chars"
"PARASH.BIN",612,"Close this box and return to the Herc Base menu.","The type of mission you have chosen is shown below.","",""
"PARASH.BIN",614,"The type of mission you have chosen is shown below.","This is the type of mission you have chosen.  Be sure that you have configured your forces appropriately.","alt:warn:>99chars",""
"PARASH.BIN",615,"This is the type of mission you have chosen.  Be sure that you have configured your forces appropriately.","Review your Launch status carefully to maximize battlefield performance.","","warn:>99chars"
"PARASH.BIN",616,"Review your Launch status carefully to maximize battlefield performance.","You must have one Bioderm linked to one Herc, and a mission chosen, in order to launch.","",""
"PARASH.BIN",618,"You must have one Bioderm linked to one Herc, and a mission chosen, in order to launch.","The number of Hercs you own is shown at right.  The maximum number of Hercs you are allowed to command is a function of rank. That information is part of your career status displayed in the Herc Command Center.","alt:warn:>99chars",""
"PARASH.BIN",619,"The number of Hercs you own is shown at right.  The maximum number of Hercs you are allowed to command is a function of rank. That information is part of your career status displayed in the Herc Command Center.","The number of Bioderms you own is shown at right.  The maximum number of Bioderms you are allowed to command is a function of rank. That information is part of your career status displayed in the Herc Command Center.","alt:warn:>99chars","warn:>99chars"
"PARASH.BIN",620,"The number of Bioderms you own is shown at right.  The maximum number of Bioderms you are allowed to command is a function of rank. That information is part of your career status displayed in the Herc Command Center.","The number of Bioderms that you have biomechanically linked to your Hercs is shown at right.  Be sure to link all of the Bioderms that you want to go on a mission.  Linking is performed in the Link area of the Bioderm Facility.","alt:warn:>99chars","warn:>99chars"
"PARASH.BIN",621,"The number of Bioderms that you have biomechanically linked to your Hercs is shown at right.  Be sure to link all of the Bioderms that you want to go on a mission.  Linking is performed in the Link area of the Bioderm Facility.","This is the number of Hercs that you own.  The maximum number of Hercs you are allowed to command is a function of rank. That information is part of your career status displayed in the Herc Command Center.","alt:warn:>99chars","warn:>99chars"
"PARASH.BIN",622,"This is the number of Hercs that you own.  The maximum number of Hercs you are allowed to command is a function of rank. That information is part of your career status displayed in the Herc Command Center.","This is the number of Bioderms that you own.  The maximum number of Bioderms you are allowed to command is a function of rank. That information is part of you career status displayed in the Herc Command Center.","alt:warn:>99chars","warn:>99chars"
"PARASH.BIN",623,"This is the number of Bioderms that you own.  The maximum number of Bioderms you are allowed to command is a function of rank. That information is part of you career status displayed in the Herc Command Center.","This is the number of Bioderms that you have biomechanically linked to your Hercs.  Be sure to link all of the Bioderms that you want to go on a mission.  Linking is performed in the Link area of the Bioderm Facility.","alt:warn:>99chars","warn:>99chars"
"PARASH.BIN",624,"This is the number of Bioderms that you have biomechanically linked to your Hercs.  Be sure to link all of the Bioderms that you want to go on a mission.  Linking is performed in the Link area of the Bioderm Facility.","The Bioderm Facility is where you create, heal, and enhance the Bioderms that pilot your Hercs. You also biomechanically link your Bioderms to Hercs in this facility.","alt:warn:>99chars","warn:>99chars"
"PARASH.BIN",701,"The Bioderm Facility is where you create, heal, and enhance the Bioderms that pilot your Hercs. You also biomechanically link your Bioderms to Hercs in this facility.","The Herc Bay is where you buy, upgrade and repair Hercs.","","warn:>99chars"
"PARASH.BIN",702,"The Herc Bay is where you buy, upgrade and repair Hercs.","The Herc Command Center is where you select missions and review your career status.","",""
"PARASH.BIN",703,"The Herc Command Center is where you select missions and review your career status.","Click here to launch your Herc Carrier and send your Herc Fleet to the battlefield.  You must have at least one Bioderm linked to one Herc, and a mission chosen in the Command Center.","alt:warn:>99chars",""
"PARASH.BIN",704,"Click here to launch your Herc Carrier and send your Herc Fleet to the battlefield.  You must have at least one Bioderm linked to one Herc, and a mission chosen in the Command Center.","The Medvat is where you heal and recycle your Bioderms.  Unlinked Bioderms that remain at the Herc Base during a mission heal completely on their own.","alt:warn:>99chars","warn:>99chars"
"PARASH.BIN",801,"The Medvat is where you heal and recycle your Bioderms.  Unlinked Bioderms that remain at the Herc Base during a mission heal completely on their own.","This area biomechanically links your Bioderms to Hercs.  This also assigns them to the Herc Carrier before launching a mission.  Unlinked Bioderms that remain at the Herc Base during a mission heal completely on their own.","alt:warn:>99chars","warn:>99chars"
"PARASH.BIN",802,"The Virtual Reality Enhancement Center is where you download bioelectric skill enhancement program codes to your Bioderms' Genetic Computer Strand Implants to further enhance their skills. The VREC can only increase a skill halfway to the maximum rating attainable by that Bioderm.","Return to the Herc Base.","","warn:>99chars"
"PARASH.BIN",803,"This area biomechanically links your Bioderms to Hercs.  This also assigns them to the Herc Carrier before launching a mission.  Unlinked Bioderms that remain at the Herc Base during a mission heal completely on their own.","The Biovat is where you create Bioderms, the genetically engineered beings that pilot your Hercs.  DNA samples are combined with protoplasm to form a base genetic matrix (BGM).  The Mox Taans Herc Base contains enough BGMs to create seventeen different Bioderms and three protoderms.","alt:warn:>99chars","warn:>99chars"
"PARASH.BIN",804,"The Biovat is where you create Bioderms, the genetically engineered beings that pilot your Hercs.  DNA samples are combined with protoplasm to form a base genetic matrix (BGM).  The Mox Taans Herc Base contains enough BGMs to create seventeen different Bioderms and three protoderms.","The Virtual Reality Enhancement Center is where you download bioelectric skill enhancement program codes to your Bioderms' Genetic Computer Strand Implants to further enhance their skills. The VREC can only increase a skill halfway to the maximum rating attainable by that Bioderm.","alt:warn:>99chars","warn:>99chars"
"PARASH.BIN",805,"Return to the Herc Base.","The Bioderm Facility is where you create, heal, and enhance the Bioderms that pilot your Hercs. You also biomechanically link your Bioderms to Hercs in this facility.","alt:warn:>99chars",""
"PARASH.BIN",806,"The Bioderm Facility is where you create, heal, and enhance the Bioderms that pilot your Hercs. You also biomechanically link your Bioderms to Hercs in this facility.","The Medvat is where you heal and recycle your Bioderms.  Unlinked Bioderms that remain at the Herc Base during a mission heal completely on their own.","alt:warn:>99chars","warn:>99chars"
"PARASH.BIN",901,"The Medvat is where you heal and recycle your Bioderms.  Unlinked Bioderms that remain at the Herc Base during a mission heal completely on their own.","The Virtual Reality Enhancement Center is where you download bioelectric skill enhancement program codes to your Bioderms' Genetic Computer Strand Implants to further enhance their skills. The VREC can only increase a skill halfway to the maximum rating attainable by that Bioderm.","alt:warn:>99chars","warn:>99chars"
"PARASH.BIN",902,"The Virtual Reality Enhancement Center is where you download bioelectric skill enhancement program codes to your Bioderms' Genetic Computer Strand Implants to further enhance their skills. The VREC can only increase a skill halfway to the maximum rating attainable by that Bioderm.","The Link area biomechanically links your Bioderms to Hercs.  This also assigns them to the Herc Carrier before launching a mission.  Unlinked Bioderms that remain at the Herc Base during a mission heal completely on their own.","alt:warn:>99chars","warn:>99chars"
"PARASH.BIN",903,"The Link area biomechanically links your Bioderms to Hercs.  This also assigns them to the Herc Carrier before launching a mission.  Unlinked Bioderms that remain at the Herc Base during a mission heal completely on their own.","The Biovat is where you create Bioderms, the genetically engineered beings that pilot your Hercs.  DNA samples are combined with protoplasm to form a base genetic matrix (BGM).  The Mox Taans Herc Base contains enough BGMs to create seventeen different Bioderms and three protoderms.","alt:warn:>99chars","warn:>99chars"
"PARASH.BIN",904,"The Biovat is where you create Bioderms, the genetically engineered beings that pilot your Hercs.  DNA samples are combined with protoplasm to form a base genetic matrix (BGM).  The Mox Taans Herc Base contains enough BGMs to create seventeen different Bioderms and three protoderms.","Create a new Bioderm.","","warn:>99chars"
"PARASH.BIN",1001,"Create a new Bioderm.","This will save changes and return to the Bioderm Facility main menu.","",""
"PARASH.BIN",1002,"This will save changes and return to the Bioderm Facility main menu.","Cancel changes and return to the Bioderm Facility main menu.","",""
"PARASH.BIN",1003,"Cancel changes and return to the Bioderm Facility main menu.","Close this warning box.","",""
"PARASH.BIN",1004,"Close this warning box.","This is the amount of Unitech Consortium Credits that you have right now.","",""
"PARASH.BIN",1005,"This is the amount of Unitech Consortium Credits that you have right now.","This is the amount it will cost to create a Bioderm from this BGM.  Quality costs more.","",""
"PARASH.BIN",1006,"This is the amount it will cost to create a Bioderm from this BGM.  Quality costs more.","The Biovat is where you create Bioderms, the genetically engineered beings that pilot your Hercs.  DNA samples are combined with protoplasm to form a base genetic matrix (BGM).  The Mox Taans Herc Base contains enough BGMs to create seventeen different Bioderms and three protoderms.","alt:warn:>99chars",""
"PARASH.BIN",1007,"The Biovat is where you create Bioderms, the genetically engineered beings that pilot your Hercs.  DNA samples are combined with protoplasm to form a base genetic matrix (BGM).  The Mox Taans Herc Base contains enough BGMs to create seventeen different Bioderms and three protoderms.","Your rank only allows you to command so many Bioderms at once.  You must go up in rank to command more Bioderms. You can recycle unwanted Bioderms if you want to create more within your limit.","alt:warn:>99chars","warn:>99chars"
"PARASH.BIN",1008,"Your rank only allows you to command so many Bioderms at once.  You must go up in rank to command more Bioderms. You can recycle unwanted Bioderms if you want to create more within your limit.","You do not have enough Credits to perform this action.","","warn:>99chars"
"PARASH.BIN",1009,"You do not have enough Credits to perform this action.","Save changes and switch to the Medvat menu.  Unlinked Bioderms that remain at the Herc Base during a mission heal completely on their own.","alt:warn:>99chars",""
"PARASH.BIN",1101,"Save changes and switch to the Medvat menu.  Unlinked Bioderms that remain at the Herc Base during a mission heal completely on their own.","Save changes and switch to the VREC training menu.","","warn:>99chars"
"PARASH.BIN",1102,"Save changes and switch to the VREC training menu.","Save changes and switch to the Link menu.  Unlinked Bioderms that remain at the Herc Base during a mission heal completely on their own.","alt:warn:>99chars",""
"PARASH.BIN",1103,"Save changes and switch to the Link menu.  Unlinked Bioderms that remain at the Herc Base during a mission heal completely on their own.","Save changes and return to the Bioderm Facility main menu.","","warn:>99chars"
"PARASH.BIN",1104,"Save changes and return to the Bioderm Facility main menu.","Repair this Bioderm's Health by regenerating its tissues. Health is lost when a Bioderm's Herc is hit, or when the Bioderm is hit directly. Health deteriorates incrementally when the Bioderm's toxin threshold is exceeded, or when the Bioderm's Genetic Stability drops below its Instability threshold. Certain corrosive atmospheres will damage health each turn if Life Support has been damaged or, in some cases, completely destroyed.  When Health reaches 0%, the Bioderm is dead.","alt:warn:>99chars",""
"PARASH.BIN",1201,"Repair this Bioderm's Health by regenerating its tissues. Health is lost when a Bioderm's Herc is hit, or when the Bioderm is hit directly. Health deteriorates incrementally when the Bioderm's toxin threshold is exceeded, or when the Bioderm's Genetic Stability drops below its Instability threshold. Certain corrosive atmospheres will damage health each turn if Life Support has been damaged or, in some cases, completely destroyed.  When Health reaches 0%, the Bioderm is dead.","Restore the Bioderm's Genetic Stability to its normal level. Stability is lost when a Bioderm's Herc is hit, or when the Bioderm is hit directly. Stability is also lost with each dose of Jackup Stimgland administered. Stability deteriorates every turn once the Toxin threshold is exceeded. When the Bioderm loses half its Stability it begins to turn  blue, and its skill ratings will drop slightly. Once Stability drops below 0, skill ratings drop sharply.  When a skill rating reaches 0%, the Bioderm will be unable to perform that task.","alt:warn:>99chars","warn:>99chars"
"PARASH.BIN",1202,"Restore the Bioderm's Genetic Stability to its normal level. Stability is lost when a Bioderm's Herc is hit, or when the Bioderm is hit directly. Stability is also lost with each dose of Jackup Stimgland administered. Stability deteriorates every turn once the Toxin threshold is exceeded. When the Bioderm loses half its Stability it begins to turn  blue, and its skill ratings will drop slightly. Once Stability drops below 0, skill ratings drop sharply.  When a skill rating reaches 0%, the Bioderm will be unable to perform that task.","Remove all toxins from this Bioderm.  Toxin buildup occurs only through the use of Stimgland. The two types of Stimgland are Jackup and Placidex.  Jackup increases a Bioderm's chance to hit with weapons, but lowers Genetic Stability.  Placidex rejuvenates lost Stability, but twice as much is needed to counter Jackup's Stability loss.  Once the Toxin threshold is exceeded, additional doses of Stimgland will produce no further beneficial effects.  The Bioderm will lose Health and Stability every turn until treated in the Medvat, or until advanced Life Support lowers the Toxin level below the threshold.","alt:warn:>99chars","warn:>99chars"
"PARASH.BIN",1203,"Remove all toxins from this Bioderm.  Toxin buildup occurs only through the use of Stimgland. The two types of Stimgland are Jackup and Placidex.  Jackup increases a Bioderm's chance to hit with weapons, but lowers Genetic Stability.  Placidex rejuvenates lost Stability, but twice as much is needed to counter Jackup's Stability loss.  Once the Toxin threshold is exceeded, additional doses of Stimgland will produce no further beneficial effects.  The Bioderm will lose Health and Stability every turn until treated in the Medvat, or until advanced Life Support lowers the Toxin level below the threshold.","Regenerate, stabilize, and detoxify all of your Bioderm roster.  Unlinked Bioderms that remain at the Herc Base during a mission heal completely on their own.","alt:warn:>99chars","warn:>99chars"
"PARASH.BIN",1204,"Regenerate, stabilize, and detoxify all of your Bioderm roster.  Unlinked Bioderms that remain at the Herc Base during a mission heal completely on their own.","Reduce this Bioderm to veiny blue protoplasm.  Present condition and age of the Bioderm figure into its recycle value.","alt:warn:>99chars","warn:>99chars"
"PARASH.BIN",1205,"Reduce this Bioderm to veiny blue protoplasm.  Present condition and age of the Bioderm figure into its recycle value.","Save changes and return to the Bioderm Facility main menu.","","warn:>99chars"
"PARASH.BIN",1206,"Save changes and return to the Bioderm Facility main menu.","Cancel changes and return to the Bioderm Facility main menu.","",""
"PARASH.BIN",1207,"Cancel changes and return to the Bioderm Facility main menu.","This is the amount it will cost to regenerate your Bioderm's tissues.","",""
"PARASH.BIN",1208,"This is the amount it will cost to regenerate your Bioderm's tissues.","This is the amount it will cost to stabilize your Bioderm.","",""
"PARASH.BIN",1209,"This is the amount it will cost to stabilize your Bioderm.","This is the amount it will cost to detoxify your Bioderm.","",""
"PARASH.BIN",1210,"This is the amount it will cost to detoxify your Bioderm.","This is the amount it will cost to regenerate, stabilize, and detoxify all of your Bioderm roster.","",""
"PARASH.BIN",1211,"This is the amount it will cost to regenerate, stabilize, and detoxify all of your Bioderm roster.","This is the amount you will receive for recycling this Bioderm.  Present condition and age of the Bioderm figure into its recycle value.","alt:warn:>99chars",""
"PARASH.BIN",1212,"This is the amount you will receive for recycling this Bioderm.  Present condition and age of the Bioderm figure into its recycle value.","This is the amount of Unitech Consortium Credits that you have right now.","","warn:>99chars"
"PARASH.BIN",1213,"This is the amount of Unitech Consortium Credits that you have right now.","The Bioderm Medvat is where you regenerate, stabilize, detoxify and recycle your Bioderms.  Unlinked Bioderms that remain at the Herc Base during a mission heal completely on their own.","alt:warn:>99chars",""
"PARASH.BIN",1214,"The Bioderm Medvat is where you regenerate, stabilize, detoxify and recycle your Bioderms.  Unlinked Bioderms that remain at the Herc Base during a mission heal completely on their own.","Save changes and return to the Bioderm Facility main menu.","","warn:>99chars"
"PARASH.BIN",1301,"Save changes and return to the Bioderm Facility main menu.","Save changes and switch to the VREC training menu.","",""
"PARASH.BIN",1302,"Save changes and switch to the VREC training menu.","Save changes and switch to the Link menu.  Unlinked Bioderms that remain at the Herc Base during a mission heal completely on their own.","alt:warn:>99chars",""
"PARASH.BIN",1303,"Save changes and switch to the Link menu.  Unlinked Bioderms that remain at the Herc Base during a mission heal completely on their own.","Save changes and switch to the Biovat menu.","","warn:>99chars"
"PARASH.BIN",1304,"Save changes and switch to the Biovat menu.","Increase the PILOTING skill of this Bioderm.  The better the piloting skill, the less reactor energy that is required for movement.  A higher piloting skill also lowers an opponent's chance to hit.  The VREC can only increase a skill halfway to the maximum rating attainable by that Bioderm.","alt:warn:>99chars",""
"PARASH.BIN",1401,"Increase the PILOTING skill of this Bioderm.  The better the piloting skill, the less reactor energy that is required for movement.  A higher piloting skill also lowers an opponent's chance to hit.  The VREC can only increase a skill halfway to the maximum rating attainable by that Bioderm.","Increase the ENERGY WEAPON skill of this Bioderm.  Lasers and other energy weapons are needed to bring down an enemy's shields.  The VREC can only increase a skill halfway to the maximum rating attainable by that Bioderm.","alt:warn:>99chars","warn:>99chars"
"PARASH.BIN",1402,"Increase the ENERGY WEAPON skill of this Bioderm.  Lasers and other energy weapons are needed to bring down an enemy's shields.  The VREC can only increase a skill halfway to the maximum rating attainable by that Bioderm.","Increase the MISSILE WEAPON skill of this Bioderm.  Missiles and rockets are highly effective over long ranges against armor not protected by shields, and most do not require a line of sight.  Few can be carried at one time. Energy is not required to fire them.  The VREC can only increase a skill halfway to the maximum rating attainable by that Bioderm.","alt:warn:>99chars","warn:>99chars"
"PARASH.BIN",1403,"Increase the MISSILE WEAPON skill of this Bioderm.  Missiles and rockets are highly effective over long ranges against armor not protected by shields, and most do not require a line of sight.  Few can be carried at one time. Energy is not required to fire them.  The VREC can only increase a skill halfway to the maximum rating attainable by that Bioderm.","Increase the CANNON WEAPON skill of this Bioderm.  Cannons and other ballistic weapons are effective against armor not protected by shields.  They are limited by the amount of ammunition that can be carried, but most use no energy to fire.  The VREC can only increase a skill halfway to the maximum rating attainable by that Bioderm.","alt:warn:>99chars","warn:>99chars"
"PARASH.BIN",1404,"Increase the CANNON WEAPON skill of this Bioderm.  Cannons and other ballistic weapons are effective against armor not protected by shields.  They are limited by the amount of ammunition that can be carried, but most use no energy to fire.  The VREC can only increase a skill halfway to the maximum rating attainable by that Bioderm.","Increase the PLASMA WEAPON skill of this Bioderm.  Plasma weapons do huge damage to shields and lesser damage to armor.  The VREC can only increase a skill halfway to the maximum rating attainable by that Bioderm.","alt:warn:>99chars","warn:>99chars"
"PARASH.BIN",1405,"Increase the PLASMA WEAPON skill of this Bioderm.  Plasma weapons do huge damage to shields and lesser damage to armor.  The VREC can only increase a skill halfway to the maximum rating attainable by that Bioderm.","Increase the ELF WEAPON skill of this Bioderm.  Electron Flux weapons create short range energy whips that are ineffective in damaging shields but pass through them to strike an opponent's armor.  The VREC can only increase a skill halfway to the maximum rating attainable by that Bioderm.","alt:warn:>99chars","warn:>99chars"
"PARASH.BIN",1406,"Increase the ELF WEAPON skill of this Bioderm.  Electron Flux weapons create short range energy whips that are ineffective in damaging shields but pass through them to strike an opponent's armor.  The VREC can only increase a skill halfway to the maximum rating attainable by that Bioderm.","Increase the ADVANCED TECHNOLOGY skills of this Bioderm.  Weapons that fall under this category are either hybrid weapons (like Particle Guns, which deliver an energy-charged ballistic salvo) or employ unconventional forms of energy (like the Neutron Beam Weapon). The VREC can only increase a skill halfway to the maximum rating attainable by that Bioderm.","alt:warn:>99chars","warn:>99chars"
"PARASH.BIN",1407,"Increase the ADVANCED TECHNOLOGY skills of this Bioderm.  Weapons that fall under this category are either hybrid weapons (like Particle Guns, which deliver an energy-charged ballistic salvo) or employ unconventional forms of energy (like the Neutron Beam Weapon). The VREC can only increase a skill halfway to the maximum rating attainable by that Bioderm.","Increase the COMMAND skill of this Bioderm.  The Command rating is the amount of Stability restored to any Bioderm within range.  This effect is cumulative if two Command Bioderms are nearby. Bioderms without a rating in Command can never gain it.  The VREC can only increase a skill halfway to the maximum rating attainable by that Bioderm.","alt:warn:>99chars","warn:>99chars"
"PARASH.BIN",1408,"Increase the COMMAND skill of this Bioderm.  The Command rating is the amount of Stability restored to any Bioderm within range.  This effect is cumulative if two Command Bioderms are nearby. Bioderms without a rating in Command can never gain it.  The VREC can only increase a skill halfway to the maximum rating attainable by that Bioderm.","Save changes and return to the Bioderm Facility main menu.","","warn:>99chars"
"PARASH.BIN",1409,"Save changes and return to the Bioderm Facility main menu.","Cancel changes and return to the Bioderm main menu.","",""
"PARASH.BIN",1410,"Cancel changes and return to the Bioderm main menu.","The Virtual Reality Enhancement Center is where you download bioelectric skill enhancement program codes to your Bioderms' Genetic Computer Strand Implants to further enhance their skills. The VREC can only increase a skill halfway to the maximum rating attainable by that Bioderm.","alt:warn:>99chars",""
"PARASH.BIN",1411,"The Virtual Reality Enhancement Center is where you download bioelectric skill enhancement program codes to your Bioderms' Genetic Computer Strand Implants to further enhance their skills. The VREC can only increase a skill halfway to the maximum rating attainable by that Bioderm.","Close this warning box.","","warn:>99chars"
"PARASH.BIN",1412,"Close this warning box.","This is what it will cost to increase this Bioderm's Piloting skill. If this value is zero, it is because the VREC can only increase a skill halfway to the maximum rating attainable by that Bioderm.","alt:warn:>99chars",""
"PARASH.BIN",1413,"This is what it will cost to increase this Bioderm's Piloting skill. If this value is zero, it is because the VREC can only increase a skill halfway to the maximum rating attainable by that Bioderm.","This is what it will cost to increase this Bioderm's skill with Energy weapons. If this value is zero, it is because the VREC can only increase a skill halfway to the maximum rating attainable by that Bioderm.","alt:warn:>99chars","warn:>99chars"
"PARASH.BIN",1414,"This is what it will cost to increase this Bioderm's skill with Energy weapons. If this value is zero, it is because the VREC can only increase a skill halfway to the maximum rating attainable by that Bioderm.","This is what it will cost to increase this Bioderm's skill with Missile weapons. If this value is zero, it is because the VREC can only increase a skill halfway to the maximum rating attainable by that Bioderm.","alt:warn:>99chars","warn:>99chars"
"PARASH.BIN",1415,"This is what it will cost to increase this Bioderm's skill with Missile weapons. If this value is zero, it is because the VREC can only increase a skill halfway to the maximum rating attainable by that Bioderm.","This is what it will cost to increase this Bioderm's skill with Cannon weapons. If this value is zero, it is because the VREC can only increase a skill halfway to the maximum rating attainable by that Bioderm.","alt:warn:>99chars","warn:>99chars"
"PARASH.BIN",1416,"This is what it will cost to increase this Bioderm's skill with Cannon weapons. If this value is zero, it is because the VREC can only increase a skill halfway to the maximum rating attainable by that Bioderm.","This is what it will cost to increase this Bioderm's skill with Plasma weapons. If this value is zero, it is because the VREC can only increase a skill halfway to the maximum rating attainable by that Bioderm.","alt:warn:>99chars","warn:>99chars"
"PARASH.BIN",1417,"This is what it will cost to increase this Bioderm's skill with Plasma weapons. If this value is zero, it is because the VREC can only increase a skill halfway to the maximum rating attainable by that Bioderm.","This is what it will cost to increase this Bioderm's skill with ELF weapons. If this value is zero, it is because the VREC can only increase a skill halfway to the maximum rating attainable by that Bioderm.","alt:warn:>99chars","warn:>99chars"
"PARASH.BIN",1418,"This is what it will cost to increase this Bioderm's skill with ELF weapons. If this value is zero, it is because the VREC can only increase a skill halfway to the maximum rating attainable by that Bioderm.","This is what it will cost to increase this Bioderm's skill with Advanced Technology. If this value is zero, it is because the VREC can only increase a skill halfway to the maximum rating attainable by that Bioderm.","alt:warn:>99chars","warn:>99chars"
"PARASH.BIN",1419,"This is what it will cost to increase this Bioderm's skill with Advanced Technology. If this value is zero, it is because the VREC can only increase a skill halfway to the maximum rating attainable by that Bioderm.","This is what it will cost to increase this Bioderm's polarizing electromagnetic Command field.","","warn:>99chars"
"PARASH.BIN",1420,"This is what it will cost to increase this Bioderm's polarizing electromagnetic Command field.","This is the amount of Unitech Consortium Credits that you have right now.","",""
"PARASH.BIN",1421,"This is the amount of Unitech Consortium Credits that you have right now.","You do not have enough Credits to perform this action.","",""
"PARASH.BIN",1422,"You do not have enough Credits to perform this action.","Save changes and switch to the Medvat menu.  Unlinked Bioderms that remain at the Herc Base during a mission heal completely on their own.","alt:warn:>99chars",""
"PARASH.BIN",1501,"Save changes and switch to the Medvat menu.  Unlinked Bioderms that remain at the Herc Base during a mission heal completely on their own.","Save changes and return to the Bioderm Facility main menu.","","warn:>99chars"
"PARASH.BIN",1502,"Save changes and return to the Bioderm Facility main menu.","Save changes and switch to the Link menu.  Unlinked Bioderms that remain at the Herc Base during a mission heal completely on their own.","alt:warn:>99chars",""
"PARASH.BIN",1503,"Save changes and switch to the Link menu.  Unlinked Bioderms that remain at the Herc Base during a mission heal completely on their own.","Save changes and switch to the Biovat menu.","","warn:>99chars"
"PARASH.BIN",1504,"Save changes and switch to the Biovat menu.","Link this Bioderm to a Herc.  Unlinked Bioderms that remain at the Herc Base during a mission heal completely on their own.","alt:warn:>99chars",""
"PARASH.BIN",1601,"Link this Bioderm to a Herc.  Unlinked Bioderms that remain at the Herc Base during a mission heal completely on their own.","Unlink this Bioderm from its Herc.  Unlinked Bioderms that remain at the Herc Base during a mission heal completely on their own.","alt:warn:>99chars","warn:>99chars"
"PARASH.BIN",1602,"Unlink this Bioderm from its Herc.  Unlinked Bioderms that remain at the Herc Base during a mission heal completely on their own.","Unlink all Herc-Bioderm units.  Unlinked Bioderms that remain at the Herc Base during a mission heal completely on their own.","alt:warn:>99chars","warn:>99chars"
"PARASH.BIN",1603,"Unlink all Herc-Bioderm units.  Unlinked Bioderms that remain at the Herc Base during a mission heal completely on their own.","Autolink all Bioderms to Hercs.  For maximum effectiveness, Unlink All first.","","warn:>99chars"
"PARASH.BIN",1604,"Autolink all Bioderms to Hercs.  For maximum effectiveness, Unlink All first.","Save changes and return to the Bioderm Facility main menu.","",""
"PARASH.BIN",1605,"Save changes and return to the Bioderm Facility main menu.","Return to the Bioderm Facility main menu without saving changes","",""
"PARASH.BIN",1606,"Return to the Bioderm Facility main menu without saving changes","The Link area biomechanically links your Bioderms to Hercs.  This also assigns them to the Herc Carrier before launching a mission.  Unlinked Bioderms that remain at the Herc Base during a mission heal completely on their own.","alt:warn:>99chars",""
"PARASH.BIN",1607,"The Link area biomechanically links your Bioderms to Hercs.  This also assigns them to the Herc Carrier before launching a mission.  Unlinked Bioderms that remain at the Herc Base during a mission heal completely on their own.","This is the amount of Unitech Consortium Credits that you have right now.","","warn:>99chars"
"PARASH.BIN",1608,"This is the amount of Unitech Consortium Credits that you have right now.","Save changes and return to the Medvat menu.  Unlinked Bioderms that remain at the Herc Base during a mission heal completely on their own.","alt:warn:>99chars",""
"PARASH.BIN",1701,"Save changes and return to the Medvat menu.  Unlinked Bioderms that remain at the Herc Base during a mission heal completely on their own.","Save changes and switch to the VREC training menu.","","warn:>99chars"
"PARASH.BIN",1702,"Save changes and switch to the VREC training menu.","Save changes and switch to the Bioderm Facility main menu.","",""
"PARASH.BIN",1703,"Save changes and switch to the Bioderm Facility main menu.","Save changes and switch to the Biovat menu.","",""
"PARASH.BIN",1704,"Save changes and switch to the Biovat menu.","Select a Herc to purchase.","",""
"PARASH.BIN",1801,"Select a Herc to purchase.","Select a Herc to upgrade.","",""
"PARASH.BIN",1802,"Select a Herc to upgrade.","Return to the Herc Base menu.","",""
"PARASH.BIN",1803,"Return to the Herc Base menu.","Click to close this warning box.","",""
"PARASH.BIN",1804,"Click to close this warning box.","This is the amount of Unitech Consortium Credits that you have right now.","",""
"PARASH.BIN",1805,"This is the amount of Unitech Consortium Credits that you have right now.","The Herc Bay is where you buy, upgrade and repair Hercs.","",""
"PARASH.BIN",1806,"The Herc Bay is where you buy, upgrade and repair Hercs.","View details of this Herc.","",""
"PARASH.BIN",1901,"View details of this Herc.","View details of this Herc.","",""
"PARASH.BIN",1902,"View details of this Herc.","","",""
"PARASH.BIN",1903,"View details of this Herc.","","",""
"PARASH.BIN",1904,"View details of this Herc.","","",""
"PARASH.BIN",1905,"View details of this Herc.","","",""
"PARASH.BIN",1906,"View details of this Herc.","","",""
"PARASH.BIN",1907,"View details of this Herc.","","",""
"PARASH.BIN",1908,"View details of this Herc.","","",""
"PARASH.BIN",1909,"View details of this Herc.","","",""
"PARASH.BIN",1910,"View details of this Herc.","","",""
"PARASH.BIN",1911,"View details of this Herc.","","",""
"PARASH.BIN",1912,"View details of this Herc.","","",""
"PARASH.BIN",1913,"View details of this Herc.","","",""
"PARASH.BIN",1914,"View details of this Herc.","","",""
"PARASH.BIN",1915,"View details of this Herc.","","",""
"PARASH.BIN",1916,"","","",""
"PARASH.BIN",1917,"","","",""
"PARASH.BIN",1918,"","","",""
"PARASH.BIN",1919,"","","",""
"PARASH.BIN",1920,"","","",""
"PARASH.BIN",1921,"","","",""
"PARASH.BIN",1922,"","","",""
"PARASH.BIN",1923,"","","",""
"PARASH.BIN",1924,"","","",""
"PARASH.BIN",1925,"","","",""
"PARASH.BIN",1926,"","","",""
"PARASH.BIN",1927,"","","",""
"PARASH.BIN",1928,"","","",""
"PARASH.BIN",1929,"","This is the purchase price in Credits.","",""
"PARASH.BIN",1930,"This is the purchase price in Credits.","Cancel changes and return to the Herc Bay menu.","",""
"PARASH.BIN",1931,"Cancel changes and return to the Herc Bay menu.","Save changes and return to the Herc Bay menu.","",""
"PARASH.BIN",1932,"Save changes and return to the Herc Bay menu.","Click here to close this warning box.","",""
"PARASH.BIN",1933,"Click here to close this warning box.","Scroll the Herc list up.","",""
"PARASH.BIN",1934,"Scroll the Herc list up.","Scroll the Herc list up or down.","",""
"PARASH.BIN",1935,"Scroll the Herc list up or down.","Scroll the Herc list down.","",""
"PARASH.BIN",1936,"Scroll the Herc list down.","This is the amount of Unitech Consortium Credits that you have right now.","",""
"PARASH.BIN",1937,"This is the amount of Unitech Consortium Credits that you have right now.","Return to the Purchase menu.","",""
"PARASH.BIN",1938,"Return to the Purchase menu.","Click to purchase this Herc package.","",""
"PARASH.BIN",1939,"Click to purchase this Herc package.","Scroll this list up.","",""
"PARASH.BIN",1940,"Scroll this list up.","Scroll this list up or down.","",""
"PARASH.BIN",1941,"Scroll this list up or down.","Scroll this list down.","",""
"PARASH.BIN",1942,"Scroll this list down.","Purchase Hercs here.","",""
"PARASH.BIN",1943,"Purchase Hercs here.","General information about this Herc.","",""
"PARASH.BIN",1944,"General information about this Herc.","These are the Hercs available at your rank.","",""
"PARASH.BIN",1945,"These are the Hercs available at your rank.","This is the amount of reactor power available for this Herc per turn not automatically allotted to systems.","alt:warn:>99chars",""
"PARASH.BIN",1946,"This is the amount of reactor power available for this Herc per turn not automatically allotted to systems.","How far a Herc moves depends on its chassis, reactor, drive system, and encumbrance.","","warn:>99chars"
"PARASH.BIN",1947,"How far a Herc moves depends on its chassis, reactor, drive system, and encumbrance.","Configuration specifications.","",""
"PARASH.BIN",1948,"Configuration specifications.","Insufficient Credits to perform this task.","",""
"PARASH.BIN",1949,"Insufficient Credits to perform this task.","","",""
"PARASH.BIN",1950,"","This list is full.","",""
"PARASH.BIN",1952,"This list is full.","","",""
"PARASH.BIN",1953,"","","",""
"PARASH.BIN",1954,"","Rank required to purchase.","",""
"PARASH.BIN",1955,"Rank required to purchase.","Upgrade, Repair or Sell this Herc.","",""
"PARASH.BIN",2001,"Upgrade, Repair or Sell this Herc.","Upgrade, Repair or Sell this Herc.","",""
"PARASH.BIN",2002,"Upgrade, Repair or Sell this Herc.","Price in Unitech Consortium Credits.","",""
"PARASH.BIN",2003,"Upgrade, Repair or Sell this Herc.","Price in Unitech Consortium Credits.","",""
"PARASH.BIN",2004,"Upgrade, Repair or Sell this Herc.","Price in Unitech Consortium Credits.","",""
"PARASH.BIN",2005,"Upgrade, Repair or Sell this Herc.","Price in Unitech Consortium Credits.","",""
"PARASH.BIN",2006,"Upgrade, Repair or Sell this Herc.","Price in Unitech Consortium Credits.","",""
"PARASH.BIN",2007,"Upgrade, Repair or Sell this Herc.","Price in Unitech Consortium Credits.","",""
"PARASH.BIN",2008,"Upgrade, Repair or Sell this Herc.","Price in Unitech Consortium Credits.","",""
"PARASH.BIN",2009,"Upgrade, Repair or Sell this Herc.","Price in Unitech Consortium Credits.","",""
"PARASH.BIN",2010,"Upgrade, Repair or Sell this Herc.","Price in Unitech Consortium Credits.","",""
"PARASH.BIN",2011,"Upgrade, Repair or Sell this Herc.","Price in Unitech Consortium Credits.","",""
"PARASH.BIN",2012,"Upgrade, Repair or Sell this Herc.","Price in Unitech Consortium Credits.","",""
"PARASH.BIN",2013,"Upgrade, Repair or Sell this Herc.","Price in Unitech Consortium Credits.","",""
"PARASH.BIN",2014,"Upgrade, Repair or Sell this Herc.","Price in Unitech Consortium Credits.","",""
"PARASH.BIN",2015,"Upgrade, Repair or Sell this Herc.","Price in Unitech Consortium Credits.","",""
"PARASH.BIN",2016,"Upgrade, Repair or Sell this Herc.","Price in Unitech Consortium Credits.","",""
"PARASH.BIN",2017,"Upgrade, Repair or Sell this Herc.","Price in Unitech Consortium Credits.","",""
"PARASH.BIN",2018,"Upgrade, Repair or Sell this Herc.","Price in Unitech Consortium Credits.","",""
"PARASH.BIN",2019,"Upgrade, Repair or Sell this Herc.","Price in Unitech Consortium Credits.","",""
"PARASH.BIN",2020,"Upgrade, Repair or Sell this Herc.","Price in Unitech Consortium Credits.","",""
"PARASH.BIN",2021,"Upgrade, Repair or Sell this Herc.","Price in Unitech Consortium Credits.","",""
"PARASH.BIN",2022,"Upgrade, Repair or Sell this Herc.","Price in Unitech Consortium Credits.","",""
"PARASH.BIN",2023,"Upgrade, Repair or Sell this Herc.","Price in Unitech Consortium Credits.","",""
"PARASH.BIN",2024,"Upgrade, Repair or Sell this Herc.","Price in Unitech Consortium Credits.","",""
"PARASH.BIN",2025,"Price in Unitech Consortium Credits.","This is the amount of Unitech Consortium Credits that you have right now.","",""
"PARASH.BIN",2026,"Price in Unitech Consortium Credits.","This is the amount of Unitech Consortium Credits that you have right now.","",""
"PARASH.BIN",2027,"Price in Unitech Consortium Credits.","This is the amount of Unitech Consortium Credits that you have right now.","",""
"PARASH.BIN",2028,"Price in Unitech Consortium Credits.","This is the amount of Unitech Consortium Credits that you have right now.","",""
"PARASH.BIN",2029,"Price in Unitech Consortium Credits.","This is the amount of Unitech Consortium Credits that you have right now.","",""
"PARASH.BIN",2030,"Price in Unitech Consortium Credits.","This is the amount of Unitech Consortium Credits that you have right now.","",""
"PARASH.BIN",2031,"Price in Unitech Consortium Credits.","This is the amount of Unitech Consortium Credits that you have right now.","",""
"PARASH.BIN",2032,"Price in Unitech Consortium Credits.","This is the amount of Unitech Consortium Credits that you have right now.","",""
"PARASH.BIN",2033,"Price in Unitech Consortium Credits.","This is the amount of Unitech Consortium Credits that you have right now.","",""
"PARASH.BIN",2034,"Price in Unitech Consortium Credits.","This is the amount of Unitech Consortium Credits that you have right now.","",""
"PARASH.BIN",2035,"Price in Unitech Consortium Credits.","This is the amount of Unitech Consortium Credits that you have right now.","",""
"PARASH.BIN",2036,"Price in Unitech Consortium Credits.","This is the amount of Unitech Consortium Credits that you have right now.","",""
"PARASH.BIN",2037,"Price in Unitech Consortium Credits.","This is the amount of Unitech Consortium Credits that you have right now.","",""
"PARASH.BIN",2038,"Price in Unitech Consortium Credits.","This is the amount of Unitech Consortium Credits that you have right now.","",""
"PARASH.BIN",2039,"Price in Unitech Consortium Credits.","This is the amount of Unitech Consortium Credits that you have right now.","",""
"PARASH.BIN",2040,"Price in Unitech Consortium Credits.","This is the amount of Unitech Consortium Credits that you have right now.","",""
"PARASH.BIN",2041,"Price in Unitech Consortium Credits.","This is the amount of Unitech Consortium Credits that you have right now.","",""
"PARASH.BIN",2042,"Price in Unitech Consortium Credits.","This is the amount of Unitech Consortium Credits that you have right now.","",""
"PARASH.BIN",2043,"Price in Unitech Consortium Credits.","This is the amount of Unitech Consortium Credits that you have right now.","",""
"PARASH.BIN",2044,"Price in Unitech Consortium Credits.","This is the amount of Unitech Consortium Credits that you have right now.","",""
"PARASH.BIN",2045,"Price in Unitech Consortium Credits.","This is the amount of Unitech Consortium Credits that you have right now.","",""
"PARASH.BIN",2046,"Price in Unitech Consortium Credits.","This is the amount of Unitech Consortium Credits that you have right now.","",""
"PARASH.BIN",2047,"Price in Unitech Consortium Credits.","This is the amount of Unitech Consortium Credits that you have right now.","",""
"PARASH.BIN",2048,"Price in Unitech Consortium Credits.","This is the amount of Unitech Consortium Credits that you have right now.","",""
"PARASH.BIN",2049,"This is the amount of Unitech Consortium Credits that you have right now.","Return to the Herc Bay main menu.","",""
"PARASH.BIN",2050,"Return to the Herc Bay main menu.","Scroll the Herc list up.","",""
"PARASH.BIN",2051,"Scroll the Herc list up.","Scroll the Herc list up or down.","",""
"PARASH.BIN",2052,"Scroll the Herc list up or down.","Scroll the Herc list down.","",""
"PARASH.BIN",2053,"Scroll the Herc list down.","This area is for upgrading, repairing, and selling Hercs.","",""
"PARASH.BIN",2054,"This area is for upgrading, repairing, and selling Hercs.","This is a list of available Hercs currently in your inventory.","",""
"PARASH.BIN",2055,"This is a list of available Hercs currently in your inventory.","This is the amount of reactor power available for this Herc per turn not automatically allotted to systems.","alt:warn:>99chars",""
"PARASH.BIN",2056,"This is the amount of reactor power available for this Herc per turn not automatically allotted to systems.","How far a Herc moves depends on its chassis, reactor, drive system, and encumbrance.","","warn:>99chars"
"PARASH.BIN",2057,"How far a Herc moves depends on its chassis, reactor, drive system, and encumbrance.","Upgrade or swap this component.","",""
"PARASH.BIN",2201,"Upgrade or swap this component.","Upgrade or swap this component.","",""
"PARASH.BIN",2202,"Upgrade or swap this component.","Repair this component 10% per click.","alt:param:template",""
"PARASH.BIN",2203,"Upgrade or swap this component.","Repair this component 10% per click.","alt:param:template",""
"PARASH.BIN",2204,"Upgrade or swap this component.","Repair this component 10% per click.","alt:param:template",""
"PARASH.BIN",2205,"Upgrade or swap this component.","Repair this component 10% per click.","alt:param:template",""
"PARASH.BIN",2206,"Upgrade or swap this component.","Repair this component 10% per click.","alt:param:template",""
"PARASH.BIN",2207,"Upgrade or swap this component.","Repair this component 10% per click.","alt:param:template",""
"PARASH.BIN",2208,"Upgrade or swap this component.","Repair this component 10% per click.","alt:param:template",""
"PARASH.BIN",2209,"Upgrade or swap this component.","Repair this component 10% per click.","alt:param:template",""
"PARASH.BIN",2210,"Upgrade or swap this component.","Repair this component 10% per click.","alt:param:template",""
"PARASH.BIN",2211,"Upgrade or swap this component.","Repair this component 10% per click.","alt:param:template",""
"PARASH.BIN",2212,"Upgrade or swap this component.","Repair this component 10% per click.","alt:param:template",""
"PARASH.BIN",2213,"Upgrade or swap this component.","Repair this component 10% per click.","alt:param:template",""
"PARASH.BIN",2214,"Upgrade or swap this component.","Repair this component 10% per click.","alt:param:template",""
"PARASH.BIN",2215,"Upgrade or swap this component.","Repair this component 10% per click.","alt:param:template",""
"PARASH.BIN",2216,"Upgrade or swap this component.","Repair this component 10% per click.","alt:param:template",""
"PARASH.BIN",2217,"Upgrade or swap this component.","Repair this component 10% per click.","alt:param:template",""
"PARASH.BIN",2218,"Upgrade or swap this component.","Repair this component 10% per click.","alt:param:template",""
"PARASH.BIN",2219,"Upgrade or swap this component.","Repair this component 10% per click.","alt:param:template",""
"PARASH.BIN",2220,"Upgrade or swap this component.","Repair this component 10% per click.","alt:param:template",""
"PARASH.BIN",2221,"Upgrade or swap this component.","Repair this component 10% per click.","alt:param:template",""
"PARASH.BIN",2222,"Upgrade or swap this component.","Repair this component 10% per click.","alt:param:template",""
"PARASH.BIN",2223,"Upgrade or swap this component.","Repair this component 10% per click.","alt:param:template",""
"PARASH.BIN",2224,"Repair this component 10% per click.","Repair this component 10% per click.","param:template|alt:param:template",""
"PARASH.BIN",2225,"Repair this component 10% per click.","Cancel changes and return to the Manage Hercs menu.","param:template",""
"PARASH.BIN",2226,"Repair this component 10% per click.","Cancel changes and return to the Manage Hercs menu.","param:template",""
"PARASH.BIN",2227,"Repair this component 10% per click.","Cancel changes and return to the Manage Hercs menu.","param:template",""
"PARASH.BIN",2228,"Repair this component 10% per click.","Cancel changes and return to the Manage Hercs menu.","param:template",""
"PARASH.BIN",2229,"Repair this component 10% per click.","Cancel changes and return to the Manage Hercs menu.","param:template",""
"PARASH.BIN",2230,"Repair this component 10% per click.","Cancel changes and return to the Manage Hercs menu.","param:template",""
"PARASH.BIN",2231,"Repair this component 10% per click.","Cancel changes and return to the Manage Hercs menu.","param:template",""
"PARASH.BIN",2232,"Repair this component 10% per click.","Cancel changes and return to the Manage Hercs menu.","param:template",""
"PARASH.BIN",2233,"Repair this component 10% per click.","Cancel changes and return to the Manage Hercs menu.","param:template",""
"PARASH.BIN",2234,"Repair this component 10% per click.","Cancel changes and return to the Manage Hercs menu.","param:template",""
"PARASH.BIN",2235,"Repair this component 10% per click.","Cancel changes and return to the Manage Hercs menu.","param:template",""
"PARASH.BIN",2236,"Repair this component 10% per click.","Cancel changes and return to the Manage Hercs menu.","param:template",""
"PARASH.BIN",2237,"Repair this component 10% per click.","Cancel changes and return to the Manage Hercs menu.","param:template",""
"PARASH.BIN",2238,"Repair this component 10% per click.","Cancel changes and return to the Manage Hercs menu.","param:template",""
"PARASH.BIN",2239,"Repair this component 10% per click.","Cancel changes and return to the Manage Hercs menu.","param:template",""
"PARASH.BIN",2240,"Repair this component 10% per click.","Cancel changes and return to the Manage Hercs menu.","param:template",""
"PARASH.BIN",2241,"Repair this component 10% per click.","Cancel changes and return to the Manage Hercs menu.","param:template",""
"PARASH.BIN",2242,"Repair this component 10% per click.","Cancel changes and return to the Manage Hercs menu.","param:template",""
"PARASH.BIN",2243,"Repair this component 10% per click.","Cancel changes and return to the Manage Hercs menu.","param:template",""
"PARASH.BIN",2244,"Repair this component 10% per click.","Cancel changes and return to the Manage Hercs menu.","param:template",""
"PARASH.BIN",2245,"Repair this component 10% per click.","Cancel changes and return to the Manage Hercs menu.","param:template",""
"PARASH.BIN",2246,"Repair this component 10% per click.","Cancel changes and return to the Manage Hercs menu.","param:template",""
"PARASH.BIN",2247,"Cancel changes and return to the Manage Hercs menu.","Save changes and return to the Manage Hercs menu.","",""
"PARASH.BIN",2248,"Save changes and return to the Manage Hercs menu.","Bring up the Repair menu.","",""
"PARASH.BIN",2249,"Bring up the Repair menu.","Bring up the Sell menu.","",""
"PARASH.BIN",2250,"Bring up the Sell menu.","This is the amount of Unitech Consortium Credits that you have right now.","",""
"PARASH.BIN",2251,"This is the amount of Unitech Consortium Credits that you have right now.","Rename this Herc.  Hercs are given the name of their chassis type by default. Subsequent naming in this fashion is numerical, i.e. Shadow:1, Shadow:2, etc.","alt:warn:>99chars",""
"PARASH.BIN",2252,"Rename this Herc.  Hercs are given the name of their chassis type by default. Subsequent naming in this fashion is numerical, i.e. Shadow:1, Shadow:2, etc.","Sell this Herc.  The resale value of a Herc is based on its present condition.","","warn:>99chars"
"PARASH.BIN",2253,"Sell this Herc.  The resale value of a Herc is based on its present condition.","Cancel this sale.","",""
"PARASH.BIN",2254,"Cancel this sale.","The resale value of a Herc is based on its present condition.","",""
"PARASH.BIN",2255,"The resale value of a Herc is based on its present condition.","Sell this Herc.  The resale value of a Herc is based on its present condition.","",""
"PARASH.BIN",2256,"Sell this Herc.  The resale value of a Herc is based on its present condition.","Completely repair all of your Hercs.","",""
"PARASH.BIN",2257,"Completely repair all of your Hercs.","Repair this Herc.","",""
"PARASH.BIN",2258,"Repair this Herc.","Cancel this repair.","",""
"PARASH.BIN",2259,"Cancel this repair.","Completely repair all of your Hercs.","",""
"PARASH.BIN",2260,"Completely repair all of your Hercs.","This is how much it will cost to completely repair all of your Hercs.","",""
"PARASH.BIN",2261,"This is how much it will cost to completely repair all of your Hercs.","Repair this Herc.","",""
"PARASH.BIN",2262,"Repair this Herc.","This is how much it will cost to completely repair this Herc.","",""
"PARASH.BIN",2263,"This is how much it will cost to completely repair this Herc.","Complete this transaction.","",""
"PARASH.BIN",2264,"Complete this transaction.","Leave this menu without purchasing an upgrade.","",""
"PARASH.BIN",2265,"Leave this menu without purchasing an upgrade.","Select component.","",""
"PARASH.BIN",2266,"Select component.","Cost of upgrade.","",""
"PARASH.BIN",2267,"Select component.","Cost of upgrade.","",""
"PARASH.BIN",2268,"Select component.","Cost of upgrade.","",""
"PARASH.BIN",2269,"Select component.","Cost of upgrade.","",""
"PARASH.BIN",2270,"Select component.","Cost of upgrade.","",""
"PARASH.BIN",2271,"Select component.","Cost of upgrade.","",""
"PARASH.BIN",2272,"Select component.","Cost of upgrade.","",""
"PARASH.BIN",2273,"Select component.","Cost of upgrade.","",""
"PARASH.BIN",2274,"Cost of upgrade.","Scroll the list up.","",""
"PARASH.BIN",2275,"Cost of upgrade.","Scroll the list up.","",""
"PARASH.BIN",2276,"Cost of upgrade.","Scroll the list up.","",""
"PARASH.BIN",2277,"Cost of upgrade.","Scroll the list up.","",""
"PARASH.BIN",2278,"Cost of upgrade.","Scroll the list up.","",""
"PARASH.BIN",2279,"Cost of upgrade.","Scroll the list up.","",""
"PARASH.BIN",2280,"Cost of upgrade.","Scroll the list up.","",""
"PARASH.BIN",2281,"Cost of upgrade.","Scroll the list up.","",""
"PARASH.BIN",2282,"Scroll the list up.","Scroll the list up or down.","",""
"PARASH.BIN",2283,"Scroll the list up or down.","Scroll the list down.","",""
"PARASH.BIN",2284,"Scroll the list down.","Click to close this message box.","",""
"PARASH.BIN",2285,"Click to close this message box.","Scroll the detail text up.","",""
"PARASH.BIN",2286,"Scroll the detail text up.","Scroll the detail text up or down.","",""
"PARASH.BIN",2287,"Scroll the detail text up or down.","Scroll the detail text down.","",""
"PARASH.BIN",2288,"Scroll the detail text down.","Left click and drag to change the rotation speed of the Herc model.","",""
"PARASH.BIN",2289,"Left click and drag to change the rotation speed of the Herc model.","This menu enables upgrades for all Herc components.","",""
"PARASH.BIN",2290,"This menu enables upgrades for all Herc components.","Structural components of the Herc.  The Herc's chassis is very important, because the Herc explodes when its efficiency percentage reaches 0%.","alt:warn:>99chars",""
"PARASH.BIN",2291,"Structural components of the Herc.  The Herc's chassis is very important, because the Herc explodes when its efficiency percentage reaches 0%.","Internal systems provide a variety of functions.","","warn:>99chars"
"PARASH.BIN",2292,"Internal systems provide a variety of functions.","Weapon upgrades are limited by the type of Herc.","",""
"PARASH.BIN",2293,"Weapon upgrades are limited by the type of Herc.","How far a Herc moves depends on its chassis, reactor, drive system, and encumbrance.","",""
"PARASH.BIN",2294,"How far a Herc moves depends on its chassis, reactor, drive system, and encumbrance.","This is the amount of reactor power available for this Herc per turn not automatically allotted to systems.","alt:warn:>99chars",""
"PARASH.BIN",2295,"This is the amount of reactor power available for this Herc per turn not automatically allotted to systems.","These are the available components that can be mounted on this slot.","","warn:>99chars"
"PARASH.BIN",2296,"These are the available components that can be mounted on this slot.","A description of the component.","",""
"PARASH.BIN",2297,"A description of the component.","Insufficient Credits to repair.","",""
"PARASH.BIN",2298,"Insufficient Credits to repair.","Insufficient Credits to perform this upgrade.","",""
"PARASH.BIN",2299,"Insufficient Credits to perform this upgrade.","Scroll forward through the Bioderm roster.","",""
"PARASH.BIN",2401,"Scroll forward through the Bioderm roster.","Scroll backward through the Bioderm roster.","",""
"PARASH.BIN",2402,"Scroll backward through the Bioderm roster.","The two numbers represent current Health and maximum Health. Once a Bioderm is created, Health is conveyed graphically with a green bar.","alt:warn:>99chars",""
"PARASH.BIN",2403,"The two numbers represent current Health and maximum Health. Once a Bioderm is created, Health is conveyed graphically with a green bar.","The two numbers represent current Stability and maximum Stability. Once a Bioderm is created, Stability is conveyed graphically with a yellow bar.","alt:warn:>99chars","warn:>99chars"
"PARASH.BIN",2404,"The two numbers represent current Stability and maximum Stability. Once a Bioderm is created, Stability is conveyed graphically with a yellow bar.","The two numbers represent current Toxin level and total possible Toxin level. Once a Bioderm is created, Toxin level is conveyed graphically with a blue bar.","alt:warn:>99chars","warn:>99chars"
"PARASH.BIN",2405,"The two numbers represent current Toxin level and total possible Toxin level. Once a Bioderm is created, Toxin level is conveyed graphically with a blue bar.","This Bioderm is biomechanically linked to this Herc.","","warn:>99chars"
"PARASH.BIN",2406,"This Bioderm is biomechanically linked to this Herc.","The better the piloting skill rating, the less reactor energy that is required for movement.  A higher piloting skill also lowers an opponent's chance to hit.","alt:warn:>99chars",""
"PARASH.BIN",2407,"The better the piloting skill rating, the less reactor energy that is required for movement.  A higher piloting skill also lowers an opponent's chance to hit.","This number is the Bioderm's base chance to hit with this type of weapon.  Range, terrain, type of targeting computer, Stimgland, and the enemy's defenses will affect this number on the battlefield. Lasers and other energy weapons are needed to bring down an enemy's shields.","alt:warn:>99chars","warn:>99chars"
"PARASH.BIN",2408,"This number is the Bioderm's base chance to hit with this type of weapon.  Range, terrain, type of targeting computer, Stimgland, and the enemy's defenses will affect this number on the battlefield. Lasers and other energy weapons are needed to bring down an enemy's shields.","This number is the Bioderm's base chance to hit with this type of weapon.  Range, terrain, type of targeting computer, Stimgland, and the enemy's defenses will affect this number on the battlefield.Missiles and rockets are highly effective over long ranges against armor not protected by shields, and most do not require a line of sight.  Few can be carried at one time.","alt:warn:>99chars","warn:>99chars"
"PARASH.BIN",2409,"This number is the Bioderm's base chance to hit with this type of weapon.  Range, terrain, type of targeting computer, Stimgland, and the enemy's defenses will affect this number on the battlefield.Missiles and rockets are highly effective over long ranges against armor not protected by shields, and most do not require a line of sight.  Few can be carried at one time.","This number is the Bioderm's base chance to hit with this type of weapon.  Range, terrain, type of targeting computer, Stimgland, and the enemy's defenses will affect this number on the battlefield. Cannons and other ballistic weapons are effective against armor not protected by shields.  They are limited by the amount of ammunition that can be carried, but most use no energy to fire.","alt:warn:>99chars","warn:>99chars"
"PARASH.BIN",2410,"This number is the Bioderm's base chance to hit with this type of weapon.  Range, terrain, type of targeting computer, Stimgland, and the enemy's defenses will affect this number on the battlefield. Cannons and other ballistic weapons are effective against armor not protected by shields.  They are limited by the amount of ammunition that can be carried, but most use no energy to fire.","This number is the Bioderm's base chance to hit with this type of weapon.  Range, terrain, type of targeting computer, Stimgland, and the enemy's defenses will affect this number on the battlefield. Plasma weapons do huge damage to shields and lesser damage to armor.","alt:warn:>99chars","warn:>99chars"
"PARASH.BIN",2411,"This number is the Bioderm's base chance to hit with this type of weapon.  Range, terrain, type of targeting computer, Stimgland, and the enemy's defenses will affect this number on the battlefield. Plasma weapons do huge damage to shields and lesser damage to armor.","These numbers represent the Bioderm's base chance to hit with the corresponding weapon.  Range, terrain, type of targeting computer, Stimgland, and the enemy's defenses will affect this number on the battlefield. Electron Flux weapons create energy whips that do no damage to shields but pass through them to strike an opponent's armor.  They have a very short range.","alt:warn:>99chars","warn:>99chars"
"PARASH.BIN",2412,"These numbers represent the Bioderm's base chance to hit with the corresponding weapon.  Range, terrain, type of targeting computer, Stimgland, and the enemy's defenses will affect this number on the battlefield. Electron Flux weapons create energy whips that do no damage to shields but pass through them to strike an opponent's armor.  They have a very short range.","This number is the Bioderm's base chance to hit with this type of weapon.  Range, terrain, type of targeting computer, Stimgland, and the enemy's defenses will affect this number on the battlefield. Weapons that fall under the category of Advanced Technology are either hybrid weapons (like Particle Guns) or employ unconventional forms of energy (like the NBW).","alt:warn:>99chars","warn:>99chars"
"PARASH.BIN",2413,"This number is the Bioderm's base chance to hit with this type of weapon.  Range, terrain, type of targeting computer, Stimgland, and the enemy's defenses will affect this number on the battlefield. Weapons that fall under the category of Advanced Technology are either hybrid weapons (like Particle Guns) or employ unconventional forms of energy (like the NBW).","The Command rating is the amount of Stability restored to any Bioderm within range.  This effect is cumulative if two Command Bioderms are nearby. Bioderms without a rating in Command can never gain it.","alt:warn:>99chars","warn:>99chars"
"PARASH.BIN",2414,"The Command rating is the amount of Stability restored to any Bioderm within range.  This effect is cumulative if two Command Bioderms are nearby. Bioderms without a rating in Command can never gain it.","Rank for Bioderms is a classification based on their maturation process.  Rankings are Alphaderm, Betaderm, Cytoderm, Deltaderm ,and Endoderm, with five sub-ranks each.  Newly created Bioderms are classified as Alphaderm  1.","alt:warn:>99chars","warn:>99chars"
"PARASH.BIN",2415,"Rank for Bioderms is a classification based on their maturation process.  Rankings are Alphaderm, Betaderm, Cytoderm, Deltaderm ,and Endoderm, with five sub-ranks each.  Newly created Bioderms are classified as Alphaderm  1.","The two numbers represent current age and maximum life expectancy.  Age is measured in years.","","warn:>99chars"
"PARASH.BIN",2416,"The two numbers represent current age and maximum life expectancy.  Age is measured in years.","Rank for Bioderms is a classification based on their maturation process.  Rankings are Alphaderm, Betaderm, Cytoderm, Deltaderm ,and Endoderm, with five sub-ranks each.  A newly created Bioderm is ranked  Alphaderm 1.","alt:warn:>99chars",""
"PARASH.BIN",2417,"Rank for Bioderms is a classification based on their maturation process.  Rankings are Alphaderm, Betaderm, Cytoderm, Deltaderm ,and Endoderm, with five sub-ranks each.  A newly created Bioderm is ranked  Alphaderm 1.","The two numbers represent current age and maximum life expectancy.  Age is measured in years.","","warn:>99chars"
"PARASH.BIN",2418,"The two numbers represent current age and maximum life expectancy.  Age is measured in years.","Health is lost when a Bioderm's Herc is hit, or when the Bioderm is hit directly. Health deteriorates incrementally when the Bioderm's toxin threshold is exceeded, or when the Bioderm's Genetic Stability drops below its Instability threshold. Certain corrosive atmospheres will damage health each turn if Life Support has been damaged or, in some cases, completely destroyed.  When Health reaches 0%, the Bioderm is dead.","alt:warn:>99chars",""
"PARASH.BIN",2419,"Health is lost when a Bioderm's Herc is hit, or when the Bioderm is hit directly. Health deteriorates incrementally when the Bioderm's toxin threshold is exceeded, or when the Bioderm's Genetic Stability drops below its Instability threshold. Certain corrosive atmospheres will damage health each turn if Life Support has been damaged or, in some cases, completely destroyed.  When Health reaches 0%, the Bioderm is dead.","Stability is lost when a Bioderm's Herc is hit, or when the Bioderm is hit directly. Stability is also lost with each dose of Jackup Stimgland administered. Stability deteriorates every turn once the Toxin threshold is exceeded.  When the Bioderm approaches the Instability threshold it begins to turn blue, and its skill ratings will drop slightly. Once Stability drops below the Instability threshold, skill ratings drop sharply.  When a skill rating reaches 0%, the Bioderm will be unable to perform that task.","alt:warn:>99chars","warn:>99chars"
"PARASH.BIN",2420,"Stability is lost when a Bioderm's Herc is hit, or when the Bioderm is hit directly. Stability is also lost with each dose of Jackup Stimgland administered. Stability deteriorates every turn once the Toxin threshold is exceeded.  When the Bioderm approaches the Instability threshold it begins to turn blue, and its skill ratings will drop slightly. Once Stability drops below the Instability threshold, skill ratings drop sharply.  When a skill rating reaches 0%, the Bioderm will be unable to perform that task.","Toxin buildup occurs only through the use of Stimgland. The two types of Stimgland are Jackup and Placidex.  Jackup increases a Bioderm's chance to hit with weapons, but lowers Genetic Stability.  Placidex rejuvenates lost Stability, but twice as much is needed to counter Jackup's Stability loss.  Once the Toxin threshold is exceeded, additional doses of Stimgland will produce no further beneficial effects.  The Bioderm will lose Health and Stability every turn until treated in the Medvat, or until advanced Life Support lowers the Toxin level below the threshold.","alt:warn:>99chars","warn:>99chars"
"PARASH.BIN",2421,"Toxin buildup occurs only through the use of Stimgland. The two types of Stimgland are Jackup and Placidex.  Jackup increases a Bioderm's chance to hit with weapons, but lowers Genetic Stability.  Placidex rejuvenates lost Stability, but twice as much is needed to counter Jackup's Stability loss.  Once the Toxin threshold is exceeded, additional doses of Stimgland will produce no further beneficial effects.  The Bioderm will lose Health and Stability every turn until treated in the Medvat, or until advanced Life Support lowers the Toxin level below the threshold.","The better the piloting skill rating, the less reactor energy that is required for movement.  A higher piloting skill also lowers an opponent's chance to hit.","alt:warn:>99chars","warn:>99chars"
"PARASH.BIN",2422,"The better the piloting skill rating, the less reactor energy that is required for movement.  A higher piloting skill also lowers an opponent's chance to hit.","Lasers and other energy weapons are needed to bring down an enemy's shields.","","warn:>99chars"
"PARASH.BIN",2423,"Lasers and other energy weapons are needed to bring down an enemy's shields.","Missiles and rockets are highly effective over long ranges against armor not protected by shields, and most do not require a line of sight.  Few can be carried at one time.","alt:warn:>99chars",""
"PARASH.BIN",2424,"Missiles and rockets are highly effective over long ranges against armor not protected by shields, and most do not require a line of sight.  Few can be carried at one time.","Cannons and other ballistic weapons are effective against armor not protected by shields.  They are limited by the amount of ammunition that can be carried, but most use no energy to fire.","alt:warn:>99chars","warn:>99chars"
"PARASH.BIN",2425,"Cannons and other ballistic weapons are effective against armor not protected by shields.  They are limited by the amount of ammunition that can be carried, but most use no energy to fire.","Plasma weapons do huge damage to shields and lesser damage to armor.","","warn:>99chars"
"PARASH.BIN",2426,"Plasma weapons do huge damage to shields and lesser damage to armor.","Electron Flux weapons create short-range energy whips that do no damage to shields but pass through them to strike an opponent's armor.","alt:warn:>99chars",""
"PARASH.BIN",2427,"Electron Flux weapons create short-range energy whips that do no damage to shields but pass through them to strike an opponent's armor.","Weapons that fall under the category of Advanced Technology are either hybrid weapons (like Particle Guns, which deliver an energy-charged ballistic salvo) or employ unconventional forms of energy (like the Neutron Beam Weapon).","alt:warn:>99chars","warn:>99chars"
"PARASH.BIN",2428,"Weapons that fall under the category of Advanced Technology are either hybrid weapons (like Particle Guns, which deliver an energy-charged ballistic salvo) or employ unconventional forms of energy (like the Neutron Beam Weapon).","The Command rating is the amount of Stability restored to any Bioderm within range.  This effect is cumulative if two Command Bioderms are nearby. Bioderms without a rating in Command can never gain it.","alt:warn:>99chars","warn:>99chars"
"PARASH.BIN",2429,"The Command rating is the amount of Stability restored to any Bioderm within range.  This effect is cumulative if two Command Bioderms are nearby. Bioderms without a rating in Command can never gain it.","Rename this Bioderm.  Bioderms are given the name of their BGM donor by default. Subsequent naming in this fashion is numerical, i.e. Tola:1, Tola:2, etc.","alt:warn:>99chars","warn:>99chars"
"PARASH.BIN",2430,"Rename this Bioderm.  Bioderms are given the name of their BGM donor by default. Subsequent naming in this fashion is numerical, i.e. Tola:1, Tola:2, etc.","These numbers represent the Bioderm's base chance to hit with the corresponding weapon.  Range, terrain, type of targeting computer, Stimgland, and the enemy's defenses will affect this number on the battlefield.  The Command rating is the amount of Stability restored to any Bioderm within range.","alt:warn:>99chars","warn:>99chars"
"PARASH.BIN",2431,"These numbers represent the Bioderm's base chance to hit with the corresponding weapon.  Range, terrain, type of targeting computer, Stimgland, and the enemy's defenses will affect this number on the battlefield.  The Command rating is the amount of Stability restored to any Bioderm within range.","This Bioderm is biomechanically linked to this Herc.","","warn:>99chars"
"PARASH.BIN",2432,"This Bioderm is biomechanically linked to this Herc.","Right click to review the BGM donor's history.","",""
"PARASH.BIN",2433,"Right click to review the BGM donor's history.","Classified: Top Secret. 
Medvat ingredient list:  Carbonated Water, Phosphoric Acid, Potassium Benzoate, Citric Acid, Corn Syrup, Leucine, Valine, Isoleucine, Zinc Gluconate, Rice Crisps, Tofu, Sun dried Bananas, Vanilla Bean oil, hemp seed oil, Brown Rice Syrup, Cyanocobalamine, Pyridoxine Hydrochloride, Glycerol Ester of Wood Rosin. BHA added to preserve freshness.","alt:warn:>99chars",""
"PARASH.BIN",2434,"Classified: Top Secret. 
Medvat ingredient list:  Carbonated Water, Phosphoric Acid, Potassium Benzoate, Citric Acid, Corn Syrup, Leucine, Valine, Isoleucine, Zinc Gluconate, Rice Crisps, Tofu, Sun dried Bananas, Vanilla Bean oil, hemp seed oil, Brown Rice Syrup, Cyanocobalamine, Pyridoxine Hydrochloride, Glycerol Ester of Wood Rosin. BHA added to preserve freshness.","Classified: Top Secret. 
These oddly-shaped dice are the actual power source for every Herc. When any weapon is fired or hit taken, these dice roll around inside the Herc, determining chance to hit and damage done.  Contrary to what you were told at the Academy, Hercs really don't contain any machinery.  Share this with no one.","alt:warn:>99chars","warn:>99chars"
"PARASH.BIN",2435,"Classified: Top Secret. 
These oddly-shaped dice are the actual power source for every Herc. When any weapon is fired or hit taken, these dice roll around inside the Herc, determining chance to hit and damage done.  Contrary to what you were told at the Academy, Hercs really don't contain any machinery.  Share this with no one.","Programming Highlights: 
New Bioderm Channel, 8:00 p.m., FrienDerms: While other Bioderms copy her hairstyle, Elana finally kisses Tola.  Boto the pet monkey accidentally recycles both of them. 
All Bioderm Channel, 7:00 p.m., Deep Six Nine Bioderms: The Herc Commander orders a massive Bioderm recycling.  Protoderm 001 provides comic relief as a screaming bag of protoplasm. Imra escapes the vat by wearing a hubcap and chain on one ear. 
Central Bioderm Channel, 11:30 p.m., Late Night with Kaesar: In the first skit, Kaesar tricks Protoderm 101, Linking her to a VW bus and sending her against the Cybrids.  Jamax and Jarvis finally give up the photomat store, only to be recycled later on.","alt:warn:>99chars","warn:>99chars"
"PARASH.BIN",2436,"Programming Highlights: 
New Bioderm Channel, 8:00 p.m., FrienDerms: While other Bioderms copy her hairstyle, Elana finally kisses Tola.  Boto the pet monkey accidentally recycles both of them. 
All Bioderm Channel, 7:00 p.m., Deep Six Nine Bioderms: The Herc Commander orders a massive Bioderm recycling.  Protoderm 001 provides comic relief as a screaming bag of protoplasm. Imra escapes the vat by wearing a hubcap and chain on one ear. 
Central Bioderm Channel, 11:30 p.m., Late Night with Kaesar: In the first skit, Kaesar tricks Protoderm 101, Linking her to a VW bus and sending her against the Cybrids.  Jamax and Jarvis finally give up the photomat store, only to be recycled later on.","Up next on your Public Bioderm Station: 
A fund drive that lasts so long your three Protoderm phone operators reach their life expectancy and die.","alt:warn:>99chars","warn:>99chars"
"PARASH.BIN",2437,"Up next on your Public Bioderm Station: 
A fund drive that lasts so long your three Protoderm phone operators reach their life expectancy and die.","Next on Home Bioderm Office: 
New show features steamy footage of Bioderms being created.","","warn:>99chars"
"PARASH.BIN",2438,"Next on Home Bioderm Office: 
New show features steamy footage of Bioderms being created.","NickelBioderm at Nite: I Love Nura marathon.  Nura's zany, madcap antics are cut short when she gets recycled for telling Tarsus to ""keep an eye out"" for her.","alt:warn:>99chars",""
"PARASH.BIN",2439,"NickelBioderm at Nite: I Love Nura marathon.  Nura's zany, madcap antics are cut short when she gets recycled for telling Tarsus to ""keep an eye out"" for her.","See the briefing for this mission.","","warn:>99chars"
"PARASH.BIN",2601,"See the briefing for this mission.","See the briefing for this mission.","",""
"PARASH.BIN",2602,"See the briefing for this mission.","Return to the Herc Command Center main menu.","",""
"PARASH.BIN",2603,"See the briefing for this mission.","Return to the Herc Command Center main menu.","",""
"PARASH.BIN",2604,"See the briefing for this mission.","Return to the Herc Command Center main menu.","",""
"PARASH.BIN",2605,"See the briefing for this mission.","Return to the Herc Command Center main menu.","",""
"PARASH.BIN",2606,"See the briefing for this mission.","Return to the Herc Command Center main menu.","",""
"PARASH.BIN",2607,"See the briefing for this mission.","Return to the Herc Command Center main menu.","",""
"PARASH.BIN",2608,"See the briefing for this mission.","Return to the Herc Command Center main menu.","",""
"PARASH.BIN",2609,"See the briefing for this mission.","Return to the Herc Command Center main menu.","",""
"PARASH.BIN",2610,"Return to the Herc Command Center main menu.","Click to see the mission selections.","",""
"PARASH.BIN",2611,"Click to see the mission selections.","Click to see the communications menu.","",""
"PARASH.BIN",2612,"Click to see the communications menu.","Review our intelligence on Cybrids.","",""
"PARASH.BIN",2613,"Review our intelligence on Cybrids.","Return to the Herc Base main menu.","",""
"PARASH.BIN",2614,"Return to the Herc Base main menu.","Missions currently available.","",""
"PARASH.BIN",2615,"Missions currently available.","Name of the planet or moon.","",""
"PARASH.BIN",2616,"Name of the planet or moon.","An introductory briefing.","",""
"PARASH.BIN",2617,"An introductory briefing.","An incentive bonus to complete the mission's parameters.","",""
"PARASH.BIN",2618,"An incentive bonus to complete the mission's parameters.","The number of months to and from the mission site.","",""
"PARASH.BIN",2619,"The number of months to and from the mission site.","The type of mission.","",""
"PARASH.BIN",2620,"The type of mission.","The bonus amount received when the mission's parameters are met.","",""
"PARASH.BIN",2621,"The bonus amount received when the mission's parameters are met.","The number of months to and from the mission site.","",""
"PARASH.BIN",2622,"The number of months to and from the mission site.","The Herc Command Center is the interface you use to control your Herc-Bioderm units. Here you select missions, receive communications and review your career status.","alt:warn:>99chars",""
"PARASH.BIN",2623,"The Herc Command Center is the interface you use to control your Herc-Bioderm units. Here you select missions, receive communications and review your career status.","Your rank and its privileges are reflected here.","","warn:>99chars"
"PARASH.BIN",2624,"Your rank and its privileges are reflected here.","The two numbers represent years and months of your career with Unitech. The Unitech calendar has ten months.","alt:warn:>99chars",""
"PARASH.BIN",2625,"The two numbers represent years and months of your career with Unitech. The Unitech calendar has ten months.","This is the number of Credits you currently own.","","warn:>99chars"
"PARASH.BIN",2626,"This is the number of Credits you currently own.","Your current rank is reflected here.","",""
"PARASH.BIN",2627,"Your current rank is reflected here.","The number of Hercs you own is reflected here.","",""
"PARASH.BIN",2628,"The number of Hercs you own is reflected here.","The maximum number of Hercs you can command at this rank is reflected here.","",""
"PARASH.BIN",2629,"The maximum number of Hercs you can command at this rank is reflected here.","The number of Bioderms you own is reflected here.","",""
"PARASH.BIN",2630,"The number of Bioderms you own is reflected here.","The maximum number of Bioderms you can command at this rank is reflected here.","",""
"PARASH.BIN",2631,"The maximum number of Bioderms you can command at this rank is reflected here.","The number of Cybrids your units have destroyed is reflected here.","",""
"PARASH.BIN",2632,"The number of Cybrids your units have destroyed is reflected here.","The number of missions your units have attempted is reflected here.","",""
"PARASH.BIN",2633,"The number of missions your units have attempted is reflected here.","The number of missions your units have completed is reflected here.","",""
"PARASH.BIN",2634,"The number of missions your units have completed is reflected here.","Advances in rank gain access to better technology and new discoveries.","",""
"PARASH.BIN",2635,"Advances in rank gain access to better technology and new discoveries.","The number of planets or moons your units have explored.","",""
"PARASH.BIN",2636,"The number of planets or moons your units have explored.","The amount of ore your units have collected.","",""
"PARASH.BIN",2637,"The amount of ore your units have collected.","The two numbers represent years and months of your career with Unitech. The Unitech calendar has ten months.","alt:warn:>99chars",""
"PARASH.BIN",2638,"The two numbers represent years and months of your career with Unitech. The Unitech calendar has ten months.","This is the number of Unitech Consortium Credits you currently own.","","warn:>99chars"
"PARASH.BIN",2639,"This is the number of Unitech Consortium Credits you currently own.","Your current rank is reflected here.","",""
"PARASH.BIN",2640,"Your current rank is reflected here.","The number of Hercs you own is reflected here.","",""
"PARASH.BIN",2641,"The number of Hercs you own is reflected here.","The maximum number of Hercs you can command is reflected here.","",""
"PARASH.BIN",2642,"The maximum number of Hercs you can command is reflected here.","The number of Bioderms you own is reflected here.","",""
"PARASH.BIN",2643,"The number of Bioderms you own is reflected here.","The maximum number of Bioderms you can command is reflected here.","",""
"PARASH.BIN",2644,"The maximum number of Bioderms you can command is reflected here.","The number of Cybrids your units have destroyed is reflected here.","",""
"PARASH.BIN",2645,"The number of Cybrids your units have destroyed is reflected here.","The number of missions your units have attempted is reflected here.","",""
"PARASH.BIN",2646,"The number of missions your units have attempted is reflected here.","The number of missions your units have completed is reflected here.","",""
"PARASH.BIN",2647,"The number of missions your units have completed is reflected here.","Technological advances come with advances in rank.","",""
"PARASH.BIN",2648,"Technological advances come with advances in rank.","The number of planets your units have explored.","",""
"PARASH.BIN",2649,"The number of planets your units have explored.","The amount of ore your units have collected.","",""
"PARASH.BIN",2650,"The amount of ore your units have collected.","Review this promotion sequence.","",""
"PARASH.BIN",2651,"Review this promotion sequence.","Review this promotion sequence.","",""
"PARASH.BIN",2652,"Review this promotion sequence.","A record of your previous promotions.","",""
"PARASH.BIN",2653,"Review this promotion sequence.","A record of your previous promotions.","",""
"PARASH.BIN",2654,"Review this promotion sequence.","A record of your previous promotions.","",""
"PARASH.BIN",2655,"Review this promotion sequence.","A record of your previous promotions.","",""
"PARASH.BIN",2656,"Review this promotion sequence.","A record of your previous promotions.","",""
"PARASH.BIN",2657,"Review this promotion sequence.","A record of your previous promotions.","",""
"PARASH.BIN",2658,"Review this promotion sequence.","A record of your previous promotions.","",""
"PARASH.BIN",2659,"Review this promotion sequence.","A record of your previous promotions.","",""
"PARASH.BIN",2660,"Review this promotion sequence.","A record of your previous promotions.","",""
"PARASH.BIN",2661,"Review this promotion sequence.","A record of your previous promotions.","",""
"PARASH.BIN",2662,"Review this promotion sequence.","A record of your previous promotions.","",""
"PARASH.BIN",2663,"Review this promotion sequence.","A record of your previous promotions.","",""
"PARASH.BIN",2664,"Review this promotion sequence.","A record of your previous promotions.","",""
"PARASH.BIN",2665,"A record of your previous promotions.","Return to the Herc Command Center main menu.","",""
"PARASH.BIN",2666,"Return to the Herc Command Center main menu.","These tutorials review the training you received at the Unitech Academy.","",""
"PARASH.BIN",2667,"These tutorials review the training you received at the Unitech Academy.","View Unitech Overview.  This scans the corporate database for miscellaneous Unitech and Cybrid reference information deemed valuable for a Herc Commander.","alt:warn:>99chars",""
"PARASH.BIN",2668,"View Unitech Overview.  This scans the corporate database for miscellaneous Unitech and Cybrid reference information deemed valuable for a Herc Commander.","View strategy tips accumulated from previous Herc Commanders.","","warn:>99chars"
"PARASH.BIN",2669,"View strategy tips accumulated from previous Herc Commanders.","This will describe the exact steps required to begin a successful carreer as a Herc Commander.","",""
"PARASH.BIN",2670,"This will describe the exact steps required to begin a successful carreer as a Herc Commander.","View Unitech TrainVid Herc Commander Series #001: Managing Your Forces. This reviews the purchase and upkeep protocol associated with managing your Hercs and Bioderms.  The mission review process is also included.","alt:warn:>99chars",""
"PARASH.BIN",2671,"View Unitech TrainVid Herc Commander Series #001: Managing Your Forces. This reviews the purchase and upkeep protocol associated with managing your Hercs and Bioderms.  The mission review process is also included.","View Unitech TrainVid Herc Commander Series #002: Controlling Battlefield Forces. This reviews the Herc Command Center interface with your Herc-Bioderm units on the battlefield, and offers some strategies involved in controlling your forces.","alt:warn:>99chars","warn:>99chars"
"PARASH.BIN",2672,"View Unitech TrainVid Herc Commander Series #002: Controlling Battlefield Forces. This reviews the Herc Command Center interface with your Herc-Bioderm units on the battlefield, and offers some strategies involved in controlling your forces.","Left click and drag to change the speed of the animation.","","warn:>99chars"
"PARASH.BIN",2673,"Left click and drag to change the speed of the animation.","Reject this mission and return to the Herc Command Center.","",""
"PARASH.BIN",2701,"Reject this mission and return to the Herc Command Center.","Accept this mission and return to the Herc Base.","",""
"PARASH.BIN",2702,"Accept this mission and return to the Herc Base.","Scroll the briefing text down.","",""
"PARASH.BIN",2703,"Scroll the briefing text down.","Left click and drag to scroll the text up or down.","",""
"PARASH.BIN",2704,"Left click and drag to scroll the text up or down.","Scroll the briefing text up.","",""
"PARASH.BIN",2705,"Scroll the briefing text up.","Return to the Herc Base (career mode) or quick encounter menu (quick encounter mode).","",""
"PARASH.BIN",2801,"Return to the Herc Base (career mode) or quick encounter menu (quick encounter mode).","Scroll the debriefing text down.","",""
"PARASH.BIN",2802,"Scroll the debriefing text down.","Left click and drag to scroll the text up or down.","",""
"PARASH.BIN",2803,"Left click and drag to scroll the text up or down.","Scroll the debriefing text up.","",""
"PARASH.BIN",2804,"Scroll the debriefing text up.","","",""
"PARASH.BIN",2900,"","","",""
"PARASH.BIN",2901,"","","",""
"PARASH.BIN",2902,"","","",""
"PARASH.BIN",2903,"","","",""
"PARASH.BIN",2904,"","","",""
"PARASH.BIN",2905,"","","",""
"PARASH.BIN",2906,"","Click anywhere on this screen to continue.","",""
"PARASH.BIN",3001,"Click anywhere on this screen to continue.","Click anywhere on this screen to continue.","",""
"PARASH.BIN",3101,"Click anywhere on this screen to continue.","Return to the Herc Base.","",""
"PARASH.BIN",3201,"Return to the Herc Base.","See a tutorial on managing your forces between battles.","",""
"PARASH.BIN",3202,"See a tutorial on managing your forces between battles.","See a tutorial on mission selection.","",""
"PARASH.BIN",3203,"See a tutorial on mission selection.","See a tutorial on managing your forces during a battle.","",""
"PARASH.BIN",3204,"See a tutorial on managing your forces during a battle.","See a tutorial on Cybrid intelligence.","",""
"PARASH.BIN",3205,"See a tutorial on Cybrid intelligence.","See a tutorial on the Buttmaster 2000.","",""
"PARASH.BIN",3206,"See a tutorial on the Buttmaster 2000.","","",""
"PARASH.BIN",3207,"","Continue...","",""
"PARASH.BIN",3301,"Continue...","Return to the previous menu.","",""
"PARASH.BIN",3401,"Return to the previous menu.","Select a set of random mission parameters.","",""
"PARASH.BIN",3402,"Select a set of random mission parameters.","Begin a mission.","",""
"PARASH.BIN",3403,"Begin a mission.","Select a type of mission.","",""
"PARASH.BIN",3404,"Select a type of mission.","Select a moon or planet.","",""
"PARASH.BIN",3405,"Select a moon or planet.","Select a Force level, to determine the Hercs you command and the technologies available to you.","",""
"PARASH.BIN",3406,"Select a Force level, to determine the Hercs you command and the technologies available to you.","Select Cybrid force level.","",""
"PARASH.BIN",3407,"Select Cybrid force level.","A Quick Encounter is a single mission with adjustable parameters.","",""
"PARASH.BIN",3408,"A Quick Encounter is a single mission with adjustable parameters.","Select a different scenario.","",""
"PARASH.BIN",3409,"Select a different scenario.","Select a different scenario.","",""
"PARASH.BIN",3410,"Select a different scenario.","Select a different scenario.","",""
"PARASH.BIN",3411,"Select a different scenario.","Select a different world.","",""
"PARASH.BIN",3412,"Select a different world.","Select a different world.","",""
"PARASH.BIN",3413,"Select a different world.","Select a different world.","",""
"PARASH.BIN",3414,"Select a different world.","Decrease the force level.  Force level refers to the Hercs you are allowed to command and the technologies available to you.","alt:warn:>99chars",""
"PARASH.BIN",3415,"Decrease the force level.  Force level refers to the Hercs you are allowed to command and the technologies available to you.","Change the force level.  Force level refers to the Hercs you are allowed to command and the technologies available to you.","alt:warn:>99chars","warn:>99chars"
"PARASH.BIN",3416,"Change the force level.  Force level refers to the Hercs you are allowed to command and the technologies available to you.","Increase the force level.  Force level refers to the Hercs you are allowed to command and the technologies available to you.","alt:warn:>99chars","warn:>99chars"
"PARASH.BIN",3417,"Increase the force level.  Force level refers to the Hercs you are allowed to command and the technologies available to you.","Decrease the Cybrid force level.","","warn:>99chars"
"PARASH.BIN",3418,"Decrease the Cybrid force level.","Change the Cybrid force level.","",""
"PARASH.BIN",3419,"Change the Cybrid force level.","Increase the Cybrid force level.","",""
"PARASH.BIN",3420,"Increase the Cybrid force level.","","",""
"PARASH.BIN",3421,"","","",""
"PARASH.BIN",3422,"","","",""
"PARASH.BIN",3423,"","Close this message box.","",""
"PARASH.BIN",3424,"Close this message box.","The Mox Taans Herc Base.","",""
"PARASH.BIN",3501,"The Mox Taans Herc Base.","Buy, enhance and repair Bioderms in the Bioderm Facility.  Bioderms are the genetically engineered beings that pilot your Hercs.  You may also access the Bioderm Facility by clicking on it.","alt:warn:>99chars",""
"PARASH.BIN",3502,"Buy, enhance and repair Bioderms in the Bioderm Facility.  Bioderms are the genetically engineered beings that pilot your Hercs.  You may also access the Bioderm Facility by clicking on it.","Buy, upgrade and repair Hercs in the Herc Bay.  You may also access the Herc Bay by clicking on it.","","warn:>99chars"
"PARASH.BIN",3503,"Buy, upgrade and repair Hercs in the Herc Bay.  You may also access the Herc Bay by clicking on it.","help text 103","",""
"PARASH.BIN",3504,"help text 103","Create a multiplayer game or connect to an existing game. You must have at least one Bioderm linked to one Herc before playing a multiplayer game.","alt:warn:>99chars",""
"PARASH.BIN",3505,"Create a multiplayer game or connect to an existing game. You must have at least one Bioderm linked to one Herc before playing a multiplayer game.","Return to the General menu.","","warn:>99chars"
"PARASH.BIN",3506,"Return to the General menu.","Bring up the save game menu.","",""
"PARASH.BIN",3507,"Bring up the save game menu.","Return to the General menu without saving this game.","",""
"PARASH.BIN",3508,"Return to the General menu without saving this game.","Close this box and return to the Herc Base.","",""
"PARASH.BIN",3509,"Close this box and return to the Herc Base.","help text 109","",""
"PARASH.BIN",3510,"help text 109","help text 110","",""
"PARASH.BIN",3511,"help text 110","You must have at least one Herc and one Bioderm linked before starting a multiplayer game.","",""
"PARASH.BIN",3512,"You must have at least one Herc and one Bioderm linked before starting a multiplayer game.","Click here when you are satisfied with the force and rank settings.","",""
"PARASH.BIN",3513,"Click here when you are satisfied with the force and rank settings.","Increase the force value setting for this group.","",""
"PARASH.BIN",3514,"Increase the force value setting for this group.","Change the force value setting for this group.","",""
"PARASH.BIN",3515,"Change the force value setting for this group.","Decrease the force value setting for this group.","",""
"PARASH.BIN",3516,"Decrease the force value setting for this group.","Increase the rank setting for this group.","",""
"PARASH.BIN",3517,"Increase the rank setting for this group.","Change the rank setting for this group.","",""
"PARASH.BIN",3518,"Change the rank setting for this group.","Decrease the rank setting for this group.","",""
"PARASH.BIN",3519,"Decrease the rank setting for this group.","This is the number of credits you will receive to build a force.","",""
"PARASH.BIN",3520,"This is the number of credits you will receive to build a force.","Set rank and technology level for your force.","",""
"PARASH.BIN",3521,"Set rank and technology level for your force.","","",""
"PARASH.BIN",3522,"","Your current rank and force values are shown here.","",""
"PARASH.BIN",3523,"Your current rank and force values are shown here.","help text 121","",""
"PARASH.BIN",3524,"help text 121","help text 122","",""
"PARASH.BIN",3525,"help text 122","help text 123","",""
"PARASH.BIN",3526,"help text 123","This is your current rank.","",""
"PARASH.BIN",3527,"This is your current rank.","This is the value of the hercs and Bioderms you own.","",""
"PARASH.BIN",3528,"This is the value of the hercs and Bioderms you own.","This is your current rank.","",""
"PARASH.BIN",3530,"This is your current rank.","This is the value of the Hercs and Bioderms you own.","",""
"PARASH.BIN",3531,"This is the value of the Hercs and Bioderms you own.","help text 129","",""
"PARASH.BIN",3532,"help text 129","help text 130","",""
"PARASH.BIN",3533,"help text 130","help text 131","",""
"PARASH.BIN",3534,"help text 131","help text 132","",""
"PARASH.BIN",3535,"help text 132","help text 133","",""
"PARASH.BIN",3536,"help text 133","help text 134","",""
"PARASH.BIN",3537,"help text 134","help text 135","",""
"PARASH.BIN",3538,"help text 135","The Bioderm Facility is where you create, heal, and enhance the Bioderms that pilot your Hercs. You also biomechanically link your Bioderms to Hercs in this facility.","alt:warn:>99chars",""
"PARASH.BIN",3601,"The Bioderm Facility is where you create, heal, and enhance the Bioderms that pilot your Hercs. You also biomechanically link your Bioderms to Hercs in this facility.","The Herc Bay is where you buy, upgrade and repair Hercs.","","warn:>99chars"
"PARASH.BIN",3602,"The Herc Bay is where you buy, upgrade and repair Hercs.","Click here to create a multiplayer game or to connect to an existing game.  You must have at least one Bioderm linked to one Herc before playing a multiplayer game.","alt:warn:>99chars",""
"PARASH.BIN",3604,"Click here to create a multiplayer game or to connect to an existing game.  You must have at least one Bioderm linked to one Herc before playing a multiplayer game.","Multi Player launch area.","","warn:>99chars"
"PARASH.BIN",3701,"Multi Player launch area.","Click here to start a multi-player CyberStorm game.","",""
"PARASH.BIN",3702,"Click here to start a multi-player CyberStorm game.","Click here to load a new multi-player force.","",""
"PARASH.BIN",3703,"Click here to load a new multi-player force.","Click here to load the default multi-player force.","",""
"PARASH.BIN",3704,"Click here to load the default multi-player force.","Click here to return to the Herc Base.","",""
"PARASH.BIN",3705,"Click here to return to the Herc Base.","The list of players and available slots appears below this label.","",""
"PARASH.BIN",3706,"The list of players and available slots appears below this label.","A different color is assigned to each player's forces.","",""
"PARASH.BIN",3707,"A different color is assigned to each player's forces.","The values shown below this label indicate the value of each player's forces.","",""
"PARASH.BIN",3708,"The values shown below this label indicate the value of each player's forces.","The values shown below this label indicate the rank of each player.","",""
"PARASH.BIN",3709,"The values shown below this label indicate the rank of each player.","The area below this label shows the current game settings. The information here can only be changed by the game creator.","alt:warn:>99chars",""
"PARASH.BIN",3710,"The area below this label shows the current game settings. The information here can only be changed by the game creator.","This is the maximum force value that can be used in this game.","","warn:>99chars"
"PARASH.BIN",3711,"This is the maximum force value that can be used in this game.","This is the maximum rank value that can be used in this game.","",""
"PARASH.BIN",3712,"This is the maximum rank value that can be used in this game.","This is the name of the world your mission will take place on.","",""
"PARASH.BIN",3713,"This is the name of the world your mission will take place on.","This indicates the level of Cybrid infestation in this mission.","",""
"PARASH.BIN",3714,"This indicates the level of Cybrid infestation in this mission.","This is how long each player will have to complete a turn in the game.","",""
"PARASH.BIN",3715,"This is how long each player will have to complete a turn in the game.","The fog of war setting controls how much of the rest of the world you can see during the game.","",""
"PARASH.BIN",3716,"The fog of war setting controls how much of the rest of the world you can see during the game.","Indicates if a drop ship will be available to evacuate your forces.","",""
"PARASH.BIN",3717,"Indicates if a drop ship will be available to evacuate your forces.","This is the value of the forces loaded for this player.","",""
"PARASH.BIN",3718,"This is the value of the forces loaded for this player.","This is the value of the forces loaded for this player.","",""
"PARASH.BIN",3719,"This is the value of the forces loaded for this player.","This is the value of the forces loaded for this player.","",""
"PARASH.BIN",3720,"This is the value of the forces loaded for this player.","This is the value of the forces loaded for this player.","",""
"PARASH.BIN",3721,"This is the value of the forces loaded for this player.","This is the value of the forces loaded for this player.","",""
"PARASH.BIN",3722,"This is the value of the forces loaded for this player.","This is the value of the forces loaded for this player.","",""
"PARASH.BIN",3723,"This is the value of the forces loaded for this player.","This is the value of the forces loaded for this player.","",""
"PARASH.BIN",3724,"This is the value of the forces loaded for this player.","This is the value of the forces loaded for this player.","",""
"PARASH.BIN",3725,"This is the value of the forces loaded for this player.","This is the rank level of the forces loaded for this player.","",""
"PARASH.BIN",3726,"This is the rank level of the forces loaded for this player.","This is the rank level of the forces loaded for this player.","",""
"PARASH.BIN",3727,"This is the rank level of the forces loaded for this player.","This is the rank level of the forces loaded for this player.","",""
"PARASH.BIN",3728,"This is the rank level of the forces loaded for this player.","This is the rank level of the forces loaded for this player.","",""
"PARASH.BIN",3729,"This is the rank level of the forces loaded for this player.","This is the rank level of the forces loaded for this player.","",""
"PARASH.BIN",3730,"This is the rank level of the forces loaded for this player.","This is the rank level of the forces loaded for this player.","",""
"PARASH.BIN",3731,"This is the rank level of the forces loaded for this player.","This is the rank level of the forces loaded for this player.","",""
"PARASH.BIN",3732,"This is the rank level of the forces loaded for this player.","This is the rank level of the forces loaded for this player.","",""
"PARASH.BIN",3733,"This is the rank level of the forces loaded for this player.","","",""
"PARASH.BIN",3734,"","Use this slider to select one of the available planets or moons for this mission. Right click on the image to see a description of that world.","alt:warn:>99chars",""
"PARASH.BIN",3735,"Use this slider to select one of the available planets or moons for this mission. Right click on the image to see a description of that world.","Use this slider to select one of the available planets or moons for this mission. Right click on the image to see a description of that world.","alt:warn:>99chars","warn:>99chars"
"PARASH.BIN",3736,"Use this slider to select one of the available planets or moons for this mission. Right click on the image to see a description of that world.","Use this slider to select one of the available planets or moons for this mission. Right click on the image to see a description of that world.","alt:warn:>99chars","warn:>99chars"
"PARASH.BIN",3737,"Use this slider to select one of the available planets or moons for this mission. Right click on the image to see a description of that world.","This is the name of the player in slot 1.","","warn:>99chars"
"PARASH.BIN",3738,"This is the name of the player in slot 1.","This is the name of the player in slot 2.","",""
"PARASH.BIN",3739,"This is the name of the player in slot 2.","This is the name of the player in slot 3.","",""
"PARASH.BIN",3740,"This is the name of the player in slot 3.","This is the name of the player in slot 4.","",""
"PARASH.BIN",3741,"This is the name of the player in slot 4.","This is the name of the player in slot 5.","",""
"PARASH.BIN",3742,"This is the name of the player in slot 5.","This is the name of the player in slot 6.","",""
"PARASH.BIN",3743,"This is the name of the player in slot 6.","This is the name of the player in slot 7.","",""
"PARASH.BIN",3744,"This is the name of the player in slot 7.","This is the name of the player in slot 8.","",""
"PARASH.BIN",3745,"This is the name of the player in slot 8.","This is your chat message area. Any text that you enter here will be sent to the other players who are logged into this game. Press <Shift> and <Backspace> together to clear your buffer.","alt:warn:>99chars",""
"PARASH.BIN",3746,"This is your chat message area. Any text that you enter here will be sent to the other players who are logged into this game. Press <Shift> and <Backspace> together to clear your buffer.","This is your chat message area. Any text that you enter here will be sent to the other players who are logged into this game. Press <Shift> and <Backspace> together to clear your buffer.","alt:warn:>99chars","warn:>99chars"
"PARASH.BIN",3747,"This is your chat message area. Any text that you enter here will be sent to the other players who are logged into this game. Press <Shift> and <Backspace> together to clear your buffer.","This is your chat message area. Any text that you enter here will be sent to the other players who are logged into this game. Press <Shift> and <Backspace> together to clear your buffer.","alt:warn:>99chars","warn:>99chars"
"PARASH.BIN",3748,"This is your chat message area. Any text that you enter here will be sent to the other players who are logged into this game. Press <Shift> and <Backspace> together to clear your buffer.","This is your chat message area. Any text that you enter here will be sent to the other players who are logged into this game. Press <Shift> and <Backspace> together to clear your buffer.","alt:warn:>99chars","warn:>99chars"
"PARASH.BIN",3749,"This is your chat message area. Any text that you enter here will be sent to the other players who are logged into this game. Press <Shift> and <Backspace> together to clear your buffer.","This is your chat message area. Any text that you enter here will be sent to the other players who are logged into this game. Press <Shift> and <Backspace> together to clear your buffer.","alt:warn:>99chars","warn:>99chars"
"PARASH.BIN",3750,"This is your chat message area. Any text that you enter here will be sent to the other players who are logged into this game. Press <Shift> and <Backspace> together to clear your buffer.","This is your chat message area. Any text that you enter here will be sent to the other players who are logged into this game. Press <Shift> and <Backspace> together to clear your buffer.","alt:warn:>99chars","warn:>99chars"
"PARASH.BIN",3751,"This is your chat message area. Any text that you enter here will be sent to the other players who are logged into this game. Press <Shift> and <Backspace> together to clear your buffer.","This is your chat message area. Any text that you enter here will be sent to the other players who are logged into this game. Press <Shift> and <Backspace> together to clear your buffer.","alt:warn:>99chars","warn:>99chars"
"PARASH.BIN",3752,"This is your chat message area. Any text that you enter here will be sent to the other players who are logged into this game. Press <Shift> and <Backspace> together to clear your buffer.","This is your chat message area. Any text that you enter here will be sent to the other players who are logged into this game. Press <Shift> and <Backspace> together to clear your buffer.","alt:warn:>99chars","warn:>99chars"
"PARASH.BIN",3753,"This is your chat message area. Any text that you enter here will be sent to the other players who are logged into this game. Press <Shift> and <Backspace> together to clear your buffer.","This is your ready box. To indicate that you are ready to join a game, click on this box so that an X appears in it. If your current force level or rank level is too high for this game, you will not be able to set the box to the ready state. You must then either load in a new group with the proper rank and force levels or convince the game creator to modify the game settings.","alt:warn:>99chars","warn:>99chars"
"PARASH.BIN",3762,"This is your ready box. To indicate that you are ready to join a game, click on this box so that an X appears in it. If your current force level or rank level is too high for this game, you will not be able to set the box to the ready state. You must then either load in a new group with the proper rank and force levels or convince the game creator to modify the game settings.","This is your ready box. To indicate that you are ready to join a game, click on this box so that an X appears in it. If your current force level or rank level is too high for this game, you will not be able to set the box to the ready state. You must then either load in a new group with the proper rank and force levels or convince the game creator to modify the game settings.","alt:warn:>99chars","warn:>99chars"
"PARASH.BIN",3763,"This is your ready box. To indicate that you are ready to join a game, click on this box so that an X appears in it. If your current force level or rank level is too high for this game, you will not be able to set the box to the ready state. You must then either load in a new group with the proper rank and force levels or convince the game creator to modify the game settings.","This is your ready box. To indicate that you are ready to join a game, click on this box so that an X appears in it. If your current force level or rank level is too high for this game, you will not be able to set the box to the ready state. You must then either load in a new group with the proper rank and force levels or convince the game creator to modify the game settings.","alt:warn:>99chars","warn:>99chars"
"PARASH.BIN",3764,"This is your ready box. To indicate that you are ready to join a game, click on this box so that an X appears in it. If your current force level or rank level is too high for this game, you will not be able to set the box to the ready state. You must then either load in a new group with the proper rank and force levels or convince the game creator to modify the game settings.","This is your ready box. To indicate that you are ready to join a game, click on this box so that an X appears in it. If your current force level or rank level is too high for this game, you will not be able to set the box to the ready state. You must then either load in a new group with the proper rank and force levels or convince the game creator to modify the game settings.","alt:warn:>99chars","warn:>99chars"
"PARASH.BIN",3765,"This is your ready box. To indicate that you are ready to join a game, click on this box so that an X appears in it. If your current force level or rank level is too high for this game, you will not be able to set the box to the ready state. You must then either load in a new group with the proper rank and force levels or convince the game creator to modify the game settings.","This is your ready box. To indicate that you are ready to join a game, click on this box so that an X appears in it. If your current force level or rank level is too high for this game, you will not be able to set the box to the ready state. You must then either load in a new group with the proper rank and force levels or convince the game creator to modify the game settings.","alt:warn:>99chars","warn:>99chars"
"PARASH.BIN",3766,"This is your ready box. To indicate that you are ready to join a game, click on this box so that an X appears in it. If your current force level or rank level is too high for this game, you will not be able to set the box to the ready state. You must then either load in a new group with the proper rank and force levels or convince the game creator to modify the game settings.","This is your ready box. To indicate that you are ready to join a game, click on this box so that an X appears in it. If your current force level or rank level is too high for this game, you will not be able to set the box to the ready state. You must then either load in a new group with the proper rank and force levels or convince the game creator to modify the game settings.","alt:warn:>99chars","warn:>99chars"
"PARASH.BIN",3767,"This is your ready box. To indicate that you are ready to join a game, click on this box so that an X appears in it. If your current force level or rank level is too high for this game, you will not be able to set the box to the ready state. You must then either load in a new group with the proper rank and force levels or convince the game creator to modify the game settings.","This is your ready box. To indicate that you are ready to join a game, click on this box so that an X appears in it. If your current force level or rank level is too high for this game, you will not be able to set the box to the ready state. You must then either load in a new group with the proper rank and force levels or convince the game creator to modify the game settings.","alt:warn:>99chars","warn:>99chars"
"PARASH.BIN",3768,"This is your ready box. To indicate that you are ready to join a game, click on this box so that an X appears in it. If your current force level or rank level is too high for this game, you will not be able to set the box to the ready state. You must then either load in a new group with the proper rank and force levels or convince the game creator to modify the game settings.","This is your ready box. To indicate that you are ready to join a game, click on this box so that an X appears in it. If your current force level or rank level is too high for this game, you will not be able to set the box to the ready state. You must then either load in a new group with the proper rank and force levels or convince the game creator to modify the game settings.","alt:warn:>99chars","warn:>99chars"
"PARASH.BIN",3769,"This is your ready box. To indicate that you are ready to join a game, click on this box so that an X appears in it. If your current force level or rank level is too high for this game, you will not be able to set the box to the ready state. You must then either load in a new group with the proper rank and force levels or convince the game creator to modify the game settings.","This is the force color for the player in this slot. You can exchange the color of your force for an unused color by clicking on the color box next to your name.","alt:warn:>99chars","warn:>99chars"
"PARASH.BIN",3770,"This is the force color for the player in this slot. You can exchange the color of your force for an unused color by clicking on the color box next to your name.","This is the force color for the player in this slot. You can exchange the color of your force for an unused color by clicking on the color box next to your name.","alt:warn:>99chars","warn:>99chars"
"PARASH.BIN",3771,"This is the force color for the player in this slot. You can exchange the color of your force for an unused color by clicking on the color box next to your name.","This is the force color for the player in this slot. You can exchange the color of your force for an unused color by clicking on the color box next to your name.","alt:warn:>99chars","warn:>99chars"
"PARASH.BIN",3772,"This is the force color for the player in this slot. You can exchange the color of your force for an unused color by clicking on the color box next to your name.","This is the force color for the player in this slot. You can exchange the color of your force for an unused color by clicking on the color box next to your name.","alt:warn:>99chars","warn:>99chars"
"PARASH.BIN",3773,"This is the force color for the player in this slot. You can exchange the color of your force for an unused color by clicking on the color box next to your name.","This is the force color for the player in this slot. You can exchange the color of your force for an unused color by clicking on the color box next to your name.","alt:warn:>99chars","warn:>99chars"
"PARASH.BIN",3774,"This is the force color for the player in this slot. You can exchange the color of your force for an unused color by clicking on the color box next to your name.","This is the force color for the player in this slot. You can exchange the color of your force for an unused color by clicking on the color box next to your name.","alt:warn:>99chars","warn:>99chars"
"PARASH.BIN",3775,"This is the force color for the player in this slot. You can exchange the color of your force for an unused color by clicking on the color box next to your name.","This is the force color for the player in this slot. You can exchange the color of your force for an unused color by clicking on the color box next to your name.","alt:warn:>99chars","warn:>99chars"
"PARASH.BIN",3776,"This is the force color for the player in this slot. You can exchange the color of your force for an unused color by clicking on the color box next to your name.","This is the force color for the player in this slot. You can exchange the color of your force for an unused color by clicking on the color box next to your name.","alt:warn:>99chars","warn:>99chars"
"PARASH.BIN",3777,"This is the force color for the player in this slot. You can exchange the color of your force for an unused color by clicking on the color box next to your name.","This button shows whether or not a drop ship will be present to evacuate your forces during this mission.","alt:warn:>99chars","warn:>99chars"
"PARASH.BIN",3778,"This button shows whether or not a drop ship will be present to evacuate your forces during this mission.","This is the fog of war setting for this mission. The fog of war setting controls how much of the battle field you will be able to see during the game.","alt:warn:>99chars","warn:>99chars"
"PARASH.BIN",3779,"This is the fog of war setting for this mission. The fog of war setting controls how much of the battle field you will be able to see during the game.","The game creator sets this value as the maximum net worth of a player's forces.","","warn:>99chars"
"PARASH.BIN",3780,"The game creator sets this value as the maximum net worth of a player's forces.","The game creator sets this value as the maximum rank level of a player's forces.","",""
"PARASH.BIN",3781,"The game creator sets this value as the maximum rank level of a player's forces.","This value indicates the threat level of the Cybrid forces in this game. The 3 highest settings will include a Cybrid base.","alt:warn:>99chars",""
"PARASH.BIN",3782,"This value indicates the threat level of the Cybrid forces in this game. The 3 highest settings will include a Cybrid base.","This value indicates the amount of real time each player will have to direct his forces during the game.","alt:warn:>99chars","warn:>99chars"
"PARASH.BIN",3783,"This value indicates the amount of real time each player will have to direct his forces during the game.","Remove this warning box and return to the launch screen.","","warn:>99chars"
"PARASH.BIN",3785,"Remove this warning box and return to the launch screen.","Remove this player from the game. Once the removed player acknowledges, this slot will be available again.","alt:warn:>99chars",""
"PARASH.BIN",3786,"Remove this player from the game. Once the removed player acknowledges, this slot will be available again.","Remove this message box and return to the launch screen without any changes.","","warn:>99chars"
"PARASH.BIN",3787,"Remove this message box and return to the launch screen without any changes.","Increase the maximum force value setting for this game.","",""
"PARASH.BIN",3788,"Increase the maximum force value setting for this game.","Change the maximum force value setting for this game.","",""
"PARASH.BIN",3789,"Change the maximum force value setting for this game.","Decrease the maximum force value setting for this game.","",""
"PARASH.BIN",3790,"Decrease the maximum force value setting for this game.","Increase the maximum rank setting for this game.","",""
"PARASH.BIN",3791,"Increase the maximum rank setting for this game.","Change the maximum rank setting for this game.","",""
"PARASH.BIN",3792,"Change the maximum rank setting for this game.","Decrease the maximum rank setting for this game.","",""
"PARASH.BIN",3793,"Decrease the maximum rank setting for this game.","Increase the Cybrid threat level for this game.","",""
"PARASH.BIN",3794,"Increase the Cybrid threat level for this game.","Change the Cybrid threat level for this game.","",""
"PARASH.BIN",3795,"Change the Cybrid threat level for this game.","Decrease the Cybrid threat level for this game. The 3 highest settings will include a Cybrid base.","",""
"PARASH.BIN",3796,"Decrease the Cybrid threat level for this game. The 3 highest settings will include a Cybrid base.","Increase the timer setting for this game. Note - players with slower computers may have difficulty updating their forces in the allotted time when the timer is set at 1 minute or less.","alt:warn:>99chars",""
"PARASH.BIN",3797,"Increase the timer setting for this game. Note - players with slower computers may have difficulty updating their forces in the allotted time when the timer is set at 1 minute or less.","Change the timer setting for this game. Note - players with slower computers may have difficulty updating their forces in the allotted time when the timer is set at 1 minute or less.","alt:warn:>99chars","warn:>99chars"
"PARASH.BIN",3798,"Change the timer setting for this game. Note - players with slower computers may have difficulty updating their forces in the allotted time when the timer is set at 1 minute or less.","Decrease the timer setting for this game. Note - players with slower computers may have difficulty updating their forces in the allotted time when the timer is set at 1 minute or less.","alt:warn:>99chars","warn:>99chars"
"PARASH.BIN",3799,"Decrease the timer setting for this game. Note - players with slower computers may have difficulty updating their forces in the allotted time when the timer is set at 1 minute or less.","Ignore the warning message and begin this game now.","","warn:>99chars"
"PARASH.BIN",3800,"Ignore the warning message and begin this game now.","Close this warning message and return to the launch screen.","",""
"PARASH.BIN",3801,"Close this warning message and return to the launch screen.","Close this warning message and return to the launch screen.","",""
"PARASH.BIN",3802,"Close this warning message and return to the launch screen.","","",""
"PARASH.BIN",3805,"This sets whether players will automatically fire at advancing foes when it is not their turn.  It is called 'Opportunity Fire' (or OpFire) because your targetting computer will fire whenever it has a good opportunity to hit something.  NOTE: Generally you want this turned ON, but if you want to play a team-play game where you cooperate with others you should turn it off to avoid shooting your friends.","","","warn:>99chars"
"PARASH.BIN",3806,"","","",""
"PARASH.BIN",3807,"","","",""
"PARASH.BIN",3808,"","","",""
"PARASH.BIN",3809,"","","",""
"PARASH.BIN",3810,"","Parsus: The atmosphere on Parsus would quickly asphyxiate a Bioderm if Life Support were destroyed. Gravity here is 117%.  Gradual changes in elevation.","alt:warn:>99chars",""
"PARASH.BIN",3853,"Parsus: The atmosphere on Parsus would quickly asphyxiate a Bioderm if Life Support were destroyed. Gravity here is 117%.  Gradual changes in elevation.","Beran: A completely developed Terra class world with atmosphere and vegetation. Gravity here is 93%.  Beran's electromagnetic field is beneficial to Bioderms.","alt:warn:>99chars","warn:>99chars"
"PARASH.BIN",3854,"Beran: A completely developed Terra class world with atmosphere and vegetation. Gravity here is 93%.  Beran's electromagnetic field is beneficial to Bioderms.","Mardalla: An iron moon.  Mardalla's atmosphere would soon poison a Bioderm that is not protected by a Life support system.  Gravity here is 50%.","alt:warn:>99chars","warn:>99chars"
"PARASH.BIN",3855,"Mardalla: An iron moon.  Mardalla's atmosphere would soon poison a Bioderm that is not protected by a Life support system.  Gravity here is 50%.","Tirith: An airless moon.  Gravity here is 37%.  Tirith's electromagnetic field causes rapid aging of Bioderms.","alt:warn:>99chars","warn:>99chars"
"PARASH.BIN",3856,"Tirith: An airless moon.  Gravity here is 37%.  Tirith's electromagnetic field causes rapid aging of Bioderms.","Brell: Brell is a completely developed Terra class world with atmosphere and vegetation. Gravity here is 90%.  Brell's electromagnetic field amplifies sensors.","alt:warn:>99chars","warn:>99chars"
"PARASH.BIN",3857,"Brell: Brell is a completely developed Terra class world with atmosphere and vegetation. Gravity here is 90%.  Brell's electromagnetic field amplifies sensors.","Ora: An airless moon.  Gravity here is 52%.  Asphyxiation is immediate without Life Support.","","warn:>99chars"
"PARASH.BIN",3858,"Ora: An airless moon.  Gravity here is 52%.  Asphyxiation is immediate without Life Support.","Dirol: Most of Dirol's surface is covered with ice, possibly composed of frozen methane. Gravity here is 100%.  Asphyxiation is immediate without Life Support.","alt:warn:>99chars",""
"PARASH.BIN",3859,"Dirol: Most of Dirol's surface is covered with ice, possibly composed of frozen methane. Gravity here is 100%.  Asphyxiation is immediate without Life Support.","Hyperion: Hyperion's volcanic atmosphere will quickly kill a Bioderm without minimal Life Support.  Gravity here is 89%. Hyperion's electromagnetic field causes rapid aging of Bioderms.","alt:warn:>99chars","warn:>99chars"
"PARASH.BIN",3860,"Hyperion: Hyperion's volcanic atmosphere will quickly kill a Bioderm without minimal Life Support.  Gravity here is 89%. Hyperion's electromagnetic field causes rapid aging of Bioderms.","Dorn: This desert world retains a breathable atmosphere.  Gravity here is 130%.  Dorn's electromagnetic field amplifies sensors.","alt:warn:>99chars","warn:>99chars"
"PARASH.BIN",3861,"Dorn: This desert world retains a breathable atmosphere.  Gravity here is 130%.  Dorn's electromagnetic field amplifies sensors.","Odon: An almost airless desert moon.  Gravity here is 29%.  Particulate matter in the thin atmosphere renders ballistic weapons useless.  Death is immediate without Life Support.","alt:warn:>99chars","warn:>99chars"
"PARASH.BIN",3862,"Odon: An almost airless desert moon.  Gravity here is 29%.  Particulate matter in the thin atmosphere renders ballistic weapons useless.  Death is immediate without Life Support.","Dobo: Dobo is an airless moon.  Gravity here is 103%.  Asphyxiation is immediate without Life Support. Dobo's electromagnetic field inhibits missile and rocket launch mechanisms.","alt:warn:>99chars","warn:>99chars"
"PARASH.BIN",3863,"Dobo: Dobo is an airless moon.  Gravity here is 103%.  Asphyxiation is immediate without Life Support. Dobo's electromagnetic field inhibits missile and rocket launch mechanisms.","Xhiron: This world is covered with frozen gas glaciers.  Gravity here is 200%.  If Life Support is even damaged, a Bioderm will die quickly.  Xhiron's dense crust makes mining difficult.","alt:warn:>99chars","warn:>99chars"
"PARASH.BIN",3864,"Xhiron: This world is covered with frozen gas glaciers.  Gravity here is 200%.  If Life Support is even damaged, a Bioderm will die quickly.  Xhiron's dense crust makes mining difficult.","Basmalt: A small desert moon.  Gravity here is 110%.  If Life Support is damaged, a Bioderm will die quickly.  Basmalt's EM field amplifies the regeneration rate of shields.","alt:warn:>99chars","warn:>99chars"
"PARASH.BIN",3865,"Basmalt: A small desert moon.  Gravity here is 110%.  If Life Support is damaged, a Bioderm will die quickly.  Basmalt's EM field amplifies the regeneration rate of shields.","Tahn: Tahn is a large enough moon to retain a sufficient gravity field and a breathable atmosphere. Gravity here is 97%.  Tahn's electromagnetic field amplifies sensors.","alt:warn:>99chars","warn:>99chars"
"PARASH.BIN",3866,"Tahn: Tahn is a large enough moon to retain a sufficient gravity field and a breathable atmosphere. Gravity here is 97%.  Tahn's electromagnetic field amplifies sensors.","Kabulov: Low ridges here stretch for miles.  Gravity here is 44%.  Kabulov's EM field disables anti-gravity systems.","alt:warn:>99chars","warn:>99chars"
"PARASH.BIN",3867,"Kabulov: Low ridges here stretch for miles.  Gravity here is 44%.  Kabulov's EM field disables anti-gravity systems.","Ursk: Ursk is covered in a sheet of frozen methane and trace minerals. Gravity here is 63%.  If Life Support is damaged, a Bioderm will die quickly.  This moon's EM field inhibits shields, sensors, and energy-based weapon systems.","alt:warn:>99chars","warn:>99chars"
"PARASH.BIN",3868,"Ursk: Ursk is covered in a sheet of frozen methane and trace minerals. Gravity here is 63%.  If Life Support is damaged, a Bioderm will die quickly.  This moon's EM field inhibits shields, sensors, and energy-based weapon systems.","Muynak: A young volcanic moon.  Gravity here is 33%.  If Life Support is damaged, a Bioderm will die quickly.  Muynak's surface makes mining easier.","alt:warn:>99chars","warn:>99chars"
"PARASH.BIN",3869,"Muynak: A young volcanic moon.  Gravity here is 33%.  If Life Support is damaged, a Bioderm will die quickly.  Muynak's surface makes mining easier.","Morav: Morav was seen as an ideal colonization site before Cybrid infestation was discovered. In Newspeech, the name ""Morav"" meant ""Paradise.""  Gravity here is 136%.","alt:warn:>99chars","warn:>99chars"
"PARASH.BIN",3870,"Morav: Morav was seen as an ideal colonization site before Cybrid infestation was discovered. In Newspeech, the name ""Morav"" meant ""Paradise.""  Gravity here is 136%.","Salikh: Gravity here is 70%.  Particulate matter in the thin atmosphere renders ballistic weapons useless.  Death is immediate without Life Support.","alt:warn:>99chars","warn:>99chars"
"PARASH.BIN",3871,"Salikh: Gravity here is 70%.  Particulate matter in the thin atmosphere renders ballistic weapons useless.  Death is immediate without Life Support.","Praab: Praab is a tiny jungle moon.  Gravity here is 89%.  This planet's electromagnetic field completely inhibits the use of ELF weapons.","alt:warn:>99chars","warn:>99chars"
"PARASH.BIN",3872,"Praab: Praab is a tiny jungle moon.  Gravity here is 89%.  This planet's electromagnetic field completely inhibits the use of ELF weapons.","Gehenna: The Cybrids' volcanic homeworld.  Gravity here is 213%.  If Life Support is damaged, a Bioderm will die quickly.  Gehenna's EM field severely inhibits the explosive effects of area-effect missiles and self-detonators.","alt:warn:>99chars","warn:>99chars"
"PARASH.BIN",3873,"Gehenna: The Cybrids' volcanic homeworld.  Gravity here is 213%.  If Life Support is damaged, a Bioderm will die quickly.  Gehenna's EM field severely inhibits the explosive effects of area-effect missiles and self-detonators.","Charon: A volcanic moon of Gehenna.  Gravity here is 33%.  If Life Support is damaged, death is immediate.  Charon's EM field negates sensors.","alt:warn:>99chars","warn:>99chars"
"PARASH.BIN",3874,"Charon: A volcanic moon of Gehenna.  Gravity here is 33%.  If Life Support is damaged, death is immediate.  Charon's EM field negates sensors.","Acheron: A sulfur moon of Gehenna.  Gravity here is 200%.  If Life Support is even damaged, death is immediate.  Acheron's EM field hampers both computers and sensors.","alt:warn:>99chars","warn:>99chars"
"PARASH.BIN",3875,"Acheron: A sulfur moon of Gehenna.  Gravity here is 200%.  If Life Support is even damaged, death is immediate.  Acheron's EM field hampers both computers and sensors.","This screen is used to configure and launch a Hotseat or Play-By-EMail (PBEM) game.","","warn:>99chars"
"PARASH.BIN",4001,"This screen is used to configure and launch a Hotseat or Play-By-EMail (PBEM) game.","Click here to start a Hotseat or Play-by-EMail CyberStorm game.","",""
"PARASH.BIN",4002,"Click here to start a Hotseat or Play-by-EMail CyberStorm game.","Click here to set all the players to use the default force currently defined by the options sliders.","alt:warn:>99chars",""
"PARASH.BIN",4003,"Click here to set all the players to use the default force currently defined by the options sliders.","Click here to return to the General Menu.","","warn:>99chars"
"PARASH.BIN",4004,"Click here to return to the General Menu.","The list of players and available slots appears below this label.","",""
"PARASH.BIN",4005,"The list of players and available slots appears below this label.","A different game file that defines the starting forces is selectable for each player.  This column lists the game files.","alt:warn:>99chars",""
"PARASH.BIN",4006,"A different game file that defines the starting forces is selectable for each player.  This column lists the game files.","The values shown below this label indicate the value of each player's forces.","","warn:>99chars"
"PARASH.BIN",4007,"The values shown below this label indicate the value of each player's forces.","The values shown below this label indicate the rank of each player.","",""
"PARASH.BIN",4008,"The values shown below this label indicate the rank of each player.","The area below this label shows the current game settings. The information here can only be changed by the game creator.","alt:warn:>99chars",""
"PARASH.BIN",4009,"The area below this label shows the current game settings. The information here can only be changed by the game creator.","This is the maximum force value that can be used in this game.","","warn:>99chars"
"PARASH.BIN",4010,"This is the maximum force value that can be used in this game.","This is the maximum rank value that can be used in this game.","",""
"PARASH.BIN",4011,"This is the maximum rank value that can be used in this game.","This is the name of the world your mission will take place on.","",""
"PARASH.BIN",4012,"This is the name of the world your mission will take place on.","This indicates the level of Cybrid infestation in this mission.","",""
"PARASH.BIN",4013,"This indicates the level of Cybrid infestation in this mission.","This is how long each player will have to complete a turn in the game.","",""
"PARASH.BIN",4014,"This is how long each player will have to complete a turn in the game.","The fog of war setting controls how much of the rest of the world you can see during the game.","",""
"PARASH.BIN",4015,"The fog of war setting controls how much of the rest of the world you can see during the game.","Indicates if a drop ship will be available to evacuate your forces.","",""
"PARASH.BIN",4016,"Indicates if a drop ship will be available to evacuate your forces.","This is the value of the forces loaded for this player.","",""
"PARASH.BIN",4017,"This is the value of the forces loaded for this player.","This is the rank level of the forces loaded for this player.","",""
"PARASH.BIN",4018,"This is the value of the forces loaded for this player.","This is the rank level of the forces loaded for this player.","",""
"PARASH.BIN",4019,"This is the value of the forces loaded for this player.","This is the rank level of the forces loaded for this player.","",""
"PARASH.BIN",4020,"This is the value of the forces loaded for this player.","This is the rank level of the forces loaded for this player.","",""
"PARASH.BIN",4021,"This is the value of the forces loaded for this player.","This is the rank level of the forces loaded for this player.","",""
"PARASH.BIN",4022,"This is the value of the forces loaded for this player.","This is the rank level of the forces loaded for this player.","",""
"PARASH.BIN",4023,"This is the value of the forces loaded for this player.","This is the rank level of the forces loaded for this player.","",""
"PARASH.BIN",4024,"This is the value of the forces loaded for this player.","This is the rank level of the forces loaded for this player.","",""
"PARASH.BIN",4025,"This is the rank level of the forces loaded for this player.","This is the name of the player.  Enter any player name you like.","",""
"PARASH.BIN",4026,"This is the rank level of the forces loaded for this player.","This is the name of the player.  Enter any player name you like.","",""
"PARASH.BIN",4027,"This is the rank level of the forces loaded for this player.","This is the name of the player.  Enter any player name you like.","",""
"PARASH.BIN",4028,"This is the rank level of the forces loaded for this player.","This is the name of the player.  Enter any player name you like.","",""
"PARASH.BIN",4029,"This is the rank level of the forces loaded for this player.","This is the name of the player.  Enter any player name you like.","",""
"PARASH.BIN",4030,"This is the rank level of the forces loaded for this player.","This is the name of the player.  Enter any player name you like.","",""
"PARASH.BIN",4031,"This is the rank level of the forces loaded for this player.","This is the name of the player.  Enter any player name you like.","",""
"PARASH.BIN",4032,"This is the rank level of the forces loaded for this player.","This is the name of the player.  Enter any player name you like.","",""
"PARASH.BIN",4033,"This is the name of the player.  Enter any player name you like.","Each player has a game file that defines the starting forces.   Click to select either a custom force or a one of the default forces that shipped with CyberStorm.  If you pick a custom force, you will need to find it with a File Dialog.  If you pick a default force, it will be based on the current settings of the game option sliders.","alt:warn:>99chars",""
"PARASH.BIN",4034,"This is the name of the player.  Enter any player name you like.","Each player has a game file that defines the starting forces.   Click to select either a custom force or a one of the default forces that shipped with CyberStorm.  If you pick a custom force, you will need to find it with a File Dialog.  If you pick a default force, it will be based on the current settings of the game option sliders.","alt:warn:>99chars",""
"PARASH.BIN",4035,"This is the name of the player.  Enter any player name you like.","Each player has a game file that defines the starting forces.   Click to select either a custom force or a one of the default forces that shipped with CyberStorm.  If you pick a custom force, you will need to find it with a File Dialog.  If you pick a default force, it will be based on the current settings of the game option sliders.","alt:warn:>99chars",""
"PARASH.BIN",4036,"This is the name of the player.  Enter any player name you like.","Each player has a game file that defines the starting forces.   Click to select either a custom force or a one of the default forces that shipped with CyberStorm.  If you pick a custom force, you will need to find it with a File Dialog.  If you pick a default force, it will be based on the current settings of the game option sliders.","alt:warn:>99chars",""
"PARASH.BIN",4037,"This is the name of the player.  Enter any player name you like.","Each player has a game file that defines the starting forces.   Click to select either a custom force or a one of the default forces that shipped with CyberStorm.  If you pick a custom force, you will need to find it with a File Dialog.  If you pick a default force, it will be based on the current settings of the game option sliders.","alt:warn:>99chars",""
"PARASH.BIN",4038,"This is the name of the player.  Enter any player name you like.","Each player has a game file that defines the starting forces.   Click to select either a custom force or a one of the default forces that shipped with CyberStorm.  If you pick a custom force, you will need to find it with a File Dialog.  If you pick a default force, it will be based on the current settings of the game option sliders.","alt:warn:>99chars",""
"PARASH.BIN",4039,"This is the name of the player.  Enter any player name you like.","Each player has a game file that defines the starting forces.   Click to select either a custom force or a one of the default forces that shipped with CyberStorm.  If you pick a custom force, you will need to find it with a File Dialog.  If you pick a default force, it will be based on the current settings of the game option sliders.","alt:warn:>99chars",""
"PARASH.BIN",4040,"This is the name of the player.  Enter any player name you like.","Each player has a game file that defines the starting forces.   Click to select either a custom force or a one of the default forces that shipped with CyberStorm.  If you pick a custom force, you will need to find it with a File Dialog.  If you pick a default force, it will be based on the current settings of the game option sliders.","alt:warn:>99chars",""
"PARASH.BIN",4041,"Each player has a game file that defines the starting forces.   Click to select either a custom force or a one of the default forces that shipped with CyberStorm.  If you pick a custom force, you will need to find it with a File Dialog.  If you pick a default force, it will be based on the current settings of the game option sliders.","This is the force color for the player in this slot.  You can click this button to select any color that is not used by any player in the list above you.","alt:warn:>99chars","warn:>99chars"
"PARASH.BIN",4042,"Each player has a game file that defines the starting forces.   Click to select either a custom force or a one of the default forces that shipped with CyberStorm.  If you pick a custom force, you will need to find it with a File Dialog.  If you pick a default force, it will be based on the current settings of the game option sliders.","This is the force color for the player in this slot.  You can click this button to select any color that is not used by any player in the list above you.","alt:warn:>99chars","warn:>99chars"
"PARASH.BIN",4043,"Each player has a game file that defines the starting forces.   Click to select either a custom force or a one of the default forces that shipped with CyberStorm.  If you pick a custom force, you will need to find it with a File Dialog.  If you pick a default force, it will be based on the current settings of the game option sliders.","This is the force color for the player in this slot.  You can click this button to select any color that is not used by any player in the list above you.","alt:warn:>99chars","warn:>99chars"
"PARASH.BIN",4044,"Each player has a game file that defines the starting forces.   Click to select either a custom force or a one of the default forces that shipped with CyberStorm.  If you pick a custom force, you will need to find it with a File Dialog.  If you pick a default force, it will be based on the current settings of the game option sliders.","This is the force color for the player in this slot.  You can click this button to select any color that is not used by any player in the list above you.","alt:warn:>99chars","warn:>99chars"
"PARASH.BIN",4045,"Each player has a game file that defines the starting forces.   Click to select either a custom force or a one of the default forces that shipped with CyberStorm.  If you pick a custom force, you will need to find it with a File Dialog.  If you pick a default force, it will be based on the current settings of the game option sliders.","This is the force color for the player in this slot.  You can click this button to select any color that is not used by any player in the list above you.","alt:warn:>99chars","warn:>99chars"
"PARASH.BIN",4046,"Each player has a game file that defines the starting forces.   Click to select either a custom force or a one of the default forces that shipped with CyberStorm.  If you pick a custom force, you will need to find it with a File Dialog.  If you pick a default force, it will be based on the current settings of the game option sliders.","This is the force color for the player in this slot.  You can click this button to select any color that is not used by any player in the list above you.","alt:warn:>99chars","warn:>99chars"
"PARASH.BIN",4047,"Each player has a game file that defines the starting forces.   Click to select either a custom force or a one of the default forces that shipped with CyberStorm.  If you pick a custom force, you will need to find it with a File Dialog.  If you pick a default force, it will be based on the current settings of the game option sliders.","This is the force color for the player in this slot.  You can click this button to select any color that is not used by any player in the list above you.","alt:warn:>99chars","warn:>99chars"
"PARASH.BIN",4048,"Each player has a game file that defines the starting forces.   Click to select either a custom force or a one of the default forces that shipped with CyberStorm.  If you pick a custom force, you will need to find it with a File Dialog.  If you pick a default force, it will be based on the current settings of the game option sliders.","This is the force color for the player in this slot.  You can click this button to select any color that is not used by any player in the list above you.","alt:warn:>99chars","warn:>99chars"
"PARASH.BIN",4049,"This is the force color for the player in this slot.  You can click this button to select any color that is not used by any player in the list above you.","This button shows whether or not a drop ship will be present to evacuate your forces during this mission.","alt:warn:>99chars","warn:>99chars"
"PARASH.BIN",4050,"This is the force color for the player in this slot.  You can click this button to select any color that is not used by any player in the list above you.","This button shows whether or not a drop ship will be present to evacuate your forces during this mission.","alt:warn:>99chars","warn:>99chars"
"PARASH.BIN",4051,"This is the force color for the player in this slot.  You can click this button to select any color that is not used by any player in the list above you.","This button shows whether or not a drop ship will be present to evacuate your forces during this mission.","alt:warn:>99chars","warn:>99chars"
"PARASH.BIN",4052,"This is the force color for the player in this slot.  You can click this button to select any color that is not used by any player in the list above you.","This button shows whether or not a drop ship will be present to evacuate your forces during this mission.","alt:warn:>99chars","warn:>99chars"
"PARASH.BIN",4053,"This is the force color for the player in this slot.  You can click this button to select any color that is not used by any player in the list above you.","This button shows whether or not a drop ship will be present to evacuate your forces during this mission.","alt:warn:>99chars","warn:>99chars"
"PARASH.BIN",4054,"This is the force color for the player in this slot.  You can click this button to select any color that is not used by any player in the list above you.","This button shows whether or not a drop ship will be present to evacuate your forces during this mission.","alt:warn:>99chars","warn:>99chars"
"PARASH.BIN",4055,"This is the force color for the player in this slot.  You can click this button to select any color that is not used by any player in the list above you.","This button shows whether or not a drop ship will be present to evacuate your forces during this mission.","alt:warn:>99chars","warn:>99chars"
"PARASH.BIN",4056,"This is the force color for the player in this slot.  You can click this button to select any color that is not used by any player in the list above you.","This button shows whether or not a drop ship will be present to evacuate your forces during this mission.","alt:warn:>99chars","warn:>99chars"
"PARASH.BIN",4057,"This button shows whether or not a drop ship will be present to evacuate your forces during this mission.","This is the fog of war setting for this mission. The fog of war setting controls how much of the battle field you will be able to see during the game.","alt:warn:>99chars","warn:>99chars"
"PARASH.BIN",4058,"This is the fog of war setting for this mission. The fog of war setting controls how much of the battle field you will be able to see during the game.","Increase the maximum force value setting for this game.","","warn:>99chars"
"PARASH.BIN",4059,"Increase the maximum force value setting for this game.","Change the maximum force value setting for this game.","",""
"PARASH.BIN",4060,"Change the maximum force value setting for this game.","Decrease the maximum force value setting for this game.","",""
"PARASH.BIN",4061,"Decrease the maximum force value setting for this game.","Increase the maximum rank setting for this game.","",""
"PARASH.BIN",4062,"Increase the maximum rank setting for this game.","Change the maximum rank setting for this game.","",""
"PARASH.BIN",4063,"Change the maximum rank setting for this game.","Decrease the maximum rank setting for this game.","",""
"PARASH.BIN",4064,"Decrease the maximum rank setting for this game.","Increase the Cybrid threat level for this game.","",""
"PARASH.BIN",4065,"Increase the Cybrid threat level for this game.","Change the Cybrid threat level for this game.","",""
"PARASH.BIN",4066,"Change the Cybrid threat level for this game.","Decrease the Cybrid threat level for this game.","",""
"PARASH.BIN",4067,"Decrease the Cybrid threat level for this game.","Increase the timer setting for this game. Note - players with slower computers may have difficulty updating their forces in the allotted time when the timer is set at 1 minute or less.","alt:warn:>99chars",""
"PARASH.BIN",4068,"Increase the timer setting for this game. Note - players with slower computers may have difficulty updating their forces in the allotted time when the timer is set at 1 minute or less.","Change the timer setting for this game. Note - players with slower computers may have difficulty updating their forces in the allotted time when the timer is set at 1 minute or less.","alt:warn:>99chars","warn:>99chars"
"PARASH.BIN",4069,"Change the timer setting for this game. Note - players with slower computers may have difficulty updating their forces in the allotted time when the timer is set at 1 minute or less.","Decrease the timer setting for this game. Note - players with slower computers may have difficulty updating their forces in the allotted time when the timer is set at 1 minute or less.","alt:warn:>99chars","warn:>99chars"
"PARASH.BIN",4070,"Decrease the timer setting for this game. Note - players with slower computers may have difficulty updating their forces in the allotted time when the timer is set at 1 minute or less.","Use this slider to select one of the available planets or moons for this mission. Right click on the image to see a description of that world.","alt:warn:>99chars","warn:>99chars"
"PARASH.BIN",4071,"Use this slider to select one of the available planets or moons for this mission. Right click on the image to see a description of that world.","Use this slider to select one of the available planets or moons for this mission. Right click on the image to see a description of that world.","alt:warn:>99chars","warn:>99chars"
"PARASH.BIN",4072,"Use this slider to select one of the available planets or moons for this mission. Right click on the image to see a description of that world.","Use this slider to select one of the available planets or moons for this mission. Right click on the image to see a description of that world.","alt:warn:>99chars","warn:>99chars"
"PARASH.BIN",4073,"Use this slider to select one of the available planets or moons for this mission. Right click on the image to see a description of that world.","This sets whether players will automatically fire at advancing foes when it is not their turn.  It is called 'Opportunity Fire' (or OpFire) because your targetting computer will fire whenever it has a good opportunity to hit something.  NOTE: Generally you want this turned ON, but if you want to play a team-play game where you cooperate with others you should turn it off to avoid shooting your friends.","alt:warn:>99chars","warn:>99chars"
"PARASH.BIN",4076,"This sets whether players will automatically fire at advancing foes when it is not their turn.  It is called 'Opportunity Fire' (or OpFire) because your targetting computer will fire whenever it has a good opportunity to hit something.  NOTE: Generally you want this turned ON, but if you want to play a team-play game where you cooperate with others you should turn it off to avoid shooting your friends.","","","warn:>99chars"
"PARASH.BIN",4077,"","","",""
"PARASIM.BIN",101,"Select MOVE menu.  This makes all move options available.","Select FIRE menu.  Weapons may be fired directly from this menu after a target is chosen.  Weapons may also be fired with corresponding number keys.  Continuous clicking on the enemy will also fire weapons.","",""
"PARASIM.BIN",102,"Select FIRE menu.  Weapons may be fired directly from this menu after a target is chosen.  Weapons may also be fired with corresponding number keys.  Continuous clicking on the enemy will also fire weapons.","Select INTERNALS menu.  Some internal systems must be activated before they will operate.","",""
"PARASIM.BIN",103,"Select INTERNALS menu.  Some internal systems must be activated before they will operate.","Select SHIELDS menu.  Energy-based attacks are required to deplete shields.","",""
"PARASIM.BIN",104,"Select SHIELDS menu.  Energy-based attacks are required to deplete shields.","View Herc damage.  This mini-damage model shows damaged areas through color-coding, as well as what shields are active.  Clicking on this area gives access to a detailed damage model interface.  Once Nanorepair is available, incremental repairs are also possible.","",""
"PARASIM.BIN",105,"View Herc damage.  This mini-damage model shows damaged areas through color-coding, as well as what shields are active.  Clicking on this area gives access to a detailed damage model interface.  Once Nanorepair is available, incremental repairs are also possible.","Shows current Herc name.  The Herc's name can be changed in the Herc Bay, in the ""Manage Hercs"" area.  Once there, click on the Herc's name to change it.","",""
"PARASIM.BIN",106,"Shows current Herc name.  The Herc's name can be changed in the Herc Bay, in the ""Manage Hercs"" area.  Once there, click on the Herc's name to change it.","View Bioderm status.  The Bioderm's depiction here communicates its Genetic Stability. When approaching Genetic Instability the Bioderm turns blue, eventually losing all cohesion. Clicking on this area allows access to the Bioderm interface, including skill ratings and Stimgland administration apparatus.","",""
"PARASIM.BIN",107,"View Bioderm status.  The Bioderm's depiction here communicates its Genetic Stability. When approaching Genetic Instability the Bioderm turns blue, eventually losing all cohesion. Clicking on this area allows access to the Bioderm interface, including skill ratings and Stimgland administration apparatus.","Shows the current Herc pilot's name.  The Bioderm's name can be changed in the Bioderm Facility, in any area but the Biovat.  Once in the Bioderm Facility, click on the Bioderm's name to change it.","",""
"PARASIM.BIN",108,"Shows the current Herc pilot's name.  The Bioderm's name can be changed in the Bioderm Facility, in any area but the Biovat.  Once in the Bioderm Facility, click on the Bioderm's name to change it.","Select previous unit.  This will loop through the Herc-Bioderm unit roster.","",""
"PARASIM.BIN",109,"Select previous unit.  This will loop through the Herc-Bioderm unit roster.","Select next unit.  This will loop through the Herc-Bioderm unit roster.","",""
"PARASIM.BIN",110,"Select next unit.  This will loop through the Herc-Bioderm unit roster.","Mark this unit as done for their turn.  Removes the Herc-Bioderm unit from the scrolling roster for the remainder of the turn.","",""
"PARASIM.BIN",111,"Mark this unit as done for their turn.  Removes the Herc-Bioderm unit from the scrolling roster for the remainder of the turn.","End entire turn.  ","",""
"PARASIM.BIN",112,"End entire turn.  ","This display shows available battery power.  Battery power cannot be used for movement (other than crouching).  Battery power is used to fire Energy, ELF, Plasma, and most Advanced Technology weapons once reactor power is depleted.  Green marks show power available, red indicates power depleted, and yellow shows projected power use for planned actions that require energy.","",""
"PARASIM.BIN",113,"This display shows available battery power.  Battery power cannot be used for movement (other than crouching).  Battery power is used to fire Energy, ELF, Plasma, and most Advanced Technology weapons once reactor power is depleted.  Green marks show power available, red indicates power depleted, and yellow shows projected power use for planned actions that require energy.","This display shows available reactor power.  Reactor power is a Herc's primary power source. Green marks show power available, red indicates power depleted, and yellow shows projected power use for planned actions that require energy.","",""
"PARASIM.BIN",114,"This display shows available reactor power.  Reactor power is a Herc's primary power source. Green marks show power available, red indicates power depleted, and yellow shows projected power use for planned actions that require energy.","Shows Bioderm status levels.  Detailed information can be retrieved by clicking on the Bioderm face found next to these bars.","",""
"PARASIM.BIN",115,"Shows Bioderm status levels.  Detailed information can be retrieved by clicking on the Bioderm face found next to these bars.","Click and Drag to scroll map.","",""
"PARASIM.BIN",201,"Click and Drag to scroll map.","Rotate map counterclockwise.  This is often useful in looking around terrain features.","",""
"PARASIM.BIN",202,"Rotate map counterclockwise.  This is often useful in looking around terrain features.","Rotate map clockwise.  This is often useful in looking around terrain features.","",""
"PARASIM.BIN",203,"Rotate map clockwise.  This is often useful in looking around terrain features.","Zoom out from map.  Useful in examining all strategic and tactical aspects of the battlefield.","",""
"PARASIM.BIN",204,"Zoom out from map.  Useful in examining all strategic and tactical aspects of the battlefield.","Zoom in to map.  Useful in examining terrain features.","",""
"PARASIM.BIN",205,"Zoom in to map.  Useful in examining terrain features.","Rotate Herc counterclockwise.  Useful when preparing for return fire.","",""
"PARASIM.BIN",302,"Click and Drag mouse to control rotation.  Hold down Ctrl key to view hit probability model.  Also, The 4-5-6 keys on the keypad can also control the rotation.","This area shows core structural components.  The number to the right indicates the percentage of effectiveness for that component.  The Herc's chassis is very important, because the Herc explodes when that percentage reaches 0%.  Once Nanorepair technology is available, incremental repair to damaged components is possible by clicking on the damaged component.","",""
"PARASIM.BIN",327,"Shows an overall battle-status of the Herc.  A Herc in perfect condition except for a broken reactor could be considered easily fixed in the Herc Bay.  In combat, however this can render the Herc completely useless and this rating is weighted to reflect that.","These are the important attributes that relate to this Bioderm's performance.","",""
"PARASIM.BIN",328,"These arrows can loop forward or backward through your Herc-Bioderm unit roster.","Click and Drag mouse to control rotation.  Hold down Ctrl key to view hit probability model.  Also, The 4-5-6 keys on the keypad can also control the rotation.","",""
"PARASIM.BIN",329,"These arrows can loop forward or backward through your Herc-Bioderm unit roster.","Click and Drag mouse to control rotation.  Hold down Ctrl key to view hit probability model.  Also, The 4-5-6 keys on the keypad can also control the rotation.","",""
"PARASIM.BIN",330,"Return to combat.","These arrows can loop forward or backward through your Herc-Bioderm unit roster.","",""
"PARASIM.BIN",331,"This area shows core structural components.  The number to the right indicates the percentage of effectiveness for that component.  The Herc's chassis is very important, because the Herc explodes when that percentage reaches 0%.  Once Nanorepair technology is available, incremental repair to damaged components is possible by clicking on the damaged component.","This area shows fundamental Herc systems.  The number to the right indicates the percentage of effectiveness for that component. Once Nanorepair technology is available, incremental repair to damaged components is possible by clicking on the damaged component.","",""
"PARASIM.BIN",332,"This area shows fundamental Herc systems.  The number to the right indicates the percentage of effectiveness for that component. Once Nanorepair technology is available, incremental repair to damaged components is possible by clicking on the damaged component.","This area shows the contents of all weapon slots.  The number to the right indicates the percentage of effectiveness for that component.  Once Nanorepair technology is available, incremental repair to damaged components is possible by clicking on the damaged component.","",""
"PARASIM.BIN",333,"This area shows the contents of all weapon slots.  The number to the right indicates the percentage of effectiveness for that component.  Once Nanorepair technology is available, incremental repair to damaged components is possible by clicking on the damaged component.","This area shows the contents of all internal upgrades.  Some internal systems must be activated before they will operate.","",""
"PARASIM.BIN",334,"This area shows the contents of all internal upgrades.  Some internal systems must be activated before they will operate.","Shows an overall battle-status of the Herc.  A Herc in perfect condition except for a broken reactor could be considered easily fixed in the Herc Bay.  In combat, however this can render the Herc completely useless and this rating is weighted to reflect that.","",""
"PARASIM.BIN",401,"These are the important attributes that relate to this Bioderm's performance.","Advanced Life Support systems are able to regenerate, stabilize, and detoxify the Bioderm.","",""
"PARASIM.BIN",402,"Advanced Life Support systems are able to regenerate, stabilize, and detoxify the Bioderm.","Rank for Bioderms is a classification based on their maturation process.  Rankings are Alphaderm, Betaderm, Cytoderm, Deltaderm ,and Endoderm, with five sub-ranks each.  Newly created Bioderms are classified as Alphaderm  1.","",""
"PARASIM.BIN",403,"Rank for Bioderms is a classification based on their maturation process.  Rankings are Alphaderm, Betaderm, Cytoderm, Deltaderm ,and Endoderm, with five sub-ranks each.  Newly created Bioderms are classified as Alphaderm  1.","The two numbers represent current age and maximum life expectancy.  Age is measured in years.  Each year in the Unitech calendar is ten months long.","",""
"PARASIM.BIN",404,"The two numbers represent current age and maximum life expectancy.  Age is measured in years.  Each year in the Unitech calendar is ten months long.","The better the piloting skill, the less reactor energy that is required for movement.  A higher piloting skill also lowers an opponent's chance to hit.","",""
"PARASIM.BIN",405,"The better the piloting skill, the less reactor energy that is required for movement.  A higher piloting skill also lowers an opponent's chance to hit.","This skill is used to fire standard energy weapons.  Lasers and other energy weapons are needed to bring down an enemy's shields.","",""
"PARASIM.BIN",406,"This skill is used to fire standard energy weapons.  Lasers and other energy weapons are needed to bring down an enemy's shields.","Missiles and rockets are highly effective over long ranges against armor not protected by shields, and most do not require a line of sight.  Few can be carried at one time. Energy is not required to fire them.","",""
"PARASIM.BIN",407,"Missiles and rockets are highly effective over long ranges against armor not protected by shields, and most do not require a line of sight.  Few can be carried at one time. Energy is not required to fire them.","Cannons and other ballistic weapons are effective against armor not protected by shields.  They are limited by the amount of ammunition that can be carried, but most use no energy to fire.","",""
"PARASIM.BIN",408,"Cannons and other ballistic weapons are effective against armor not protected by shields.  They are limited by the amount of ammunition that can be carried, but most use no energy to fire.","Plasma weapons do huge damage to shields and lesser damage to armor.","",""
"PARASIM.BIN",409,"Plasma weapons do huge damage to shields and lesser damage to armor.","Electron Flux weapons create short range energy whips that are ineffective in damaging shields but pass through them to strike an opponent's armor.","",""
"PARASIM.BIN",410,"Electron Flux weapons create short range energy whips that are ineffective in damaging shields but pass through them to strike an opponent's armor.","Weapons that fall under this category are either hybrid weapons (like Particle Guns, which deliver an energy-charged ballistic salvo) or employ unconventional forms of energy (like the Neutron Beam Weapon).","",""
"PARASIM.BIN",411,"Weapons that fall under this category are either hybrid weapons (like Particle Guns, which deliver an energy-charged ballistic salvo) or employ unconventional forms of energy (like the Neutron Beam Weapon).","The Command rating is the amount of Stability restored to any Bioderm within range.  This effect is cumulative if two Command Bioderms are nearby. Bioderms without a rating in Command can never gain it.","",""
"PARASIM.BIN",412,"The Command rating is the amount of Stability restored to any Bioderm within range.  This effect is cumulative if two Command Bioderms are nearby. Bioderms without a rating in Command can never gain it.","The two numbers show the Bioderm's current health and potential health. 

Health is lost when a Bioderm's Herc is hit, or when the Bioderm is hit directly. Health deteriorates incrementally when the Bioderm's toxin threshold is exceeded, or when the Bioderm's Genetic Stability drops below its Instability threshold. Certain corrosive atmospheres will damage health each turn if Life Support has been damaged or, in some cases, completely destroyed.  When Health reaches 0%, the Bioderm is dead. 

Health can be completely restored with the Regeneration option in the Medvat.  Health is restored incrementally by more advanced Life Support devices, but very slowly.","",""
"PARASIM.BIN",413,"The two numbers show the Bioderm's current health and potential health. 

Health is lost when a Bioderm's Herc is hit, or when the Bioderm is hit directly. Health deteriorates incrementally when the Bioderm's toxin threshold is exceeded, or when the Bioderm's Genetic Stability drops below its Instability threshold. Certain corrosive atmospheres will damage health each turn if Life Support has been damaged or, in some cases, completely destroyed.  When Health reaches 0%, the Bioderm is dead. 

Health can be completely restored with the Regeneration option in the Medvat.  Health is restored incrementally by more advanced Life Support devices, but very slowly.","The two numbers show the Bioderm's current genetic stability and potential genetic stability. 

Stability is lost when a Bioderm's Herc is hit, or when the Bioderm is hit directly. Stability is also lost with each dose of Jackup Stimgland administered. Stability deteriorates every turn once the Toxin threshold is exceeded.  When the Bioderm approaches the Instability threshold it begins to turn blue, and its skill ratings will drop slightly. Once Stability drops below the Instability threshold, skill ratings drop sharply.  When a skill rating reaches 0%, the Bioderm will be unable to perform that task. 

Stability can be completely restored with the Stabilize option in the Medvat.  Stability is restored incrementally by more advanced Life Support devices, but very slowly. Placidex Stimgland rejuvenates lost Stability but contributes to Toxin buildup.  A Bioderm with Command can rejuvenate lost Stability if it is within three hexes of the Bioderm at the beginning of the turn. This effect is cumulative.","",""
"PARASIM.BIN",414,"The two numbers show the Bioderm's current genetic stability and potential genetic stability. 

Stability is lost when a Bioderm's Herc is hit, or when the Bioderm is hit directly. Stability is also lost with each dose of Jackup Stimgland administered. Stability deteriorates every turn once the Toxin threshold is exceeded.  When the Bioderm approaches the Instability threshold it begins to turn blue, and its skill ratings will drop slightly. Once Stability drops below the Instability threshold, skill ratings drop sharply.  When a skill rating reaches 0%, the Bioderm will be unable to perform that task. 

Stability can be completely restored with the Stabilize option in the Medvat.  Stability is restored incrementally by more advanced Life Support devices, but very slowly. Placidex Stimgland rejuvenates lost Stability but contributes to Toxin buildup.  A Bioderm with Command can rejuvenate lost Stability if it is within three hexes of the Bioderm at the beginning of the turn. This effect is cumulative.","The two numbers show the Bioderm's current toxin level and toxin threshold. 

Toxin buildup occurs only through the use of Stimgland. The two types of Stimgland are Jackup and Placidex.  Jackup increases a Bioderm's chance to hit with weapons, but lowers Genetic Stability.  Placidex rejuvenates lost Stability, but twice as much is needed to counter Jackup's Stability loss.  Once the Toxin threshold is exceeded, additional doses of Stimgland will produce no further beneficial effects.  The Bioderm will lose Health and Stability every turn until treated in the Medvat, or until advanced Life Support lowers the Toxin level below the threshold. 

Toxins can be completely removed with the Detox option in the Medvat.  Toxins are removed incrementally by more advanced Life Support devices, but very slowly.","",""
"PARASIM.BIN",415,"The two numbers show the Bioderm's current toxin level and toxin threshold. 

Toxin buildup occurs only through the use of Stimgland. The two types of Stimgland are Jackup and Placidex.  Jackup increases a Bioderm's chance to hit with weapons, but lowers Genetic Stability.  Placidex rejuvenates lost Stability, but twice as much is needed to counter Jackup's Stability loss.  Once the Toxin threshold is exceeded, additional doses of Stimgland will produce no further beneficial effects.  The Bioderm will lose Health and Stability every turn until treated in the Medvat, or until advanced Life Support lowers the Toxin level below the threshold. 

Toxins can be completely removed with the Detox option in the Medvat.  Toxins are removed incrementally by more advanced Life Support devices, but very slowly.","The Bioderm's assigned name.  The Bioderm's name can be changed in the Bioderm Facility, in any area but the Biovat.","",""
"PARASIM.BIN",416,"The Bioderm's assigned name.  The Bioderm's name can be changed in the Bioderm Facility, in any area but the Biovat.","Administers ""Jackup"" Stimgland.  Each dose of Jackup increases a Bioderm's percentage in all skill ratings except Command for a number of turns.  Each dose also adds to the Bioderm's Toxin level.","",""
"PARASIM.BIN",417,"These arrows can loop forward or backward through your Herc-Bioderm unit roster.","Click and Drag mouse to control rotation.  Hold down Ctrl key to view hit probability model.  Also, The 4-5-6 keys on the keypad can also control the rotation.","",""
"PARASIM.BIN",418,"These arrows can loop forward or backward through your Herc-Bioderm unit roster.","Click and Drag mouse to control rotation.  Hold down Ctrl key to view hit probability model.  Also, The 4-5-6 keys on the keypad can also control the rotation.","",""
"PARASIM.BIN",419,"Return to combat.","These arrows can loop forward or backward through your Herc-Bioderm unit roster.","",""
"PARASIM.BIN",420,"Administers ""Jackup"" Stimgland.  Each dose of Jackup increases a Bioderm's percentage in all skill ratings except Command for a number of turns.  Each dose also adds to the Bioderm's Toxin level.","Administers ""Placidex"" Stimgland.  Each dose of Placidex rejuvenates lost Stability, up to the Bioderm's maximum.  Placidex also increases the Bioderm's Toxin level.","",""
"PARASIM.BIN",421,"Administers ""Placidex"" Stimgland.  Each dose of Placidex rejuvenates lost Stability, up to the Bioderm's maximum.  Placidex also increases the Bioderm's Toxin level.","This area shows all statistics related to the Life Support system protecting this Bioderm.  As the Life Support system takes damage, it becomes less effective.  This area also warns of any effects due to exposure to extreme atmosphere conditions.","",""
"PARASIM.BIN",423,"This area shows all statistics related to the Life Support system protecting this Bioderm.  As the Life Support system takes damage, it becomes less effective.  This area also warns of any effects due to exposure to extreme atmosphere conditions.","The Bioderm's depiction will change as it becomes unstable.","",""
"PARASIM.BIN",424,"The Bioderm's depiction will change as it becomes unstable.","Health is conveyed graphically with a green bar in each Bioderm interface.","",""
"PARASIM.BIN",425,"Health is conveyed graphically with a green bar in each Bioderm interface.","Stability is conveyed graphically with a yellow bar in each Bioderm interface. It is possible for Stability to drop below the Instability threshold rating of 0. In this event a negative rating and arrow are displayed.","",""
"PARASIM.BIN",426,"Stability is conveyed graphically with a yellow bar in each Bioderm interface. It is possible for Stability to drop below the Instability threshold rating of 0. In this event a negative rating and arrow are displayed.","Toxin level is conveyed graphically with a blue bar in each Bioderm interface. It is possible to exceed the Toxin threshold of the Bioderm.  In this event an arrow and appropriate rating are displayed.","",""
"PARASIM.BIN",427,"Toxin level is conveyed graphically with a blue bar in each Bioderm interface. It is possible to exceed the Toxin threshold of the Bioderm.  In this event an arrow and appropriate rating are displayed.","These lights indicate the status of each rating: 

Blinking Green: Perfect 
Green: Good 
Yellow: Poor 
Red: Bad 
Blinking Red: Critical","",""
"PARASIM.BIN",428,"These lights indicate the status of each rating: 

Blinking Green: Perfect 
Green: Good 
Yellow: Poor 
Red: Bad 
Blinking Red: Critical","Select MOVE menu.  This makes all move options available.","",""
"PARASIM.BIN",429,"These lights indicate the status of each rating: 

Blinking Green: Perfect 
Green: Good 
Yellow: Poor 
Red: Bad 
Blinking Red: Critical","Select MOVE menu.  This makes all move options available.","",""
"PARASIM.BIN",430,"These lights indicate the status of each rating: 

Blinking Green: Perfect 
Green: Good 
Yellow: Poor 
Red: Bad 
Blinking Red: Critical","Select MOVE menu.  This makes all move options available.","",""
"PARASIM.BIN",501,"Rotate Herc counterclockwise.  Useful when preparing for return fire.","Rotate Herc clockwise.  Useful when preparing for return fire.","",""
"PARASIM.BIN",502,"Rotate Herc clockwise.  Useful when preparing for return fire.","Move Herc forward.  This is useful when jumping into deep pits.","",""
"PARASIM.BIN",503,"Move Herc forward.  This is useful when jumping into deep pits.","Stop movement.  This is useful when nearing the enemy as low sensors update.","",""
"PARASIM.BIN",504,"Stop movement.  This is useful when nearing the enemy as low sensors update.","Crouching is used defensively to minimize your Herc's surface area against incoming attacks. This effectively subtracts from your enemy's chance to hit your Herc.  While crouching is useful defensively, it also lowers your offensive capability.  This also applies to Return Fire. Crouching is very effective when receiving fire from below, but useless when attacked from above.","",""
"PARASIM.BIN",505,"Crouching is used defensively to minimize your Herc's surface area against incoming attacks. This effectively subtracts from your enemy's chance to hit your Herc.  While crouching is useful defensively, it also lowers your offensive capability.  This also applies to Return Fire. Crouching is very effective when receiving fire from below, but useless when attacked from above.","Stand from any crouch.  Standing returns the Herc to full offensive capability.","",""
"PARASIM.BIN",506,"Stand from any crouch.  Standing returns the Herc to full offensive capability.","Continue any unfinished movement.  Useful in moving slow Hercs long distances over many turns.","",""
"PARASIM.BIN",507,"Continue any unfinished movement.  Useful in moving slow Hercs long distances over many turns.","Continue any unfinished movement (all units).  Useful in moving slow Hercs long distances over many turns.","",""
"PARASIM.BIN",508,"Continue any unfinished movement (all units).  Useful in moving slow Hercs long distances over many turns.","Issues the last move order to this unit.  This can prove helpful in moving large numbers of units around a battlefield. You may give an initial order to a commander, then tell others in that group to follow.","",""
"PARASIM.BIN",509,"Issues the last move order to this unit.  This can prove helpful in moving large numbers of units around a battlefield. You may give an initial order to a commander, then tell others in that group to follow.","Mark weapon availability for return fire.  You may prefer to fire weapons with limited ammunition manually, rather than have your Targetting Computers return fire automatically.","",""
"PARASIM.BIN",709,"Mark weapon availability for return fire.  You may prefer to fire weapons with limited ammunition manually, rather than have your Targetting Computers return fire automatically.","This area shows any known intelligence information about a target.  This includes type, range and an estimation of their damage.","",""
"PARASIM.BIN",710,"Mark weapon availability for return fire.  You may prefer to fire weapons with limited ammunition manually, rather than have your Targetting Computers return fire automatically.","This area shows any known intelligence information about a target.  This includes type, range and an estimation of their damage.","",""
"PARASIM.BIN",711,"Mark weapon availability for return fire.  You may prefer to fire weapons with limited ammunition manually, rather than have your Targetting Computers return fire automatically.","This area shows any known intelligence information about a target.  This includes type, range and an estimation of their damage.","",""
"PARASIM.BIN",712,"Mark weapon availability for return fire.  You may prefer to fire weapons with limited ammunition manually, rather than have your Targetting Computers return fire automatically.","This area shows any known intelligence information about a target.  This includes type, range and an estimation of their damage.","",""
"PARASIM.BIN",713,"Mark weapon availability for return fire.  You may prefer to fire weapons with limited ammunition manually, rather than have your Targetting Computers return fire automatically.","This area shows any known intelligence information about a target.  This includes type, range and an estimation of their damage.","",""
"PARASIM.BIN",714,"Mark weapon availability for return fire.  You may prefer to fire weapons with limited ammunition manually, rather than have your Targetting Computers return fire automatically.","This area shows any known intelligence information about a target.  This includes type, range and an estimation of their damage.","",""
"PARASIM.BIN",715,"Mark weapon availability for return fire.  You may prefer to fire weapons with limited ammunition manually, rather than have your Targetting Computers return fire automatically.","This area shows any known intelligence information about a target.  This includes type, range and an estimation of their damage.","",""
"PARASIM.BIN",716,"Mark weapon availability for return fire.  You may prefer to fire weapons with limited ammunition manually, rather than have your Targetting Computers return fire automatically.","This area shows any known intelligence information about a target.  This includes type, range and an estimation of their damage.","",""
"PARASIM.BIN",717,"This area shows any known intelligence information about a target.  This includes type, range and an estimation of their damage.","Shows current shield strength.","",""
"PARASIM.BIN",801,"Shows current shield strength.","Adjust the shield facing.  Click and drag the control to reinforce a particular direction.","",""
"PARASIM.BIN",802,"Equalize shield power to all sides.   After an attack, you may use this to recalibrate your shields to and ","Shows statistics about this terrain.  Height is the number of elevations above level 0.  Move Cost is the amount of energy required to cross this hex by the currently chosen Herc.  Bonus (Offensive) is the modifier to the chance to hit when firing from this hex.  Bonus (Defensive) is the modifier to the Herc's defensive capability when occupying this hex.","",""
"PARASIM.BIN",803,"Adjust the shield facing.  Click and drag the control to reinforce a particular direction.","Equalize shield power to all sides.   After an attack, you may use this to recalibrate your shields to and ","",""
"PARASIM.BIN",901,"This section shows the status of your force during enemy attacks.","This section shows the status of the last attacked Herc and Bioderm.  You can view status any your units by clicking on them.","",""
"PARASIM.BIN",905,"This section shows the status of the last attacked Herc and Bioderm.  You can view status any your units by clicking on them.","This section shows any known intelligence information regarding the last attack on your units.","",""
"PARASIM.BIN",906,"This section shows any known intelligence information regarding the last attack on your units.","Press this button to return to General Menu.","",""
"PARASIM.BIN",1002,"Shows statistics about this terrain.  Height is the number of elevations above level 0.  Move Cost is the amount of energy required to cross this hex by the currently chosen Herc.  Bonus (Offensive) is the modifier to the chance to hit when firing from this hex.  Bonus (Defensive) is the modifier to the Herc's defensive capability when occupying this hex.","Shows terrain contents along with a description of what is contained in that hex.","",""
"PARASIM.BIN",1003,"Shows terrain contents along with a description of what is contained in that hex.","This area shows some of the more important details about the world and its relevant combat effects.   A more detailed explaination may be found in the mission briefing.","",""
"PARASIM.BIN",1401,"This area shows some of the more important details about the world and its relevant combat effects.   A more detailed explaination may be found in the mission briefing.","This section shows the status of your force during enemy attacks.","",""
"PARASIM.BIN",1402,"This area shows some of the more important details about the world and its relevant combat effects.   A more detailed explaination may be found in the mission briefing.","This section shows the status of your force during enemy attacks.","",""
"PARASIM.BIN",1501,"Press this button to return to General Menu.","This area shows the Victors emblem.","",""
"PARASIM.BIN",1502,"This area shows the Victors emblem.","This area shows how many units were lost by each player.","",""
"PARASIM.BIN",1503,"This area shows how many units were lost by each player.","","",""
"PARASIM.BIN",1504,"","","",""
"PARATECH.BIN",51,"Blah, blah, blah...","Chassis purchased directly from corporate, without components. This model is not battle-ready without significant modifications.","",""
"PARATECH.BIN",102,"Chassis purchased directly from corporate, without components. This model is not battle-ready without significant modifications.","Preferred configuration by surveyors in Quadrant 11A","",""
"PARATECH.BIN",103,"Preferred configuration by surveyors in Quadrant 11A","Chassis purchased directly from corporate, without components. This model is not battle-ready without significant modifications.","",""
"PARATECH.BIN",104,"Chassis purchased directly from corporate, without components. This model is not battle-ready without significant modifications.","Used as a light escort by smaller mining operations.","",""
"PARATECH.BIN",105,"Used as a light escort by smaller mining operations.","Chassis purchased directly from corporate, without components. This model is not battle-ready without significant modifications.","",""
"PARATECH.BIN",106,"Chassis purchased directly from corporate, without components. This model is not battle-ready without significant modifications.","The corporate-recommended configuration.","",""
"PARATECH.BIN",107,"The corporate-recommended configuration.","Chassis purchased directly from corporate, without components. This model is not battle-ready without significant modifications.","",""
"PARATECH.BIN",108,"Chassis purchased directly from corporate, without components. This model is not battle-ready without significant modifications.","Style invented by raiders in Quadrant 4, now widely popular.","",""
"PARATECH.BIN",109,"Style invented by raiders in Quadrant 4, now widely popular.","Chassis purchased directly from corporate, without components. This model is not battle-ready without significant modifications.","",""
"PARATECH.BIN",110,"Chassis purchased directly from corporate, without components. This model is not battle-ready without significant modifications.","The corporate-recommended configuration.","",""
"PARATECH.BIN",111,"The corporate-recommended configuration.","Chassis purchased directly from corporate, without components. This model is not battle-ready without significant modifications.","",""
"PARATECH.BIN",112,"Chassis purchased directly from corporate, without components. This model is not battle-ready without significant modifications.","Long-standing, popular configuration is highly endorsed throughout the corporation.","",""
"PARATECH.BIN",113,"Long-standing, popular configuration is highly endorsed throughout the corporation.","Chassis purchased directly from corporate, without components. This model is not battle-ready without significant modifications.","",""
"PARATECH.BIN",114,"Chassis purchased directly from corporate, without components. This model is not battle-ready without significant modifications.","The favored chassis type and configuration of the elite mercenary squad, The Blackwatch.","",""
"PARATECH.BIN",115,"The favored chassis type and configuration of the elite mercenary squad, The Blackwatch.","Chassis purchased directly from corporate, without components. This model is not battle-ready without significant modifications.","",""
"PARATECH.BIN",116,"Chassis purchased directly from corporate, without components. This model is not battle-ready without significant modifications.","An esoteric configuration that offers a variety of firepower.","",""
"PARATECH.BIN",117,"An esoteric configuration that offers a variety of firepower.","This scout configuration has missiles and two Light ELFs to pick off stragglers.","",""
"PARATECH.BIN",118,"This scout configuration has missiles and two Light ELFs to pick off stragglers.","This ultralite Shadow with a Scout 41.1 sensor is stripped for speed.","",""
"PARATECH.BIN",119,"This ultralite Shadow with a Scout 41.1 sensor is stripped for speed.","Considered the stock model of the Ogre chassis.","",""
"PARATECH.BIN",120,"Considered the stock model of the Ogre chassis.","Considered the stock model of the Giant chassis.","",""
"PARATECH.BIN",121,"Considered the stock model of the Giant chassis.","Considered the stock model of the Demon chassis.","",""
"PARATECH.BIN",122,"Considered the stock model of the Demon chassis.","Considered the stock model of the Reaper chassis.","",""
"PARATECH.BIN",123,"Considered the stock model of the Reaper chassis.","Considered the stock model of the Juggernaut chassis.","",""
"PARATECH.BIN",124,"Considered the stock model of the Juggernaut chassis.","Blah, blah, blah...","",""
"PARATECH.BIN",151,"Blah, blah, blah...","No extra armor installed.","",""
"PARATECH.BIN",201,"No extra armor installed.","Best protection available for the cost.","",""
"PARATECH.BIN",202,"Best protection available for the cost.","Best protection available for the cost.","",""
"PARATECH.BIN",203,"Best protection available for the cost.","Best protection available for the cost.","",""
"PARATECH.BIN",204,"Best protection available for the cost.","Improved protection against cannon and missile attacks.","",""
"PARATECH.BIN",205,"Improved protection against cannon and missile attacks.","Improved protection against cannon and missile attacks.","",""
"PARATECH.BIN",206,"Improved protection against cannon and missile attacks.","Improved protection against cannon and missile attacks.","",""
"PARATECH.BIN",207,"Improved protection against cannon and missile attacks.","Best protection available for the cost.","",""
"PARATECH.BIN",208,"Best protection available for the cost.","Improved protection against cannon and missile attacks.","",""
"PARATECH.BIN",209,"Improved protection against cannon and missile attacks.","Trinnium armor designed to better protect against frontal attacks with weaker rear protection.","",""
"PARATECH.BIN",210,"Trinnium armor designed to better protect against frontal attacks with weaker rear protection.","Trinnium armor designed to better protect against frontal attacks with weaker rear protection.","",""
"PARATECH.BIN",211,"Trinnium armor designed to better protect against frontal attacks with weaker rear protection.","Enhanced protection against plasma-based attacks.","",""
"PARATECH.BIN",212,"Enhanced protection against plasma-based attacks.","Enhanced protection against plasma-based attacks.","",""
"PARATECH.BIN",213,"Enhanced protection against plasma-based attacks.","Enhanced protection against plasma-based attacks.","",""
"PARATECH.BIN",214,"Enhanced protection against plasma-based attacks.","Enhanced protection against plasma-based attacks.","",""
"PARATECH.BIN",215,"Enhanced protection against plasma-based attacks.","Improved protection against cannon and missile attacks.","",""
"PARATECH.BIN",216,"Improved protection against cannon and missile attacks.","Enhanced protection against plasma-based attacks.","",""
"PARATECH.BIN",217,"Enhanced protection against plasma-based attacks.","Less effective than 10.5cm Didrate, but allows good agility and extreme protection against cannon attacks.","",""
"PARATECH.BIN",218,"Less effective than 10.5cm Didrate, but allows good agility and extreme protection against cannon attacks.","Excellent protection against all but ballistic and missile weapons.","",""
"PARATECH.BIN",219,"Excellent protection against all but ballistic and missile weapons.","Excellent protection against all but ballistic and missile weapons.","",""
"PARATECH.BIN",220,"Excellent protection against all but ballistic and missile weapons.","Tri-di armor designed to better protect against frontal attacks with weaker rear protection.","",""
"PARATECH.BIN",221,"Tri-di armor designed to better protect against frontal attacks with weaker rear protection.","Excellent protection against all but ballistic and missile weapons.","",""
"PARATECH.BIN",222,"Excellent protection against all but ballistic and missile weapons.","Enhanced protection against plasma-based attacks.","",""
"PARATECH.BIN",223,"Enhanced protection against plasma-based attacks.","Excellent protection against all but ballistic and missile weapons.","",""
"PARATECH.BIN",224,"Excellent protection against all but ballistic and missile weapons.","Lightweight coating providing outstanding protection against plasma attacks.","",""
"PARATECH.BIN",225,"Lightweight coating providing outstanding protection against plasma attacks.","Tremendously effective against all attacks.","",""
"PARATECH.BIN",226,"Tremendously effective against all attacks.","Tremendously effective against all attacks.","",""
"PARATECH.BIN",227,"Tremendously effective against all attacks.","Tremendously effective against all attacks.","",""
"PARATECH.BIN",228,"Tremendously effective against all attacks.","Tremendously effective against all attacks.","",""
"PARATECH.BIN",229,"Tremendously effective against all attacks.","Liquid-tri armor designed to better protect against frontal attacks with weaker rear protection.","",""
"PARATECH.BIN",230,"Liquid-tri armor designed to better protect against frontal attacks with weaker rear protection.","Extremely effective against energy attacks.","",""
"PARATECH.BIN",231,"Extremely effective against energy attacks.","Vulnerable to lasers, but lightweight and VERY tough.","",""
"PARATECH.BIN",232,"Vulnerable to lasers, but lightweight and VERY tough.","No drive system installed.","",""
"PARATECH.BIN",251,"No drive system installed.","Pre-Flexive drive is old technology. Though inferior to Flexive, it's significantly cheaper.","",""
"PARATECH.BIN",252,"Pre-Flexive drive is old technology. Though inferior to Flexive, it's significantly cheaper.","Flexive drive is corporate standard. Good performance is achieved at reasonable cost.","",""
"PARATECH.BIN",253,"Flexive drive is corporate standard. Good performance is achieved at reasonable cost.","Performance is slightly better than Flexive drive systems.","",""
"PARATECH.BIN",254,"Performance is slightly better than Flexive drive systems.","Trivate greatly minimizes friction and significantly reduces energy requirements for movement.","",""
"PARATECH.BIN",255,"Trivate greatly minimizes friction and significantly reduces energy requirements for movement.","Pre-Flexive drive is old technology. Though inferior to Flexive, it's significantly cheaper.","",""
"PARATECH.BIN",256,"Pre-Flexive drive is old technology. Though inferior to Flexive, it's significantly cheaper.","Flexive drive is corporate standard. Good performance is achieved at reasonable cost.","",""
"PARATECH.BIN",257,"Flexive drive is corporate standard. Good performance is achieved at reasonable cost.","Performance is slightly better than Flexive drive systems.","",""
"PARATECH.BIN",258,"Performance is slightly better than Flexive drive systems.","Trivate greatly minimizes friction and significantly reduces energy requirements for movement.","",""
"PARATECH.BIN",259,"Trivate greatly minimizes friction and significantly reduces energy requirements for movement.","Pre-Flexive drive is old technology. Though inferior to Flexive, it's significantly cheaper.","",""
"PARATECH.BIN",260,"Pre-Flexive drive is old technology. Though inferior to Flexive, it's significantly cheaper.","Flexive drive is corporate standard. Good performance is achieved at reasonable cost.","",""
"PARATECH.BIN",261,"Flexive drive is corporate standard. Good performance is achieved at reasonable cost.","Performance is slightly better than Flexive drive systems.","",""
"PARATECH.BIN",262,"Performance is slightly better than Flexive drive systems.","Trivate greatly minimizes friction and significantly reduces energy requirements for movement.","",""
"PARATECH.BIN",263,"Trivate greatly minimizes friction and significantly reduces energy requirements for movement.","Pre-Flexive drive is old technology. Though inferior to Flexive, it's significantly cheaper.","",""
"PARATECH.BIN",264,"Pre-Flexive drive is old technology. Though inferior to Flexive, it's significantly cheaper.","Flexive drive is corporate standard. Good performance is achieved at reasonable cost.","",""
"PARATECH.BIN",265,"Flexive drive is corporate standard. Good performance is achieved at reasonable cost.","Performance is slightly better than Flexive drive systems.","",""
"PARATECH.BIN",266,"Performance is slightly better than Flexive drive systems.","Trivate greatly minimizes friction and significantly reduces energy requirements for movement.","",""
"PARATECH.BIN",267,"Trivate greatly minimizes friction and significantly reduces energy requirements for movement.","Pre-Flexive drive is old technology. Though inferior to Flexive, it's significantly cheaper.","",""
"PARATECH.BIN",268,"Pre-Flexive drive is old technology. Though inferior to Flexive, it's significantly cheaper.","Flexive drive is corporate standard. Good performance is achieved at reasonable cost.","",""
"PARATECH.BIN",269,"Flexive drive is corporate standard. Good performance is achieved at reasonable cost.","Performance is slightly better than Flexive drive systems.","",""
"PARATECH.BIN",270,"Performance is slightly better than Flexive drive systems.","Trivate greatly minimizes friction and significantly reduces energy requirements for movement.","",""
"PARATECH.BIN",271,"Trivate greatly minimizes friction and significantly reduces energy requirements for movement.","Pre-Flexive drive is old technology. Though inferior to Flexive, it's significantly cheaper.","",""
"PARATECH.BIN",272,"Pre-Flexive drive is old technology. Though inferior to Flexive, it's significantly cheaper.","Flexive drive is corporate standard. Good performance is achieved at reasonable cost.","",""
"PARATECH.BIN",273,"Flexive drive is corporate standard. Good performance is achieved at reasonable cost.","Performance is slightly better than Flexive drive systems.","",""
"PARATECH.BIN",274,"Performance is slightly better than Flexive drive systems.","Trivate greatly minimizes friction and significantly reduces energy requirements for movement.","",""
"PARATECH.BIN",275,"Trivate greatly minimizes friction and significantly reduces energy requirements for movement.","This unit has no limbs.","",""
"PARATECH.BIN",301,"This unit has no limbs.","Reasonable durability with no reduction in speed.","",""
"PARATECH.BIN",302,"Reasonable durability with no reduction in speed.","Better durability with a minor reduction in speed.","",""
"PARATECH.BIN",303,"Better durability with a minor reduction in speed.","Reasonable durability with no reduction in speed.","",""
"PARATECH.BIN",304,"Reasonable durability with no reduction in speed.","Better durability with a minor reduction in speed.","",""
"PARATECH.BIN",305,"Better durability with a minor reduction in speed.","Reasonable durability with no reduction in speed.","",""
"PARATECH.BIN",306,"Reasonable durability with no reduction in speed.","Better durability with a minor reduction in speed.","",""
"PARATECH.BIN",307,"Better durability with a minor reduction in speed.","Reasonable durability with no reduction in speed.","",""
"PARATECH.BIN",308,"Reasonable durability with no reduction in speed.","Better durability with a minor reduction in speed.","",""
"PARATECH.BIN",309,"Better durability with a minor reduction in speed.","Reasonable durability with no reduction in speed.","",""
"PARATECH.BIN",310,"Reasonable durability with no reduction in speed.","Better durability with a minor reduction in speed.","",""
"PARATECH.BIN",311,"Better durability with a minor reduction in speed.","Reasonable durability with no reduction in speed.","",""
"PARATECH.BIN",312,"Reasonable durability with no reduction in speed.","Better durability with a minor reduction in speed.","",""
"PARATECH.BIN",313,"Better durability with a minor reduction in speed.","This unit has no reactor.","",""
"PARATECH.BIN",351,"This unit has no reactor.","Reliably provides high levels of clean energy.","",""
"PARATECH.BIN",352,"Reliably provides high levels of clean energy.","Reliably provides high levels of clean energy.","",""
"PARATECH.BIN",353,"Reliably provides high levels of clean energy.","Reliably provides high levels of clean energy.","",""
"PARATECH.BIN",354,"Reliably provides high levels of clean energy.","Reliably provides high levels of clean energy.","",""
"PARATECH.BIN",355,"Reliably provides high levels of clean energy.","Reliably provides high levels of clean energy.","",""
"PARATECH.BIN",356,"Reliably provides high levels of clean energy.","Reliably provides high levels of clean energy.","",""
"PARATECH.BIN",357,"Reliably provides high levels of clean energy.","Reactor output increased through the use of a safer ion fuel.","",""
"PARATECH.BIN",358,"Reactor output increased through the use of a safer ion fuel.","Reactor output increased through the use of a safer ion fuel.","",""
"PARATECH.BIN",359,"Reactor output increased through the use of a safer ion fuel.","Reactor output increased through the use of a safer ion fuel.","",""
"PARATECH.BIN",360,"Reactor output increased through the use of a safer ion fuel.","Reactor output increased through the use of a safer ion fuel.","",""
"PARATECH.BIN",361,"Reactor output increased through the use of a safer ion fuel.","Reactor output increased through the use of a safer ion fuel.","",""
"PARATECH.BIN",362,"Reactor output increased through the use of a safer ion fuel.","Reactor output increased through the use of a safer ion fuel.","",""
"PARATECH.BIN",363,"Reactor output increased through the use of a safer ion fuel.","Numerous safeguards make this better than Ion power.","",""
"PARATECH.BIN",364,"Numerous safeguards make this better than Ion power.","Numerous safeguards make this better than Ion power.","",""
"PARATECH.BIN",365,"Numerous safeguards make this better than Ion power.","Numerous safeguards make this better than Ion power.","",""
"PARATECH.BIN",366,"Numerous safeguards make this better than Ion power.","Numerous safeguards make this better than Ion power.","",""
"PARATECH.BIN",367,"Numerous safeguards make this better than Ion power.","Numerous safeguards make this better than Ion power.","",""
"PARATECH.BIN",368,"Numerous safeguards make this better than Ion power.","Numerous safeguards make this better than Ion power.","",""
"PARATECH.BIN",369,"Numerous safeguards make this better than Ion power.","This unit has no battery.","",""
"PARATECH.BIN",401,"This unit has no battery.","For centuries the best and most reliable energy storage system.","",""
"PARATECH.BIN",402,"For centuries the best and most reliable energy storage system.","Despite a cumbersome implementation, energy storage by spontaneous matter reformation performs better.","",""
"PARATECH.BIN",403,"Despite a cumbersome implementation, energy storage by spontaneous matter reformation performs better.","An elegant solution using dynamic matter formation and degradation offers huge energy storage benefits.","",""
"PARATECH.BIN",404,"An elegant solution using dynamic matter formation and degradation offers huge energy storage benefits.","For centuries the best and most reliable energy storage system.","",""
"PARATECH.BIN",405,"For centuries the best and most reliable energy storage system.","Despite a cumbersome implementation, energy storage by spontaneous matter reformation performs better.","",""
"PARATECH.BIN",406,"Despite a cumbersome implementation, energy storage by spontaneous matter reformation performs better.","An elegant solution using dynamic matter formation and degradation offers huge energy storage benefits.","",""
"PARATECH.BIN",407,"An elegant solution using dynamic matter formation and degradation offers huge energy storage benefits.","For centuries the best and most reliable energy storage system.","",""
"PARATECH.BIN",408,"For centuries the best and most reliable energy storage system.","Despite a cumbersome implementation, energy storage by spontaneous matter reformation performs better.","",""
"PARATECH.BIN",409,"Despite a cumbersome implementation, energy storage by spontaneous matter reformation performs better.","An elegant solution using dynamic matter formation and degradation offers huge energy storage benefits.","",""
"PARATECH.BIN",410,"An elegant solution using dynamic matter formation and degradation offers huge energy storage benefits.","For centuries the best and most reliable energy storage system.","",""
"PARATECH.BIN",411,"For centuries the best and most reliable energy storage system.","Despite a cumbersome implementation, energy storage by spontaneous matter reformation performs better.","",""
"PARATECH.BIN",412,"Despite a cumbersome implementation, energy storage by spontaneous matter reformation performs better.","An elegant solution using dynamic matter formation and degradation offers huge energy storage benefits.","",""
"PARATECH.BIN",413,"An elegant solution using dynamic matter formation and degradation offers huge energy storage benefits.","For centuries the best and most reliable energy storage system.","",""
"PARATECH.BIN",414,"For centuries the best and most reliable energy storage system.","Despite a cumbersome implementation, energy storage by spontaneous matter reformation performs better.","",""
"PARATECH.BIN",415,"Despite a cumbersome implementation, energy storage by spontaneous matter reformation performs better.","An elegant solution using dynamic matter formation and degradation offers huge energy storage benefits.","",""
"PARATECH.BIN",416,"An elegant solution using dynamic matter formation and degradation offers huge energy storage benefits.","For centuries the best and most reliable energy storage system.","",""
"PARATECH.BIN",417,"For centuries the best and most reliable energy storage system.","Despite a cumbersome implementation, energy storage by spontaneous matter reformation performs better.","",""
"PARATECH.BIN",418,"Despite a cumbersome implementation, energy storage by spontaneous matter reformation performs better.","An elegant solution using dynamic matter formation and degradation offers huge energy storage benefits.","",""
"PARATECH.BIN",419,"An elegant solution using dynamic matter formation and degradation offers huge energy storage benefits.","This unit has no shield generator.","",""
"PARATECH.BIN",451,"This unit has no shield generator.","Shields offer effective protection, especially versus cannon weapons and missiles, at the cost of energy.","",""
"PARATECH.BIN",452,"Shields offer effective protection, especially versus cannon weapons and missiles, at the cost of energy.","Shields offer effective protection, especially versus cannon weapons and missiles, at the cost of energy.","",""
"PARATECH.BIN",453,"Shields offer effective protection, especially versus cannon weapons and missiles, at the cost of energy.","Shields offer effective protection, especially versus cannon weapons and missiles, at the cost of energy.","",""
"PARATECH.BIN",454,"Shields offer effective protection, especially versus cannon weapons and missiles, at the cost of energy.","Shields offer effective protection, especially versus cannon weapons and missiles, at the cost of energy.","",""
"PARATECH.BIN",455,"Shields offer effective protection, especially versus cannon weapons and missiles, at the cost of energy.","Shields offer effective protection, especially versus cannon weapons and missiles, at the cost of energy.","",""
"PARATECH.BIN",456,"Shields offer effective protection, especially versus cannon weapons and missiles, at the cost of energy.","Shields offer effective protection, especially versus cannon weapons and missiles, at the cost of energy.","",""
"PARATECH.BIN",457,"Shields offer effective protection, especially versus cannon weapons and missiles, at the cost of energy.","Shields offer effective protection, especially versus cannon weapons and missiles, at the cost of energy.","",""
"PARATECH.BIN",458,"Shields offer effective protection, especially versus cannon weapons and missiles, at the cost of energy.","Shields offer effective protection, especially versus cannon weapons and missiles, at the cost of energy.","",""
"PARATECH.BIN",459,"Shields offer effective protection, especially versus cannon weapons and missiles, at the cost of energy.","Shields offer effective protection, especially versus cannon weapons and missiles, at the cost of energy.","",""
"PARATECH.BIN",460,"Shields offer effective protection, especially versus cannon weapons and missiles, at the cost of energy.","Shields offer effective protection, especially versus cannon weapons and missiles, at the cost of energy.","",""
"PARATECH.BIN",461,"Shields offer effective protection, especially versus cannon weapons and missiles, at the cost of energy.","Shields offer effective protection, especially versus cannon weapons and missiles, at the cost of energy.","",""
"PARATECH.BIN",462,"Shields offer effective protection, especially versus cannon weapons and missiles, at the cost of energy.","Shields offer effective protection, especially versus cannon weapons and missiles, at the cost of energy.","",""
"PARATECH.BIN",463,"Shields offer effective protection, especially versus cannon weapons and missiles, at the cost of energy.","Shields offer effective protection, especially versus cannon weapons and missiles, at the cost of energy.","",""
"PARATECH.BIN",464,"Shields offer effective protection, especially versus cannon weapons and missiles, at the cost of energy.","Shields offer effective protection, especially versus cannon weapons and missiles, at the cost of energy.","",""
"PARATECH.BIN",465,"Shields offer effective protection, especially versus cannon weapons and missiles, at the cost of energy.","Shields offer effective protection, especially versus cannon weapons and missiles, at the cost of energy.","",""
"PARATECH.BIN",466,"Shields offer effective protection, especially versus cannon weapons and missiles, at the cost of energy.","This unit has no sensor equipment.","",""
"PARATECH.BIN",501,"This unit has no sensor equipment.","Enhances image detection with increased magnification and multi-particle detection.","",""
"PARATECH.BIN",502,"Enhances image detection with increased magnification and multi-particle detection.","Enhances image detection with increased magnification and multi-particle detection.","",""
"PARATECH.BIN",503,"Enhances image detection with increased magnification and multi-particle detection.","Enhances image detection with increased magnification and multi-particle detection.","",""
"PARATECH.BIN",504,"Enhances image detection with increased magnification and multi-particle detection.","Enhances image detection with increased magnification and multi-particle detection.","",""
"PARATECH.BIN",505,"Enhances image detection with increased magnification and multi-particle detection.","Enhances image detection with increased magnification and multi-particle detection.","",""
"PARATECH.BIN",506,"Enhances image detection with increased magnification and multi-particle detection.","Advanced equipment with the Sensei or Shadow's signal-dampened chassis allows far greater detection.","",""
"PARATECH.BIN",507,"Advanced equipment with the Sensei or Shadow's signal-dampened chassis allows far greater detection.","Advanced equipment with the Sensei or Shadow's signal-dampened chassis allows far greater detection.","",""
"PARATECH.BIN",508,"Advanced equipment with the Sensei or Shadow's signal-dampened chassis allows far greater detection.","Advanced equipment with the Sensei or Shadow's signal-dampened chassis allows far greater detection.","",""
"PARATECH.BIN",509,"Advanced equipment with the Sensei or Shadow's signal-dampened chassis allows far greater detection.","Advanced equipment with the Sensei or Shadow's signal-dampened chassis allows far greater detection.","",""
"PARATECH.BIN",510,"Advanced equipment with the Sensei or Shadow's signal-dampened chassis allows far greater detection.","Advanced equipment with the Sensei or Shadow's signal-dampened chassis allows far greater detection.","",""
"PARATECH.BIN",511,"Advanced equipment with the Sensei or Shadow's signal-dampened chassis allows far greater detection.","Not to be viewed by player.","",""
"PARATECH.BIN",512,"Not to be viewed by player.","Not to be viewed by player.","",""
"PARATECH.BIN",513,"Not to be viewed by player.","Not to be viewed by player.","",""
"PARATECH.BIN",514,"Not to be viewed by player.","Not to be viewed by player.","",""
"PARATECH.BIN",515,"Not to be viewed by player.","Not to be viewed by player.","",""
"PARATECH.BIN",516,"Not to be viewed by player.","Not to be viewed by player.","",""
"PARATECH.BIN",517,"Not to be viewed by player.","For debug only -- you can see everything, everywhere.","",""
"PARATECH.BIN",518,"For debug only -- you can see everything, everywhere.","This unit has no targeting computer.","",""
"PARATECH.BIN",551,"This unit has no targeting computer.","Semi-automated tracking with additional sensors increase weapon accuracy.","",""
"PARATECH.BIN",552,"Semi-automated tracking with additional sensors increase weapon accuracy.","Better automated tracking with more sophisticated sensors further increase weapon accuracy.","",""
"PARATECH.BIN",553,"Better automated tracking with more sophisticated sensors further increase weapon accuracy.","The ultimate in tracking and sensor targeting systems.","",""
"PARATECH.BIN",554,"The ultimate in tracking and sensor targeting systems.","Increases in the weapon's pseudo-neural paths allow for finer adjustments and quicker responses.","",""
"PARATECH.BIN",555,"Increases in the weapon's pseudo-neural paths allow for finer adjustments and quicker responses.","Greater advances in pseudo-neural paths offer more pronounced advantages.","",""
"PARATECH.BIN",556,"Greater advances in pseudo-neural paths offer more pronounced advantages.","Combines pseudo-neural pathway optimization with the latest Lock-On technology to efficiently enhance weapon effectiveness.","",""
"PARATECH.BIN",557,"Combines pseudo-neural pathway optimization with the latest Lock-On technology to efficiently enhance weapon effectiveness.","Target pre-processing and re-creation enhance anticipated position determination.","",""
"PARATECH.BIN",558,"Target pre-processing and re-creation enhance anticipated position determination.","Further pre-processing and vector analysis provide excellent targeting intelligence.","",""
"PARATECH.BIN",559,"Further pre-processing and vector analysis provide excellent targeting intelligence.","Comprehensive weapon management frees the pilot to concentrate solely on targeting.","",""
"PARATECH.BIN",560,"Comprehensive weapon management frees the pilot to concentrate solely on targeting.","Incorporating all existing fire control systems, this is the ultimate in weapon targeting enhancement!","",""
"PARATECH.BIN",561,"Incorporating all existing fire control systems, this is the ultimate in weapon targeting enhancement!","Old-style targeting system, phased out of our company's regulars, but still used by mercenaries without the creds for better.","",""
"PARATECH.BIN",562,"Old-style targeting system, phased out of our company's regulars, but still used by mercenaries without the creds for better.","This unit has no life support system.","",""
"PARATECH.BIN",601,"This unit has no life support system.","Stored vital nutrition and atmosphere allow a sealed environment.","",""
"PARATECH.BIN",602,"Stored vital nutrition and atmosphere allow a sealed environment.","Advances in storage techniques improve performance.","",""
"PARATECH.BIN",603,"Advances in storage techniques improve performance.","Limited pseudo-biosphere proves more beneficial to the pilot.","",""
"PARATECH.BIN",604,"Limited pseudo-biosphere proves more beneficial to the pilot.","A comprehensive biosphere not only sustains but improves significantly the Bioderm's internal equilibrium.","",""
"PARATECH.BIN",605,"A comprehensive biosphere not only sustains but improves significantly the Bioderm's internal equilibrium.","A series of protective shells decreases the chance of compromising the improved environment.","",""
"PARATECH.BIN",606,"A series of protective shells decreases the chance of compromising the improved environment.","This environment actively protects the status quo, and repairs damaged Bioderm cells.","",""
"PARATECH.BIN",607,"This environment actively protects the status quo, and repairs damaged Bioderm cells.","Medvat technologies, long too fragile for combat, are partially integrated into environment design.","",""
"PARATECH.BIN",608,"Medvat technologies, long too fragile for combat, are partially integrated into environment design.","Additional Medvat technologies are integrated into the environment.","",""
"PARATECH.BIN",609,"Additional Medvat technologies are integrated into the environment.","Environment provides virtually all of the functionally of the Medvat, paired with a highly reactive environment.","",""
"PARATECH.BIN",610,"Environment provides virtually all of the functionally of the Medvat, paired with a highly reactive environment.","Bioderm is immersed in a complete nutrition and healing gel.","",""
"PARATECH.BIN",611,"Bioderm is immersed in a complete nutrition and healing gel.","This stub can replace a weapon internal.  This makes the weapon inoperable, but makes for a lighter, faster Herc.","",""
"PARATECH.BIN",651,"This stub can replace a weapon internal.  This makes the weapon inoperable, but makes for a lighter, faster Herc.","The Sierra Energy 400 is the smallest weapon carried on a Herc chassis.  It has poor damage potential, but is cheap to install and maintain.","",""
"PARATECH.BIN",652,"The Sierra Energy 400 is the smallest weapon carried on a Herc chassis.  It has poor damage potential, but is cheap to install and maintain.","This is the more powerful brother to the Sierra Energy 400, and is a far more useful weapon. Both range and firepower are improved on the SE660.","",""
"PARATECH.BIN",653,"This is the more powerful brother to the Sierra Energy 400, and is a far more useful weapon. Both range and firepower are improved on the SE660.","The largest and most deadly of the standard lasers, the Sierra Energy 1000 can take down the shields of many Cybrids with just a few shots.","",""
"PARATECH.BIN",654,"The largest and most deadly of the standard lasers, the Sierra Energy 1000 can take down the shields of many Cybrids with just a few shots.","A cheap, long range missile launcher, the Self Propelled still inflicts massive damage on unshielded foes. The SP can fire indirectly.","",""
"PARATECH.BIN",655,"A cheap, long range missile launcher, the Self Propelled still inflicts massive damage on unshielded foes. The SP can fire indirectly.","The Self Guided improves on the SP capabilities with tremendous accuracy at long range.  With a self-guidance package, the SG is a deadly weapon.","",""
"PARATECH.BIN",656,"The Self Guided improves on the SP capabilities with tremendous accuracy at long range.  With a self-guidance package, the SG is a deadly weapon.","Using a saturation missile system loaded with numerous mini-rockets, the Medium Yield can bombard an area three hexes in diameter.","",""
"PARATECH.BIN",657,"Using a saturation missile system loaded with numerous mini-rockets, the Medium Yield can bombard an area three hexes in diameter.","The ELF is a powerful weapon that delivers an electrostatic charge.  It ignores shields, penetrating them to deliver full damage.","",""
"PARATECH.BIN",658,"The ELF is a powerful weapon that delivers an electrostatic charge.  It ignores shields, penetrating them to deliver full damage.","This is a more powerful version of the light ELF whip, delivering a greater electrostatic charge.","",""
"PARATECH.BIN",659,"This is a more powerful version of the light ELF whip, delivering a greater electrostatic charge.","The Heavy ELF whip delivers a huge electrostatic charge, nearly twice as powerful as the light ELF whip.","",""
"PARATECH.BIN",660,"The Heavy ELF whip delivers a huge electrostatic charge, nearly twice as powerful as the light ELF whip.","Using a pulse of electromagnetic radiation, the electromagnetic pulse cannon can seriously damage shields with a single shot.","",""
"PARATECH.BIN",661,"Using a pulse of electromagnetic radiation, the electromagnetic pulse cannon can seriously damage shields with a single shot.","This weapon does trivial damage, but has a good rate- of-fire for sustained action. It takes no power, so the only limitation is ammo.","",""
"PARATECH.BIN",662,"This weapon does trivial damage, but has a good rate- of-fire for sustained action. It takes no power, so the only limitation is ammo.","Though much better than the 20mm, this autocannon still does little overall damage and cannot penetrate shields.","",""
"PARATECH.BIN",663,"Though much better than the 20mm, this autocannon still does little overall damage and cannot penetrate shields.","This weapon fires massive 10kg slugs of depleted-uranium rapidly and accurately.","",""
"PARATECH.BIN",664,"This weapon fires massive 10kg slugs of depleted-uranium rapidly and accurately.","This weapon, known to its crews as ""The Dragon"", is capable of chewing up small Cybrids at an amazing pace once their shields are down.","",""
"PARATECH.BIN",665,"This weapon, known to its crews as ""The Dragon"", is capable of chewing up small Cybrids at an amazing pace once their shields are down.","This weapon fires a massive ""High Explosive Armor Piercing"" shell, doing huge damage to unshielded targets.","",""
"PARATECH.BIN",666,"This weapon fires a massive ""High Explosive Armor Piercing"" shell, doing huge damage to unshielded targets.","The ""Ranger"" is the longest range gun in modern arsenals.  Extremely accurate at long ranges, the ""Ranger"" can also damage shielded targets.","",""
"PARATECH.BIN",667,"The ""Ranger"" is the longest range gun in modern arsenals.  Extremely accurate at long ranges, the ""Ranger"" can also damage shielded targets.","An energy weapon capable of firing indirectly, the Blast Mortar is designed to affect the shields of entire groups at once.","",""
"PARATECH.BIN",668,"An energy weapon capable of firing indirectly, the Blast Mortar is designed to affect the shields of entire groups at once.","Developed originally as a ""last resort"" weapon, this missile launcher fires a huge single-shot missile that can devastate enemy units.","",""
"PARATECH.BIN",669,"Developed originally as a ""last resort"" weapon, this missile launcher fires a huge single-shot missile that can devastate enemy units.","The ElectroFlechette Cannon fires a shotgun spread of tiny, electrically-charged flechettes that can defeat shields and penetrate armor.","",""
"PARATECH.BIN",670,"The ElectroFlechette Cannon fires a shotgun spread of tiny, electrically-charged flechettes that can defeat shields and penetrate armor.","The PBW, based on particle beam technology, can crush the shields of a Cybrid, or destroy the machine beneath.","",""
"PARATECH.BIN",671,"The PBW, based on particle beam technology, can crush the shields of a Cybrid, or destroy the machine beneath.","Sierra Combine Compression Laser technology uses magnetism to compress a light wave to amplify shock damage inflicted. The SC400 is the smallest such weapon.","",""
"PARATECH.BIN",672,"Sierra Combine Compression Laser technology uses magnetism to compress a light wave to amplify shock damage inflicted. The SC400 is the smallest such weapon.","The SC1000 is fully twice the size and power of the SC400.  This is, overall, one of the best energy weapons a Herc can carry.","",""
"PARATECH.BIN",673,"The SC1000 is fully twice the size and power of the SC400.  This is, overall, one of the best energy weapons a Herc can carry.","This weapon carries all the shield-busting firepower of the EMP cannon with the punch of a large missile. Expensive, but worth it.","",""
"PARATECH.BIN",674,"This weapon carries all the shield-busting firepower of the EMP cannon with the punch of a large missile. Expensive, but worth it.","This rapid-fire missile launcher requires no power, and is cheap enough to carry on small Hercs.  It cannot fire indirectly.","",""
"PARATECH.BIN",675,"This rapid-fire missile launcher requires no power, and is cheap enough to carry on small Hercs.  It cannot fire indirectly.","The first of the heavy energy weapons, the Plasma Cannon consumes huge amounts of energy, but delivers terrific blows to shields and armor.","",""
"PARATECH.BIN",676,"The first of the heavy energy weapons, the Plasma Cannon consumes huge amounts of energy, but delivers terrific blows to shields and armor.","This is simply a twin cannon sharing a single barrel. The combined shot is terrifying and can often down an enemy Cybrid in a single blast.","",""
"PARATECH.BIN",677,"This is simply a twin cannon sharing a single barrel. The combined shot is terrifying and can often down an enemy Cybrid in a single blast.","This is merely an advancement of the SP launcher, firing a more effective warhead with twice the yield of the SP missile.","",""
"PARATECH.BIN",678,"This is merely an advancement of the SP launcher, firing a more effective warhead with twice the yield of the SP missile.","Harnessing the power of the EMP pulse, the EMP Beamer can project an electromagnetic pulse that inflicts huge damage on shields.","",""
"PARATECH.BIN",679,"Harnessing the power of the EMP pulse, the EMP Beamer can project an electromagnetic pulse that inflicts huge damage on shields.","This terrifying weapon hurls huge numbers of 30mm shells at opposing units.  Though not long range, this weapon is VERY powerful.","",""
"PARATECH.BIN",680,"This terrifying weapon hurls huge numbers of 30mm shells at opposing units.  Though not long range, this weapon is VERY powerful.","Named after an old-Earth weapon, this rocket launcher can cover a large area with rockets to damage numerous enemy units at once.","",""
"PARATECH.BIN",681,"Named after an old-Earth weapon, this rocket launcher can cover a large area with rockets to damage numerous enemy units at once.","This weapon is an advanced auto-mortar that can deliver several shots of indirect fire rapidly to a target.","",""
"PARATECH.BIN",682,"This weapon is an advanced auto-mortar that can deliver several shots of indirect fire rapidly to a target.","This is simply an ELF system that is equipped with multiple capacitors to allow rapid recharge for a second and even third shot.","",""
"PARATECH.BIN",683,"This is simply an ELF system that is equipped with multiple capacitors to allow rapid recharge for a second and even third shot.","Combining the advanced range-finding system from the ""Ranger"" cannon with the firepower of the 210mm X-HEAP, this gun is lethal.","",""
"PARATECH.BIN",684,"Combining the advanced range-finding system from the ""Ranger"" cannon with the firepower of the 210mm X-HEAP, this gun is lethal.","A combination between an autocannon and a laser, it incorporates some of the advantages of each.  A very balanced and useful weapon.","",""
"PARATECH.BIN",685,"A combination between an autocannon and a laser, it incorporates some of the advantages of each.  A very balanced and useful weapon.","Drawing twice the power for only a modest increase in firepower, the Medium Particle Gun is difficult to mount on a light chassis.","",""
"PARATECH.BIN",686,"Drawing twice the power for only a modest increase in firepower, the Medium Particle Gun is difficult to mount on a light chassis.","An even greater power hog, the Heavy Particle Gun should be avoided by all but the heaviest chassis.","",""
"PARATECH.BIN",687,"An even greater power hog, the Heavy Particle Gun should be avoided by all but the heaviest chassis.","The Super Heavy Particle Gun is the largest in this series, requires the most power, and does the most damage.","",""
"PARATECH.BIN",688,"The Super Heavy Particle Gun is the largest in this series, requires the most power, and does the most damage.","Firing a heavier particle, the Neutron Gun disrupts matter at a molecular level. Against an unshielded Cybrid, it is devastating.","",""
"PARATECH.BIN",689,"Firing a heavier particle, the Neutron Gun disrupts matter at a molecular level. Against an unshielded Cybrid, it is devastating.","This is a variant of the Neutron Gun, using a different technology.  The resulting beam can punch through armor or shields.","",""
"PARATECH.BIN",690,"This is a variant of the Neutron Gun, using a different technology.  The resulting beam can punch through armor or shields.","A more powerful version of the MY rockets, this system can devastate a large area with a single shot, making it a fearsome weapon.","",""
"PARATECH.BIN",691,"A more powerful version of the MY rockets, this system can devastate a large area with a single shot, making it a fearsome weapon.","The H-K Missiles track and home on their assigned target with relentless precision. With indirect fire spotters, they can rule a battlefield.","",""
"PARATECH.BIN",692,"The H-K Missiles track and home on their assigned target with relentless precision. With indirect fire spotters, they can rule a battlefield.","The third generation of laser technology, this is a rapid fire laser that improves on the earlier laser damage capability while delivering more shots.","",""
"PARATECH.BIN",693,"The third generation of laser technology, this is a rapid fire laser that improves on the earlier laser damage capability while delivering more shots.","The standard weapon on many Cybrids and Hercs.  It  is considered to be a superb balance of low cost and high firepower.","",""
"PARATECH.BIN",694,"The standard weapon on many Cybrids and Hercs.  It  is considered to be a superb balance of low cost and high firepower.","The most devastating laser ever built, it is capable of defeating even the heaviest shielding with a burst of three shots.","",""
"PARATECH.BIN",695,"The most devastating laser ever built, it is capable of defeating even the heaviest shielding with a burst of three shots.","This system requires no real finesse as it can deal with any target, shielded or not.  An excellent weapon, though both power and ammo hungry.","",""
"PARATECH.BIN",696,"This system requires no real finesse as it can deal with any target, shielded or not.  An excellent weapon, though both power and ammo hungry.","A rapid-fire version of the standard laser, the SE 700 can deliver a tremendous volume of deadly and accurate fire.","",""
"PARATECH.BIN",697,"A rapid-fire version of the standard laser, the SE 700 can deliver a tremendous volume of deadly and accurate fire.","Continuing advancement of missile technology provides the capability to fire SP class missiles rapidly and accurately.","",""
"PARATECH.BIN",698,"Continuing advancement of missile technology provides the capability to fire SP class missiles rapidly and accurately.","A variant of the heavy plasma cannon, the Plasma Beam uses advanced technology to keep the emerging plasma from being dispersed, increasing range.","",""
"PARATECH.BIN",699,"A variant of the heavy plasma cannon, the Plasma Beam uses advanced technology to keep the emerging plasma from being dispersed, increasing range.","Combining the usefulness of the Blast Mortar with the penetrating damage of Plasma results in this superior indirect fire weapon.","",""
"PARATECH.BIN",700,"Combining the usefulness of the Blast Mortar with the penetrating damage of Plasma results in this superior indirect fire weapon.","A more advanced form of the Auto-ELF, the Chain-ELF can fire a multiple stream of ELF shots, inflicting horrific damage on a target.","",""
"PARATECH.BIN",701,"A more advanced form of the Auto-ELF, the Chain-ELF can fire a multiple stream of ELF shots, inflicting horrific damage on a target.","An outgrowth of plasma technology, the Thermal Lance can burn through the shields and armor of a Cybrid in a second.","",""
"PARATECH.BIN",702,"An outgrowth of plasma technology, the Thermal Lance can burn through the shields and armor of a Cybrid in a second.","Essentially a plasma machine- gun, the Thermal Needler ignores shields completely and can shred a Cybrid with enough sustained fire.","",""
"PARATECH.BIN",703,"Essentially a plasma machine- gun, the Thermal Needler ignores shields completely and can shred a Cybrid with enough sustained fire.","A second generation of plasma technology, the Fusion Flamer delivers a tremendous punch, especially against a foe that has lost shields.","",""
"PARATECH.BIN",704,"A second generation of plasma technology, the Fusion Flamer delivers a tremendous punch, especially against a foe that has lost shields.","Though expensive and very power hungry, the Fusion Cannon can deliver in one gun what once took an entire Herc's payload.","",""
"PARATECH.BIN",705,"Though expensive and very power hungry, the Fusion Cannon can deliver in one gun what once took an entire Herc's payload.","The most terrifying weapon ever designed, the Fusion Annihilator delivers a single blast that will usually destroy any Cybrid.","",""
"PARATECH.BIN",706,"The most terrifying weapon ever designed, the Fusion Annihilator delivers a single blast that will usually destroy any Cybrid.","Near the top of kinetic weapon development, with average range, tremendous rate-of-fire, and excellent firepower.","",""
"PARATECH.BIN",707,"Near the top of kinetic weapon development, with average range, tremendous rate-of-fire, and excellent firepower.","A fast firing system, this weapon can absolutely devastate a unit by tearing through its shields to the armor below.","",""
"PARATECH.BIN",708,"A fast firing system, this weapon can absolutely devastate a unit by tearing through its shields to the armor below.","Firing slightly smaller versions of the fearsome Hunter-Killer missile, this weapon can deliver four missiles to a target in seconds.","",""
"PARATECH.BIN",709,"Firing slightly smaller versions of the fearsome Hunter-Killer missile, this weapon can deliver four missiles to a target in seconds.","The most advanced version of the EMP weapon, this device can destroy shields in moments.  Most often used in conjunction with advanced missile systems.","",""
"PARATECH.BIN",710,"The most advanced version of the EMP weapon, this device can destroy shields in moments.  Most often used in conjunction with advanced missile systems.","This system essentially delivers the punch of the Hunter-Killer missiles over a wide area with a single firing.","",""
"PARATECH.BIN",711,"This system essentially delivers the punch of the Hunter-Killer missiles over a wide area with a single firing.","The Fusion Mortar takes advanced fusion technology and applies it to the Plasma Mortar.  It is without peer as an indirect energy weapon.","",""
"PARATECH.BIN",712,"The Fusion Mortar takes advanced fusion technology and applies it to the Plasma Mortar.  It is without peer as an indirect energy weapon.","A dangerous weapon due to the inherent ability of an ELF to ignore shielding, the ELF Mortar can deliver ELF damage over distance and blast area.","",""
"PARATECH.BIN",713,"A dangerous weapon due to the inherent ability of an ELF to ignore shielding, the ELF Mortar can deliver ELF damage over distance and blast area.","Combining the compression laser and the fusion guns, the compression blaster renders enemy shields almost useless.","",""
"PARATECH.BIN",714,"Combining the compression laser and the fusion guns, the compression blaster renders enemy shields almost useless.","The finest weapon ever made, Hercs equipped with the Heavy Compression Blaster can often lay waste to entire Cybrid squads... alone.","",""
"PARATECH.BIN",715,"The finest weapon ever made, Hercs equipped with the Heavy Compression Blaster can often lay waste to entire Cybrid squads... alone.","This acronym is short for ""Hammer of God.""  Though a last-ditch weapon, none delivers a more powerful single blow.","",""
"PARATECH.BIN",716,"This acronym is short for ""Hammer of God.""  Though a last-ditch weapon, none delivers a more powerful single blow.","Essentially a rapid-fire version of the SP-X using Saturation missiles.","",""
"PARATECH.BIN",717,"Essentially a rapid-fire version of the SP-X using Saturation missiles.","A rapid-fire fusion cannon, the Fusion Gatling can deal with shielded or unshielded targets with equal ease.  It requires significant power.","",""
"PARATECH.BIN",718,"A rapid-fire fusion cannon, the Fusion Gatling can deal with shielded or unshielded targets with equal ease.  It requires significant power.","The ""Accelerator Thermal Needler"" autocannon ignores shielding completely and deals powerful hits in rapid succession.","",""
"PARATECH.BIN",719,"The ""Accelerator Thermal Needler"" autocannon ignores shielding completely and deals powerful hits in rapid succession.","This weapon utilizes a super-heavy metal shell accelerated to tremendous speeds and launched.  It knows no equal.","",""
"PARATECH.BIN",720,"This weapon utilizes a super-heavy metal shell accelerated to tremendous speeds and launched.  It knows no equal.","","",""
"PARATECH.BIN",721,"","","",""
"PARATECH.BIN",722,"","","",""
"PARATECH.BIN",723,"","","",""
"PARATECH.BIN",724,"","","",""
"PARATECH.BIN",725,"","","",""
"PARATECH.BIN",726,"","","",""
"PARATECH.BIN",727,"","","",""
"PARATECH.BIN",728,"","This stub can fill an internal slot.  It has no functions of its own, but makes for a lighter, faster Herc.","",""
"PARATECH.BIN",801,"This stub can fill an internal slot.  It has no functions of its own, but makes for a lighter, faster Herc.","Maximum storage: 400 units.  Retrieval: 90%.  Cheap and relatively efficient. Considered the workhorse.","",""
"PARATECH.BIN",802,"Maximum storage: 400 units.  Retrieval: 90%.  Cheap and relatively efficient. Considered the workhorse.","Maximum storage: 400 units.  Retrieval: 90%.  Used primarily in high-risk areas to allow more power for shields and movement.","",""
"PARATECH.BIN",803,"Maximum storage: 400 units.  Retrieval: 90%.  Used primarily in high-risk areas to allow more power for shields and movement.","Maximum storage: 1600 units.  Retrieval: 90%.  Increased carrying capacity for high-ore planets.","",""
"PARATECH.BIN",804,"Maximum storage: 1600 units.  Retrieval: 90%.  Increased carrying capacity for high-ore planets.","Maximum storage: 500 units.  Retrieval: 100%.  Used near the core, where few good sites remain to maximize productivity in low-ore areas.","",""
"PARATECH.BIN",805,"Maximum storage: 500 units.  Retrieval: 100%.  Used near the core, where few good sites remain to maximize productivity in low-ore areas.","Maximum storage: 1200 units.  Retrieval: 100%.  Utilizes the latest technology to merge many of the best qualities of older Extractor models.","",""
"PARATECH.BIN",806,"Maximum storage: 1200 units.  Retrieval: 100%.  Utilizes the latest technology to merge many of the best qualities of older Extractor models.","Repair: 150%.  An integration of rudimentary nanoprinciples with existing self-repair technology.","",""
"PARATECH.BIN",807,"Repair: 150%.  An integration of rudimentary nanoprinciples with existing self-repair technology.","Repair: 250%.  Improvements in nanotechnology have broadened the repair potential.","",""
"PARATECH.BIN",808,"Repair: 250%.  Improvements in nanotechnology have broadened the repair potential.","Repair: 350%.  Nanite full-system distribution with mechanical support increases regenerative capabilities.","",""
"PARATECH.BIN",809,"Repair: 350%.  Nanite full-system distribution with mechanical support increases regenerative capabilities.","Repair: 400%.  Nanite conditioning and self-specialization allows us the first purely nanite repair system.","",""
"PARATECH.BIN",810,"Repair: 400%.  Nanite conditioning and self-specialization allows us the first purely nanite repair system.","Repair: 450%.  Continued sophistication of nanotechnology enables a gland-like limited production system to increase repair potential.","",""
"PARATECH.BIN",811,"Repair: 450%.  Continued sophistication of nanotechnology enables a gland-like limited production system to increase repair potential.","Self-destruction device.  These small units trigger a feedback buidup in the Herc's reactor.  The larger the Herc, the greater the explosion.","",""
"PARATECH.BIN",812,"Self-destruction device.  These small units trigger a feedback buidup in the Herc's reactor.  The larger the Herc, the greater the explosion.","Self-destruction device.  These small units trigger a feedback buidup in the Herc's reactor.  The larger the Herc, the greater the explosion.","",""
"PARATECH.BIN",813,"Self-destruction device.  These small units trigger a feedback buidup in the Herc's reactor.  The larger the Herc, the greater the explosion.","Self-destruction device.  These small units trigger a feedback buidup in the Herc's reactor.  The larger the Herc, the greater the explosion.","",""
"PARATECH.BIN",814,"Self-destruction device.  These small units trigger a feedback buidup in the Herc's reactor.  The larger the Herc, the greater the explosion.","Self-destruction device.  These small units trigger a feedback buidup in the Herc's reactor.  The larger the Herc, the greater the explosion.","",""
"PARATECH.BIN",815,"Self-destruction device.  These small units trigger a feedback buidup in the Herc's reactor.  The larger the Herc, the greater the explosion.","Self-destruction device.  These small units trigger a feedback buidup in the Herc's reactor.  The larger the Herc, the greater the explosion.","",""
"PARATECH.BIN",816,"Self-destruction device.  These small units trigger a feedback buidup in the Herc's reactor.  The larger the Herc, the greater the explosion.","Bonus +5","",""
"PARATECH.BIN",817,"Bonus +5","Bonus +10","",""
"PARATECH.BIN",818,"Bonus +10","Bonus +15","",""
"PARATECH.BIN",819,"Bonus +15","Bonus +20","",""
"PARATECH.BIN",820,"Bonus +20","Bonus +25","",""
"PARATECH.BIN",821,"Bonus +25","Reduces opponent's chance to hit by 5%","",""
"PARATECH.BIN",822,"Reduces opponent's chance to hit by 5%","Reduces opponent's chance to hit by 10%","",""
"PARATECH.BIN",823,"Reduces opponent's chance to hit by 10%","Reduces opponent's chance to hit by 15%","",""
"PARATECH.BIN",824,"Reduces opponent's chance to hit by 15%","Reduces opponent's chance to hit by 20%","",""
"PARATECH.BIN",825,"Reduces opponent's chance to hit by 20%","Reduces opponent's chance to hit by 25%","",""
"PARATECH.BIN",826,"Reduces opponent's chance to hit by 25%","The AntiGravity Unit lowers the effect of gravity on your Herc.  On high gravity worlds it will prove more valuable than on low-gravity worlds.  On a very low gravity world, the AntiGravity unit may have no effect whatsoever.  Because of these variables, the AntiGravity Unit will not always affect your Herc Speed Rating by the same amount.","",""
"PARATECH.BIN",827,"The AntiGravity Unit lowers the effect of gravity on your Herc.  On high gravity worlds it will prove more valuable than on low-gravity worlds.  On a very low gravity world, the AntiGravity unit may have no effect whatsoever.  Because of these variables, the AntiGravity Unit will not always affect your Herc Speed Rating by the same amount.","Restock: 2x. Max Range: 10 hexes. This drone can restock Herc weapons if the Herc Carrier is present.","",""
"PARATECH.BIN",828,"Restock: 2x. Max Range: 10 hexes. This drone can restock Herc weapons if the Herc Carrier is present.","Restock: 4x. Max Range: 20 hexes. This drone can restock Herc weapons if the Herc Carrier is present.","",""
"PARATECH.BIN",829,"Restock: 4x. Max Range: 20 hexes. This drone can restock Herc weapons if the Herc Carrier is present.","Restock: 6x. Max Range: 20 hexes. This drone can restock Herc weapons if the Herc Carrier is present.","",""
"PARATECH.BIN",830,"Restock: 6x. Max Range: 20 hexes. This drone can restock Herc weapons if the Herc Carrier is present.","Restock: 8x. Max Range: 30 hexes. This drone can restock Herc weapons if the Herc Carrier is present.","",""
"PARATECH.BIN",831,"Restock: 8x. Max Range: 30 hexes. This drone can restock Herc weapons if the Herc Carrier is present.","Restock: 10x. Max Range: 40 hexes. This drone can restock Herc weapons if the Herc Carrier is present.","",""
"PARATECH.BIN",832,"Restock: 10x. Max Range: 40 hexes. This drone can restock Herc weapons if the Herc Carrier is present.","The Overdrive Node boosts the efficiency of your Herc's drive system by fifteen percent.","",""
"PARATECH.BIN",833,"The Overdrive Node boosts the efficiency of your Herc's drive system by fifteen percent.","The Shield Amplification Crystal boosts shield regeneration rate significantly.","",""
"PARATECH.BIN",834,"The Shield Amplification Crystal boosts shield regeneration rate significantly.","The Sensor Amplifier boosts sensor efficiency to include an extra one hex of radius.","",""
"PARATECH.BIN",835,"The Sensor Amplifier boosts sensor efficiency to include an extra one hex of radius.","","",""
"PARATECH.BIN",836,"","","",""
"PROMOTXT.BIN",1,"Directive: Main Synthetic Intelligence, Unitech Command 
Status/Promotion: Ensign. 
Command: Hercs: 3, Bioderms: 3 

","Excerpt from Base Commander Marcus Burrell's address to new recruits, Mox Taans Herc Base: ""...now you belong to me.  From the moment you stepped off that shuttle you became the property of Unitech.  You think that because you survived the academy that I should be impressed. Here's a hard dose of reality: Unitech does not give a damn about you.  All Unitech cares about is the bottom line.  Are you making us money, or costing us money?  At this moment, these machines you see here are worth more to this Consortium than your lives... it is your job to change this. 
Ensigns are allowed to own three 'derms and three Hercs.  You've been assigned two Hercs linked to two Bioderms.  Use your personal Credits however you see fit.  You prove to us that you can make Unitech more profitable without blowing yourself up, and maybe we'll let you command more.  If you screw up, we'll strand you on a barren moon somewhere with a beacon strapped around your neck guaranteed to attract every Cybrid in the sector. 

Welcome to the frontier gentlemen.""","",""
"PROMOTXT.BIN",2,"Excerpt from Base Commander Marcus Burrell's address to new recruits, Mox Taans Herc Base: ""...now you belong to me.  From the moment you stepped off that shuttle you became the property of Unitech.  You think that because you survived the academy that I should be impressed. Here's a hard dose of reality: Unitech does not give a damn about you.  All Unitech cares about is the bottom line.  Are you making us money, or costing us money?  At this moment, these machines you see here are worth more to this Consortium than your lives... it is your job to change this. 
Ensigns are allowed to own three 'derms and three Hercs.  You've been assigned two Hercs linked to two Bioderms.  Use your personal Credits however you see fit.  You prove to us that you can make Unitech more profitable without blowing yourself up, and maybe we'll let you command more.  If you screw up, we'll strand you on a barren moon somewhere with a beacon strapped around your neck guaranteed to attract every Cybrid in the sector. 

Welcome to the frontier gentlemen.""","BIODERM ASSIGNMENT 

Excerpt: Unitech Science Disc Con-Unt75: ""Bioderm Generation Guidelines"", Dr.T.Daelstrom: ""...human physiology simply didn't keep pace with its technology. We created machines and weapons that required super-human reflexes and abilities. What was our solution?  To create beings that could be directly bio-linked to the machines..."" 

","",""
"PROMOTXT.BIN",3,"BIODERM ASSIGNMENT 

Excerpt: Unitech Science Disc Con-Unt75: ""Bioderm Generation Guidelines"", Dr.T.Daelstrom: ""...human physiology simply didn't keep pace with its technology. We created machines and weapons that required super-human reflexes and abilities. What was our solution?  To create beings that could be directly bio-linked to the machines..."" 

","Excerpt from Encyclopedia Galactica, volume 2, Disc 17b: ""Protohuman clones were used industrially for centuries to operate heavy equipment in hostile environments. As Bioderm technology improved, it became feasible to use them for military purposes as well.  Though Bioderms have limited higher thought processes they can function quite successfully with human supervision and guidance."" 

","",""
"PROMOTXT.BIN",4,"Excerpt from Encyclopedia Galactica, volume 2, Disc 17b: ""Protohuman clones were used industrially for centuries to operate heavy equipment in hostile environments. As Bioderm technology improved, it became feasible to use them for military purposes as well.  Though Bioderms have limited higher thought processes they can function quite successfully with human supervision and guidance."" 

","Ensign Yar Sibbick: ""I think they're setting us up to fail.  Look, they only allow us to grow three Bioderms, and the only genetic material we have access to is crap. Look at those protoderm faces.  I've seen more intelligence in a parked hovercar... and we're supposed to take these guys on missions?  Gimme a break...""","",""
"PROMOTXT.BIN",5,"Ensign Yar Sibbick: ""I think they're setting us up to fail.  Look, they only allow us to grow three Bioderms, and the only genetic material we have access to is crap. Look at those protoderm faces.  I've seen more intelligence in a parked hovercar... and we're supposed to take these guys on missions?  Gimme a break...""","HERC ASSIGNMENT 

Directive: Main Synthetic Intelligence, Unitech Command 
Herc restriction mandate 01:16:01: Preliminary Commander rank: Ensign: 
Shadow 
Remora","",""
"PROMOTXT.BIN",6,"HERC ASSIGNMENT 

Directive: Main Synthetic Intelligence, Unitech Command 
Herc restriction mandate 01:16:01: Preliminary Commander rank: Ensign: 
Shadow 
Remora","Unitech Command Directive: ""Ensigns shall be restricted to the Herc types Shadow and Remora.  Under no circumstances shall an unproven cadet be entrusted with proprietary technologies.""","",""
"PROMOTXT.BIN",7,"Unitech Command Directive: ""Ensigns shall be restricted to the Herc types Shadow and Remora.  Under no circumstances shall an unproven cadet be entrusted with proprietary technologies.""","Excerpt from Unitech Technical manual, volume 36, Disc 5e: ""The Shadow was originally intended as an exploration vehicle. It is one of two Hercs with an extensive sensor array.  Sensor arrays allow broad terrain mapping and remote targeting of the enemy. Since being pressed into military service, the Shadow has been outfitted with energy weapons and missile pods.""","",""
"PROMOTXT.BIN",8,"Excerpt from Unitech Technical manual, volume 36, Disc 5e: ""The Shadow was originally intended as an exploration vehicle. It is one of two Hercs with an extensive sensor array.  Sensor arrays allow broad terrain mapping and remote targeting of the enemy. Since being pressed into military service, the Shadow has been outfitted with energy weapons and missile pods.""","Excerpt from Unitech Technical manual, volume 36, Disc 5c: ""The Remora was initially designed as an escort vehicle for the heavy Hercs.  Since the Remora's deployment at the beginning of the third Cybrid War it has proven especially useful as a fast assault Herc.  Some Herc Commanders have successfully equipped the Remora with mining pods, capitalizing on its speed for mining in hazardous areas.""","",""
"PROMOTXT.BIN",9,"Excerpt from Unitech Technical manual, volume 36, Disc 5c: ""The Remora was initially designed as an escort vehicle for the heavy Hercs.  Since the Remora's deployment at the beginning of the third Cybrid War it has proven especially useful as a fast assault Herc.  Some Herc Commanders have successfully equipped the Remora with mining pods, capitalizing on its speed for mining in hazardous areas.""","Directive: Main Synthetic Intelligence, Unitech Command 
Status/Promotion: Unit Leader. 
Command: Hercs: 4, Bioderms: 4 

","",""
"PROMOTXT.BIN",10,"Directive: Main Synthetic Intelligence, Unitech Command 
Status/Promotion: Unit Leader. 
Command: Hercs: 4, Bioderms: 4 

","Excerpt from Base Commander Burrell's Company address to promotion candidates for Unit Leader status: ""...Apparently some of you encountered active Cybrids in the training zones. Get used to it.  Perhaps some real equipment will get you jacked-up about being here. I encourage you to spend every Credit making premium Hercs and Bioderms, because you won't need any Credits if you fail.  Now pick up your promotions and get back out there."" 

","",""
"PROMOTXT.BIN",11,"Excerpt from Base Commander Burrell's Company address to promotion candidates for Unit Leader status: ""...Apparently some of you encountered active Cybrids in the training zones. Get used to it.  Perhaps some real equipment will get you jacked-up about being here. I encourage you to spend every Credit making premium Hercs and Bioderms, because you won't need any Credits if you fail.  Now pick up your promotions and get back out there."" 

","Executive Commander Osterman: ""...The recruits don't need to know about stolen BGMs. I'm more interested in this 'Prometheus', the Central Cybrid Mind.  No word of it for centuries, and then Prometheus code appears in downed Cybrids when BGM samples are stolen.  It's too coincidental.""","",""
"PROMOTXT.BIN",12,"Executive Commander Osterman: ""...The recruits don't need to know about stolen BGMs. I'm more interested in this 'Prometheus', the Central Cybrid Mind.  No word of it for centuries, and then Prometheus code appears in downed Cybrids when BGM samples are stolen.  It's too coincidental.""","Directive: Main Synthetic Intelligence, Unitech Command 
Orientation seminar, Central BioVat Storage Facility, 0200 hours. Agenda: an overview of the Base Genetic Matrix inventory and sequencing protocol for Bioderm generation. 

","",""
"PROMOTXT.BIN",13,"Directive: Main Synthetic Intelligence, Unitech Command 
Orientation seminar, Central BioVat Storage Facility, 0200 hours. Agenda: an overview of the Base Genetic Matrix inventory and sequencing protocol for Bioderm generation. 

","Excerpt: OMAG interview 10:05:38 with Herc Commander [BL] Frank Tarsus:  ""They say it's an honor to have your genes selected for the BGM bank...I say it's crap. We never really die.  Imagine an army of meat-robots, jacked-up, bio-linked, and wearing your face...All being ordered around by young greenhorns fresh from mommy's teat...sounds like someone's idea of Hell, if you ask me..."" 

","",""
"PROMOTXT.BIN",14,"Excerpt: OMAG interview 10:05:38 with Herc Commander [BL] Frank Tarsus:  ""They say it's an honor to have your genes selected for the BGM bank...I say it's crap. We never really die.  Imagine an army of meat-robots, jacked-up, bio-linked, and wearing your face...All being ordered around by young greenhorns fresh from mommy's teat...sounds like someone's idea of Hell, if you ask me..."" 

","Excerpt: Transcript 07:50:00 from Central Biovat Storage Facility emergency meeting (Dr.W.Gibson, Director):""...(This information) is crucial to us.  The Cybrids have never been interested in the Bioderms before.   If the Cybrids have taken BGM samples, we must assume they are studying them for strategic weaknesses.  If they have some other purpose, I'm afraid to know what it is...""","",""
"PROMOTXT.BIN",15,"Excerpt: Transcript 07:50:00 from Central Biovat Storage Facility emergency meeting (Dr.W.Gibson, Director):""...(This information) is crucial to us.  The Cybrids have never been interested in the Bioderms before.   If the Cybrids have taken BGM samples, we must assume they are studying them for strategic weaknesses.  If they have some other purpose, I'm afraid to know what it is...""","NEW HERC ASSIGNMENT 

Directive: Main Synthetic Intelligence, Unitech Command 
Herc restriction mandate 01:16:01: Herc Commanders: Unit Leader, Unit Captain: 
Ogre 
Sensei 
Giant","",""
"PROMOTXT.BIN",16,"NEW HERC ASSIGNMENT 

Directive: Main Synthetic Intelligence, Unitech Command 
Herc restriction mandate 01:16:01: Herc Commanders: Unit Leader, Unit Captain: 
Ogre 
Sensei 
Giant","Excerpt from Unitech Technical manual, volume 36, Disc 6b: ""The Ogre has enough energy-based attacks to break through many types of shielding and still deliver a double ballistic salvo.  It's the most independent Herc available to the Unit Leader...""","",""
"PROMOTXT.BIN",17,"Excerpt from Unitech Technical manual, volume 36, Disc 6b: ""The Ogre has enough energy-based attacks to break through many types of shielding and still deliver a double ballistic salvo.  It's the most independent Herc available to the Unit Leader...""","Chief Engineer Raymond Scott: ""The Sensei is what the Shadow should have been. Bigger, tougher, more weapon types...it was designed with the Command Bioderm in mind.  It offers speed, sensors, varied weapons, and some protection.""","",""
"PROMOTXT.BIN",18,"Chief Engineer Raymond Scott: ""The Sensei is what the Shadow should have been. Bigger, tougher, more weapon types...it was designed with the Command Bioderm in mind.  It offers speed, sensors, varied weapons, and some protection.""","Excerpt from Unitech Technical manual, volume 36, Disc 6c: ""The Giant is outfitted exclusively with ballistic weapons.  It's best used in tandem with an energy-weapon Herc like the Ogre...""","",""
"PROMOTXT.BIN",19,"Excerpt from Unitech Technical manual, volume 36, Disc 6c: ""The Giant is outfitted exclusively with ballistic weapons.  It's best used in tandem with an energy-weapon Herc like the Ogre...""","Directive: Main Synthetic Intelligence, Unitech Command 
Status/Promotion: Unit Captain. 
Command: Hercs: 6, Bioderms: 6","",""
"PROMOTXT.BIN",20,"Directive: Main Synthetic Intelligence, Unitech Command 
Status/Promotion: Unit Captain. 
Command: Hercs: 6, Bioderms: 6","Quartermaster's Tech Report: ""...At last, Nanotechnology is here! Limited repairs on the battlefield are now possible with the Nanoenhanced Repair Pod.   Each pod contains millions of micro-robots that, when directed at a damaged component, permanently assume the form and function of the device. You can access its power through the Herc status screen.""","",""
"PROMOTXT.BIN",21,"Quartermaster's Tech Report: ""...At last, Nanotechnology is here! Limited repairs on the battlefield are now possible with the Nanoenhanced Repair Pod.   Each pod contains millions of micro-robots that, when directed at a damaged component, permanently assume the form and function of the device. You can access its power through the Herc status screen.""","Excerpt from Base Commander Burrell's Company address to promotion candidates for Unit Captain status: ""...A few of you people still don't get the whole picture, so I'm going to paint you a new one: Unitech owns you the way they own that Herc, or that 'derm over there.  When a model is unprofitable, it's discontinued.  You'll notice a few more holes in our ranks today.  The lucky ones died with their units, planetside.  The others were 'discontinued.'  I hope I'm making myself clear.  As Unit Captains, you now command up to six Hercs and six 'derms.   Some of you will be receiving special Bioderm assignments.  I remind you that these Bioderms count as part of your allotment and cannot be replaced...""","",""
"PROMOTXT.BIN",22,"Excerpt from Base Commander Burrell's Company address to promotion candidates for Unit Captain status: ""...A few of you people still don't get the whole picture, so I'm going to paint you a new one: Unitech owns you the way they own that Herc, or that 'derm over there.  When a model is unprofitable, it's discontinued.  You'll notice a few more holes in our ranks today.  The lucky ones died with their units, planetside.  The others were 'discontinued.'  I hope I'm making myself clear.  As Unit Captains, you now command up to six Hercs and six 'derms.   Some of you will be receiving special Bioderm assignments.  I remind you that these Bioderms count as part of your allotment and cannot be replaced...""","BIODERM ACQUISITION 

Directive From: Main Synthetic Intelligence, Unitech Command: New Bioderm assignment: arrival 0900. 

","",""
"PROMOTXT.BIN",23,"BIODERM ACQUISITION 

Directive From: Main Synthetic Intelligence, Unitech Command: New Bioderm assignment: arrival 0900. 

","Excerpt from UniReport 10:50:02: ""A controversy surrounds the destruction of the Mos Orsini Herc Base in the Paracelsus system.  While Unitech officials claim that a Cybrid task force was responsible, survivors claim that it was a renegade Bioderm... Initial test results show that radiation traces are not Cybrid in origin... 

","",""
"PROMOTXT.BIN",24,"Excerpt from UniReport 10:50:02: ""A controversy surrounds the destruction of the Mos Orsini Herc Base in the Paracelsus system.  While Unitech officials claim that a Cybrid task force was responsible, survivors claim that it was a renegade Bioderm... Initial test results show that radiation traces are not Cybrid in origin... 

","Excerpt: Transcript from Bioderm Control Agency emergency meeting (Dr.W.Gibson): ""I demand to know why it wasn't destroyed?"" 
Agency President Moynihan: ""Look at the possibilities this Bioderm represents! We've never seen these traits..."" 
Dr.W.Gibson: ""It destroyed an entire Base single-handedly to avoid the Biovat!... It killed thousands of... 
Agency member Smith: ""Those losses were acceptable..."" 
Moynihan: ""..And insured."" 
Dr.W.Gibson: ""I just hope you know what you're doing...""","",""
"PROMOTXT.BIN",25,"Excerpt: Transcript from Bioderm Control Agency emergency meeting (Dr.W.Gibson): ""I demand to know why it wasn't destroyed?"" 
Agency President Moynihan: ""Look at the possibilities this Bioderm represents! We've never seen these traits..."" 
Dr.W.Gibson: ""It destroyed an entire Base single-handedly to avoid the Biovat!... It killed thousands of... 
Agency member Smith: ""Those losses were acceptable..."" 
Moynihan: ""..And insured."" 
Dr.W.Gibson: ""I just hope you know what you're doing...""","Directive: Main Synthetic Intelligence, Unitech Command 
Status/Promotion: Squad Leader. 
Command: Hercs: 7, Bioderms: 9","",""
"PROMOTXT.BIN",26,"Directive: Main Synthetic Intelligence, Unitech Command 
Status/Promotion: Squad Leader. 
Command: Hercs: 7, Bioderms: 9","Quartermaster's Tech Report: ""Alright, the biggest tech advance this time around is guaranteed to be the least popular with the 'derms.  There are Auto-Destruct Devices available for each Herc that damage up to a four-hex radius from the exploding Herc.  DON'T blow up my Herc Bay.""","",""
"PROMOTXT.BIN",27,"Quartermaster's Tech Report: ""Alright, the biggest tech advance this time around is guaranteed to be the least popular with the 'derms.  There are Auto-Destruct Devices available for each Herc that damage up to a four-hex radius from the exploding Herc.  DON'T blow up my Herc Bay.""","Excerpt from Base Commander Burrell's Company address to promotion candidates for Squad Leader status: ""...It's just as well that some of your comrades didn't make it this far; less to screw up.  The promotion to Squad Leader is one that every Base Commander fears.  It's the first time you people can do some real damage to yourselves.  The Demon Herc isn't a bigger Ogre, it's another class of Herc.  Pay attention to the briefing because if anyone mismanages one of these things, the least that'll happen is that I'll go ballistic on you. Literally. 
Once again, some of you will be receiving special Bioderm assignments. I would encourage you to use them wisely.  You'll also notice that you are now allowed to command more Bioderms than Hercs.  You are encouraged to vary your pilots and rotate your Link assignments as you encounter different battle situations.""","",""
"PROMOTXT.BIN",28,"Excerpt from Base Commander Burrell's Company address to promotion candidates for Squad Leader status: ""...It's just as well that some of your comrades didn't make it this far; less to screw up.  The promotion to Squad Leader is one that every Base Commander fears.  It's the first time you people can do some real damage to yourselves.  The Demon Herc isn't a bigger Ogre, it's another class of Herc.  Pay attention to the briefing because if anyone mismanages one of these things, the least that'll happen is that I'll go ballistic on you. Literally. 
Once again, some of you will be receiving special Bioderm assignments. I would encourage you to use them wisely.  You'll also notice that you are now allowed to command more Bioderms than Hercs.  You are encouraged to vary your pilots and rotate your Link assignments as you encounter different battle situations.""","NEW HERC ASSIGNMENT 

Directive: Main Synthetic Intelligence, Unitech Command 
Herc restriction mandate 01:16:01: Herc type: Demon.","",""
"PROMOTXT.BIN",29,"NEW HERC ASSIGNMENT 

Directive: Main Synthetic Intelligence, Unitech Command 
Herc restriction mandate 01:16:01: Herc type: Demon.","Excerpt: OMAG interview 16:06:88 with Quartermaster Grunnell: It's no wonder the newbies don't get this model.  It acts alone very well, without escort...(it's) a one-man slaughterhouse is what it is.","",""
"PROMOTXT.BIN",30,"Excerpt: OMAG interview 16:06:88 with Quartermaster Grunnell: It's no wonder the newbies don't get this model.  It acts alone very well, without escort...(it's) a one-man slaughterhouse is what it is.","Excerpt from Unitech Technical manual, volume 37, Disc 6d: ""The Demon was created with the Ogre's design in mind.  Missile pods replaced cannons. The quadruple energy attack was kept but equipped with larger weapons, and a larger chassis was needed to support them.  The result, though slower than the Ogre, possesses even greater potential to fulfill its design objective: to be able to punch through the enemy's shields and deliver massive damage.""","",""
"PROMOTXT.BIN",31,"Excerpt from Unitech Technical manual, volume 37, Disc 6d: ""The Demon was created with the Ogre's design in mind.  Missile pods replaced cannons. The quadruple energy attack was kept but equipped with larger weapons, and a larger chassis was needed to support them.  The result, though slower than the Ogre, possesses even greater potential to fulfill its design objective: to be able to punch through the enemy's shields and deliver massive damage.""","BIODERM ACQUISITION 

Directive From: Main Synthetic Intelligence, Unitech Command: New Bioderm assignment: arrival 0800. 

Excerpt from Bioderm Generation Research Facility Project proposal 10:50:45: ...Project Codename: Qabal increases the potential of the Protohuman Bioderm model with more efficient GCSI use.  A new substance called Plasmatter, combined with Protoplasm, provides enough of a base genetic matrix to use a mix of donor gene information.  Though somewhat unstable, the promise of higher skill ratings and a higher learning curve may help us to create the perfect Bioderm...","",""
"PROMOTXT.BIN",32,"BIODERM ACQUISITION 

Directive From: Main Synthetic Intelligence, Unitech Command: New Bioderm assignment: arrival 0800. 

Excerpt from Bioderm Generation Research Facility Project proposal 10:50:45: ...Project Codename: Qabal increases the potential of the Protohuman Bioderm model with more efficient GCSI use.  A new substance called Plasmatter, combined with Protoplasm, provides enough of a base genetic matrix to use a mix of donor gene information.  Though somewhat unstable, the promise of higher skill ratings and a higher learning curve may help us to create the perfect Bioderm...","Directive: Main Synthetic Intelligence, Unitech Command 
Status/Promotion: Squad Captain. 
Command: Hercs: 8, Bioderms: 12","",""
"PROMOTXT.BIN",33,"Directive: Main Synthetic Intelligence, Unitech Command 
Status/Promotion: Squad Captain. 
Command: Hercs: 8, Bioderms: 12","Quartermaster's Tech Report: ""Lots of weapons this time, but the Overdrive Node will probably be what changes the battlefield from here on out.  Basically, it magnifies Herc drive system efficiency.  It costs some power, but gets you additional movement.  You want speed?!  You got it!""","",""
"PROMOTXT.BIN",34,"Quartermaster's Tech Report: ""Lots of weapons this time, but the Overdrive Node will probably be what changes the battlefield from here on out.  Basically, it magnifies Herc drive system efficiency.  It costs some power, but gets you additional movement.  You want speed?!  You got it!""","Excerpt from Base Commander Burrell's Company address to promotion candidates for Squad Captain status: ""...In the last Cybrid war the enemy got smarter.  Cybrids were able to act without direct programming from Prometheus.  Our tech boys believe that the Cybrids are now tied in to one another like a 'collective mind.'  This is not to say that we don't still believe in the existence of a huge Prometheus entity somewhere out there.  We'll continue our search for it based on our past experience with the Cybrids... 
...There are still some of you running your troops like cowboys out there.  Hit and run with minimal losses is still the best tactic.  Keep your objective in mind and stop thinking about bounties.  I see any more of this type of command and I'll recycle you like a Bioderm.""","",""
"PROMOTXT.BIN",35,"Excerpt from Base Commander Burrell's Company address to promotion candidates for Squad Captain status: ""...In the last Cybrid war the enemy got smarter.  Cybrids were able to act without direct programming from Prometheus.  Our tech boys believe that the Cybrids are now tied in to one another like a 'collective mind.'  This is not to say that we don't still believe in the existence of a huge Prometheus entity somewhere out there.  We'll continue our search for it based on our past experience with the Cybrids... 
...There are still some of you running your troops like cowboys out there.  Hit and run with minimal losses is still the best tactic.  Keep your objective in mind and stop thinking about bounties.  I see any more of this type of command and I'll recycle you like a Bioderm.""","BIODERM ACQUISITION 

Directive From: Main Synthetic Intelligence, Unitech Command: New Bioderm assignment: arrival 0800. 

Excerpt from UNIReport 12:66:09 [Subject: Feraderm]: ...subject displays adequate weapons skills and an exceptional rating in piloting Hercs. Experiments with Plasmatter have been discontinued due to the irreconcilable issue of instability... 

""Monkeys?!...MONKEYS?!!!""-Custodial Technician Tony Rains, Central Biovat Storage Facility.","",""
"PROMOTXT.BIN",36,"BIODERM ACQUISITION 

Directive From: Main Synthetic Intelligence, Unitech Command: New Bioderm assignment: arrival 0800. 

Excerpt from UNIReport 12:66:09 [Subject: Feraderm]: ...subject displays adequate weapons skills and an exceptional rating in piloting Hercs. Experiments with Plasmatter have been discontinued due to the irreconcilable issue of instability... 

""Monkeys?!...MONKEYS?!!!""-Custodial Technician Tony Rains, Central Biovat Storage Facility.","Directive: Main Synthetic Intelligence, Unitech Command 
Status/Promotion: Squad Commander. 
Command: Hercs: 9, Bioderms: 14","",""
"PROMOTXT.BIN",37,"Directive: Main Synthetic Intelligence, Unitech Command 
Status/Promotion: Squad Commander. 
Command: Hercs: 9, Bioderms: 14","Quartermaster's Tech Report: ""...The Light, Medium, and Heavy Particle Guns are the first ballistic weapons capable of damaging shields.  Not by much, mind you, but useful nonetheless...""","",""
"PROMOTXT.BIN",38,"Quartermaster's Tech Report: ""...The Light, Medium, and Heavy Particle Guns are the first ballistic weapons capable of damaging shields.  Not by much, mind you, but useful nonetheless...""","Excerpt from Base Commander Burrell's Company address to promotion candidates for Squad Commander status: ""...If I catch anyone taking on that elite military mission before their fleet's ready for it, they'll disappear like Torrelli and Brown did.  You'll notice they're not here.  We don't need hot shots, gentlemen. Brute force does not win the day.  Use that terrain defensively, hide when you need to, make them move with energy they'd rather be firing.  When you do take that base, this system is ours!  And we'll be one step closer to finding Prometheus...""","",""
"PROMOTXT.BIN",39,"Excerpt from Base Commander Burrell's Company address to promotion candidates for Squad Commander status: ""...If I catch anyone taking on that elite military mission before their fleet's ready for it, they'll disappear like Torrelli and Brown did.  You'll notice they're not here.  We don't need hot shots, gentlemen. Brute force does not win the day.  Use that terrain defensively, hide when you need to, make them move with energy they'd rather be firing.  When you do take that base, this system is ours!  And we'll be one step closer to finding Prometheus...""","BIODERM ACQUISITION 

Directive From: Main Synthetic Intelligence, Unitech Command: New Bioderm assignment: arrival 0500. 

Excerpt: Unitech Science Disc Con-UnT75:85:20: ""Advanced Bioderm Generation Guidelines Addendum"", Dr.T.Daelstrom: New advances in the science of genetic computer strand implants have produced a superior Feraderm with greater skill ratings and above average learning capability.","",""
"PROMOTXT.BIN",40,"BIODERM ACQUISITION 

Directive From: Main Synthetic Intelligence, Unitech Command: New Bioderm assignment: arrival 0500. 

Excerpt: Unitech Science Disc Con-UnT75:85:20: ""Advanced Bioderm Generation Guidelines Addendum"", Dr.T.Daelstrom: New advances in the science of genetic computer strand implants have produced a superior Feraderm with greater skill ratings and above average learning capability.","Directive: MSI, Unitech Command 
Status/Promotion: Force Leader. 
Command: Hercs: 11, Bioderms: 17","",""
"PROMOTXT.BIN",41,"Directive: MSI, Unitech Command 
Status/Promotion: Force Leader. 
Command: Hercs: 11, Bioderms: 17","Quartermaster's Tech Report: ""One of the shiny new toys is for the greedy ore-mongers out there.  The Improved Ore Extractor trades some efficiency for greater storage capacity.  If I were still making ore-runs, I'd rather load more on one Herc and miss a little than have all my Hercs wasting time and energy.""","",""
"PROMOTXT.BIN",42,"Quartermaster's Tech Report: ""One of the shiny new toys is for the greedy ore-mongers out there.  The Improved Ore Extractor trades some efficiency for greater storage capacity.  If I were still making ore-runs, I'd rather load more on one Herc and miss a little than have all my Hercs wasting time and energy.""","Excerpt from Base Commander Burrell's Company address to promotion candidates for Force Leader status: ""...The Cybrid installation destroyed was receiving sub-pulse transmissions from somewhere within the Ionis system.  As of today, all of this Base's efforts will be focused on that system. The Paracelsus system is now under the Unitech Consortium's control and is not to be revisited for any reason... 
...the rumors of Bioderms rescued from that last installation are true, as are reports of terraforming by the Cybrids.  Traditionally, Cybrid infestation has occurred on worlds that are either rich in resources or possess peculiar electromagnetic fields.  We now believe that the Cybrids are experimenting with EMFs and their effect on Bioderms.  Their intent is not to control Bioderms, but to enhance Bioderm potential.  Their reasons for this are still unclear."" 
","",""
"PROMOTXT.BIN",43,"Excerpt from Base Commander Burrell's Company address to promotion candidates for Force Leader status: ""...The Cybrid installation destroyed was receiving sub-pulse transmissions from somewhere within the Ionis system.  As of today, all of this Base's efforts will be focused on that system. The Paracelsus system is now under the Unitech Consortium's control and is not to be revisited for any reason... 
...the rumors of Bioderms rescued from that last installation are true, as are reports of terraforming by the Cybrids.  Traditionally, Cybrid infestation has occurred on worlds that are either rich in resources or possess peculiar electromagnetic fields.  We now believe that the Cybrids are experimenting with EMFs and their effect on Bioderms.  Their intent is not to control Bioderms, but to enhance Bioderm potential.  Their reasons for this are still unclear."" 
","NEW HERC ASSIGNMENT 

Directive: Main Synthetic Intelligence, Unitech Command 
Herc restriction mandate 01:16:01: Herc type: Reaper. 

","",""
"PROMOTXT.BIN",44,"NEW HERC ASSIGNMENT 

Directive: Main Synthetic Intelligence, Unitech Command 
Herc restriction mandate 01:16:01: Herc type: Reaper. 

","Chief Engineer Raymond Scott: ""'Grim Reaper' is more like it.  The name 'Reaper' was a reference to the wide firing arc of the arm-mounted missile launcher.  Now, of course, we all think of the path of carnage this thing leaves in its wake. Almost every weapon type can be mounted on this thing, so the smart Commander would Link it to a competent Bioderm..."" 

","",""
"PROMOTXT.BIN",45,"Chief Engineer Raymond Scott: ""'Grim Reaper' is more like it.  The name 'Reaper' was a reference to the wide firing arc of the arm-mounted missile launcher.  Now, of course, we all think of the path of carnage this thing leaves in its wake. Almost every weapon type can be mounted on this thing, so the smart Commander would Link it to a competent Bioderm..."" 

","Excerpt from Unitech Technical manual, volume 37, Disc 6f: ""The Reaper was designed to take advantage of advances in Bioderm technology.   Bioderms that are highly skilled in many weapon types are limited by lesser Hercs.  The Reaper allows the best Bioderms to respond with technology appropriate to almost any situation...""","",""
"PROMOTXT.BIN",46,"Excerpt from Unitech Technical manual, volume 37, Disc 6f: ""The Reaper was designed to take advantage of advances in Bioderm technology.   Bioderms that are highly skilled in many weapon types are limited by lesser Hercs.  The Reaper allows the best Bioderms to respond with technology appropriate to almost any situation...""","BIODERM ACQUISITION 

Directive From: Main Synthetic Intelligence, Unitech Command: New Bioderm assignment: arrival 0800. 

","",""
"PROMOTXT.BIN",47,"BIODERM ACQUISITION 

Directive From: Main Synthetic Intelligence, Unitech Command: New Bioderm assignment: arrival 0800. 

","Excerpt from transcript of Central Biovat Storage Facility special meeting (Dr.W.Gibson, Director): ""An underground genetic facility was discovered beneath the primary Cybrid base destroyed in the Paracelsus system.  The Cybrids have been engaging in Bioderm research for reasons unknown to us.  This Bioderm was the only survivor to be rescued from that facility and has apparently been the subject of experimentation.  Furthermore, the electromagnetic field surrounding the planet was altered to have a positive affect on the Bioderms they were growing... 

","",""
"PROMOTXT.BIN",48,"Excerpt from transcript of Central Biovat Storage Facility special meeting (Dr.W.Gibson, Director): ""An underground genetic facility was discovered beneath the primary Cybrid base destroyed in the Paracelsus system.  The Cybrids have been engaging in Bioderm research for reasons unknown to us.  This Bioderm was the only survivor to be rescued from that facility and has apparently been the subject of experimentation.  Furthermore, the electromagnetic field surrounding the planet was altered to have a positive affect on the Bioderms they were growing... 

","Excerpt: Unitech Mobile BioMed log 90:65:34: Subject ""Jai"" has suffered extreme EMF immersion. Extreme polarization effect noted, acting as Command GCSI.  Possible intent to increase Bioderm potential, though average skill ratings evident...","",""
"PROMOTXT.BIN",49,"Excerpt: Unitech Mobile BioMed log 90:65:34: Subject ""Jai"" has suffered extreme EMF immersion. Extreme polarization effect noted, acting as Command GCSI.  Possible intent to increase Bioderm potential, though average skill ratings evident...","Directive: Main Synthetic Intelligence, Unitech Command 
Status/Promotion: Force Captain. 
Command: Hercs: 13, Bioderms: 20 

","",""
"PROMOTXT.BIN",50,"Directive: Main Synthetic Intelligence, Unitech Command 
Status/Promotion: Force Captain. 
Command: Hercs: 13, Bioderms: 20 

","Quartermaster's Tech Report: ""The AntiGravity Unit increases a Herc's movement and jump capability by partially negating the effects of gravity.  Couple this with an Overdrive Node and we're talkin' speed..."" 

","",""
"PROMOTXT.BIN",51,"Quartermaster's Tech Report: ""The AntiGravity Unit increases a Herc's movement and jump capability by partially negating the effects of gravity.  Couple this with an Overdrive Node and we're talkin' speed..."" 

","Excerpt from Base Commander Burrell's Company address to promotion candidates for Force Captain status: ""...The Ionis system is taking its toll on our ranks, gentlemen.  Much of the terrain in this system is hostile and you've got to account for it.  Keep those Life Supports one hundred percent operational in poisonous atmospheres.  Don't leave a Herc on terrain that puts it at a disadvantage.  Review all your upgrade options in the Hercbay.  Extra Credits in the bank won't do you any good if you're buried up to your neck on a corrosive planet...""","",""
"PROMOTXT.BIN",52,"Excerpt from Base Commander Burrell's Company address to promotion candidates for Force Captain status: ""...The Ionis system is taking its toll on our ranks, gentlemen.  Much of the terrain in this system is hostile and you've got to account for it.  Keep those Life Supports one hundred percent operational in poisonous atmospheres.  Don't leave a Herc on terrain that puts it at a disadvantage.  Review all your upgrade options in the Hercbay.  Extra Credits in the bank won't do you any good if you're buried up to your neck on a corrosive planet...""","BIODERM ACQUISITION 

Directive From: Main Synthetic Intelligence, Unitech Command: New Bioderm assignment: arrival 0800. 

","",""
"PROMOTXT.BIN",53,"BIODERM ACQUISITION 

Directive From: Main Synthetic Intelligence, Unitech Command: New Bioderm assignment: arrival 0800. 

","Excerpt from UNIReport 16:76:30: The destruction of the Mox Imril Base on Praab has left few survivors.  Among them is the Bioderm Ma-Yuan (literally translated: ""Killer of Gods"").  Herc Commander Galtos gave her this name after the major conflict on Mardalla  when, equipped only with a standard issue Demon, Ma-Yuan destroyed 2 Hades and 4 Genocite Cybrids before reinforcements arrived (see UNIReport 02:98:00). 

","",""
"PROMOTXT.BIN",54,"Excerpt from UNIReport 16:76:30: The destruction of the Mox Imril Base on Praab has left few survivors.  Among them is the Bioderm Ma-Yuan (literally translated: ""Killer of Gods"").  Herc Commander Galtos gave her this name after the major conflict on Mardalla  when, equipped only with a standard issue Demon, Ma-Yuan destroyed 2 Hades and 4 Genocite Cybrids before reinforcements arrived (see UNIReport 02:98:00). 

","Excerpt: Transcript 10:32:00,Central Biovat Storage Facility (Senior Lab tech Harding): 
""...(Her) tolerance for Stimgland is like nothing I've ever seen.  I don't know what the limits on this model are.""","",""
"PROMOTXT.BIN",55,"Excerpt: Transcript 10:32:00,Central Biovat Storage Facility (Senior Lab tech Harding): 
""...(Her) tolerance for Stimgland is like nothing I've ever seen.  I don't know what the limits on this model are.""","Directive: Main Synthetic Intelligence, Unitech Command 
Status/Promotion: Combat Leader. 
Command: Hercs: 15, Bioderms: 23","",""
"PROMOTXT.BIN",56,"Directive: Main Synthetic Intelligence, Unitech Command 
Status/Promotion: Combat Leader. 
Command: Hercs: 15, Bioderms: 23","Quartermaster's Tech Report: ""You need protection? The Shield Amplification Crystal works with shields to greatly increase your shield strength.""","",""
"PROMOTXT.BIN",57,"Quartermaster's Tech Report: ""You need protection? The Shield Amplification Crystal works with shields to greatly increase your shield strength.""","Excerpt from Base Commander Burrell's Company address to promotion candidates for Combat Leader status: ""...I cannot stress enough the importance of defense, gentlemen.  You'll never have to repair an undamaged Herc.  Check the Quartermaster's report on shield amplifiers.  Keep damaged components turned away from enemy fire. And dammit, crouch your Hercs!.. 
...I need to address the issue of mission selection.  Some of you are refusing to protect Consortium installations, which is unacceptable.  We're here to expand Unitech's territory, not for your personal gain.  You'll notice that Connor and Lancaster are absent. Unitech does not tolerate dissent...""","",""
"PROMOTXT.BIN",58,"Excerpt from Base Commander Burrell's Company address to promotion candidates for Combat Leader status: ""...I cannot stress enough the importance of defense, gentlemen.  You'll never have to repair an undamaged Herc.  Check the Quartermaster's report on shield amplifiers.  Keep damaged components turned away from enemy fire. And dammit, crouch your Hercs!.. 
...I need to address the issue of mission selection.  Some of you are refusing to protect Consortium installations, which is unacceptable.  We're here to expand Unitech's territory, not for your personal gain.  You'll notice that Connor and Lancaster are absent. Unitech does not tolerate dissent...""","BIODERM ACQUISITION 

Directive From: MSI, Unitech Command 
Receive encoded transmission 05:40:29 at 0900 from Unitech Science Facility regarding special project assignment. 

Transmission: 05:40:29 
Directive From: Unitech Science Facility, by authority of Main Synthetic Intelligence 
The content of Cryogenic Pod 1500/17 is to remain confidential.  Under no circumstances should Project: Tarn be seen by other Bioderms.  Bioderm Tarn is a cybernetic fusion of heightened-cohesion protoplasm and retrieved Cybrid biotechnology. The result has proven to be the most stable unit created. 

""No CybriDerms!""-Anonymous Bioderm grafitti found on Mox Taans Herc Base.","",""
"PROMOTXT.BIN",59,"BIODERM ACQUISITION 

Directive From: MSI, Unitech Command 
Receive encoded transmission 05:40:29 at 0900 from Unitech Science Facility regarding special project assignment. 

Transmission: 05:40:29 
Directive From: Unitech Science Facility, by authority of Main Synthetic Intelligence 
The content of Cryogenic Pod 1500/17 is to remain confidential.  Under no circumstances should Project: Tarn be seen by other Bioderms.  Bioderm Tarn is a cybernetic fusion of heightened-cohesion protoplasm and retrieved Cybrid biotechnology. The result has proven to be the most stable unit created. 

""No CybriDerms!""-Anonymous Bioderm grafitti found on Mox Taans Herc Base.","Directive: Main Synthetic Intelligence, Unitech Command 
Status/Promotion: Combat Captain. 
Command: Hercs: 17, Bioderms: 26","",""
"PROMOTXT.BIN",60,"Directive: Main Synthetic Intelligence, Unitech Command 
Status/Promotion: Combat Captain. 
Command: Hercs: 17, Bioderms: 26","Quartermaster's Tech Report: ""Of the handful of new tech advances, the Thermal Needler is my favorite.  A variation of the Thermal Lance, it has the ability to affect many components by trading power for a maximum rate of fire.""","",""
"PROMOTXT.BIN",61,"Quartermaster's Tech Report: ""Of the handful of new tech advances, the Thermal Needler is my favorite.  A variation of the Thermal Lance, it has the ability to affect many components by trading power for a maximum rate of fire.""","Excerpt from Base Commander Burrell's Company address to promotion candidates for Combat Captain status: ""...This is it, gentlemen.  This is the moment you officially become bad-ass.  With the Juggernaut Herc, you finally have enough firepower to destroy this base and everyone on it.  We're all familiar with the Mos Parda incident and I don't need any replays.  I'll thank you to keep your 'derms detoxed, stabilized, and away from me if you're putting them in a Juggernaut... 
...along the issue of Bioderms, I'm hearing some ugly rumors on the 'reaction' to the Tarn model.  Look, people, Bioderms are instruments of war. I haven't seen anyone cry about running a protohuman with a bomb into a Cybrid base.  It doesn't matter if we use Cybrid tech to make a Bioderm look like the Devil, as long as we win...""","",""
"PROMOTXT.BIN",62,"Excerpt from Base Commander Burrell's Company address to promotion candidates for Combat Captain status: ""...This is it, gentlemen.  This is the moment you officially become bad-ass.  With the Juggernaut Herc, you finally have enough firepower to destroy this base and everyone on it.  We're all familiar with the Mos Parda incident and I don't need any replays.  I'll thank you to keep your 'derms detoxed, stabilized, and away from me if you're putting them in a Juggernaut... 
...along the issue of Bioderms, I'm hearing some ugly rumors on the 'reaction' to the Tarn model.  Look, people, Bioderms are instruments of war. I haven't seen anyone cry about running a protohuman with a bomb into a Cybrid base.  It doesn't matter if we use Cybrid tech to make a Bioderm look like the Devil, as long as we win...""","NEW HERC ASSIGNMENT 

Directive: Main Synthetic Intelligence, Unitech Command 
Herc restriction mandate 01:16:01: Herc type: Juggernaut available.","",""
"PROMOTXT.BIN",63,"NEW HERC ASSIGNMENT 

Directive: Main Synthetic Intelligence, Unitech Command 
Herc restriction mandate 01:16:01: Herc type: Juggernaut available.","Excerpt: OMAG interview 16:06:88 with Quartermaster Grunnell: ""I'll admit, I'm old enough that even having one of these in a Herc Bay makes me nervous.  If a protohuman 'Derm so much as looks at a Juggernaut I'm the first to say, 'It's Mos Parda time.'  This baby takes out bases by itself.  When a Juggernaut gets to the target, the battle's pretty much over...""","",""
"PROMOTXT.BIN",64,"Excerpt: OMAG interview 16:06:88 with Quartermaster Grunnell: ""I'll admit, I'm old enough that even having one of these in a Herc Bay makes me nervous.  If a protohuman 'Derm so much as looks at a Juggernaut I'm the first to say, 'It's Mos Parda time.'  This baby takes out bases by itself.  When a Juggernaut gets to the target, the battle's pretty much over...""","Chief Engineer Raymond Scott: ""...The romance went out of it for me when the walking fortress came along.  When you've got that kind of long-range capability, with a few sensor craft to zero the enemy, who needs subtlety?","",""
"PROMOTXT.BIN",65,"Chief Engineer Raymond Scott: ""...The romance went out of it for me when the walking fortress came along.  When you've got that kind of long-range capability, with a few sensor craft to zero the enemy, who needs subtlety?","BIODERM ACQUISITION 

Directive From: Unitech Science Facility, by authority of MSI 
The content of Cryogenic Pod 8806/50 is to remain confidential.  Under no circumstances should Project: Mentor be seen by other Bioderms.  Bioderm Mentor represents our answer to the issue of response time: direct synaptic access. 

","",""
"PROMOTXT.BIN",66,"BIODERM ACQUISITION 

Directive From: Unitech Science Facility, by authority of MSI 
The content of Cryogenic Pod 8806/50 is to remain confidential.  Under no circumstances should Project: Mentor be seen by other Bioderms.  Bioderm Mentor represents our answer to the issue of response time: direct synaptic access. 

","MSIintlog (monitoring:HCComCapSmith): 50:00:37:""I don't give a rat's ass if MSI's listening!  That thing's an abomination!  My 'Derms trust me and I'm not carving them up to make the Machine happy!...What are we, Cybrids now?!"" 

""MSI = CYBRID"" --Bioderm grafitti found near recycling vat, Mox Taans Herc Base.","",""
"PROMOTXT.BIN",67,"MSIintlog (monitoring:HCComCapSmith): 50:00:37:""I don't give a rat's ass if MSI's listening!  That thing's an abomination!  My 'Derms trust me and I'm not carving them up to make the Machine happy!...What are we, Cybrids now?!"" 

""MSI = CYBRID"" --Bioderm grafitti found near recycling vat, Mox Taans Herc Base.","Directive: MSI, Unitech Command 
Status/Promotion: Combat Commander. 
Command: Hercs: 19, Bioderms: 30","",""
"PROMOTXT.BIN",68,"Directive: MSI, Unitech Command 
Status/Promotion: Combat Commander. 
Command: Hercs: 19, Bioderms: 30","Quartermaster's Tech Report: ""Four new weapons are available but, as usual, it's a new system that gets my attention.  The Sensor Amplifier works to greatly increase sensor capability.""","",""
"PROMOTXT.BIN",69,"Quartermaster's Tech Report: ""Four new weapons are available but, as usual, it's a new system that gets my attention.  The Sensor Amplifier works to greatly increase sensor capability.""","Excerpt from Base Commander Burrell's Company address to promotion candidates for Combat Commander status: ""...You'll notice that Combat Captain Smith is no longer with us.  There were a number of you who were openly critical of some of the MSI's directives, and the MSI reacted.  What anyone thinks about the MSI has no bearing on what needs to be done.  We're on the front here, and it's very possible that we're zeroing in on the Cybrid home system.  I'll need all of you if we're going to take this system, and we'll need everything we've got against Prometheus...""","",""
"PROMOTXT.BIN",70,"Excerpt from Base Commander Burrell's Company address to promotion candidates for Combat Commander status: ""...You'll notice that Combat Captain Smith is no longer with us.  There were a number of you who were openly critical of some of the MSI's directives, and the MSI reacted.  What anyone thinks about the MSI has no bearing on what needs to be done.  We're on the front here, and it's very possible that we're zeroing in on the Cybrid home system.  I'll need all of you if we're going to take this system, and we'll need everything we've got against Prometheus...""","BIODERM ACQUISITION 

Directive From: Unitech Science Facility, by authority of MSI 
Arriving 0800 Subject: Kaesar via Herc Carrier 'Torell'. 

","",""
"PROMOTXT.BIN",71,"BIODERM ACQUISITION 

Directive From: Unitech Science Facility, by authority of MSI 
Arriving 0800 Subject: Kaesar via Herc Carrier 'Torell'. 

","Excerpt: Transcript 75:15:98 from Central Biovat Storage Facility public relations forum (Dr.W.Gibson): ""...This is absolutely not a PR issue, as you people put it. The purpose of this facility has always been to make the best Bioderm, and to that end we wanted a BGM from the best source possible.  It just so happens that our source was the most popular as well.  New methods of GCSI and bioelectric sequence coding, gleaned from Cybrid biotechnology, have retrieved and enhanced all the skill attributes of the original Herc pilot, even Command potential.  Initial studies indicate positive subordinate Bioderm response.  Of course, we couldn't have done this without the new EndoPlasm..."" 

","",""
"PROMOTXT.BIN",72,"Excerpt: Transcript 75:15:98 from Central Biovat Storage Facility public relations forum (Dr.W.Gibson): ""...This is absolutely not a PR issue, as you people put it. The purpose of this facility has always been to make the best Bioderm, and to that end we wanted a BGM from the best source possible.  It just so happens that our source was the most popular as well.  New methods of GCSI and bioelectric sequence coding, gleaned from Cybrid biotechnology, have retrieved and enhanced all the skill attributes of the original Herc pilot, even Command potential.  Initial studies indicate positive subordinate Bioderm response.  Of course, we couldn't have done this without the new EndoPlasm..."" 

","MSIintlog (monitoring: Mox Taans/BioFacility[progLinksubgetinfo]) - ""Kaesar rules! Atomic Man kicks ass!""","",""
"PROMOTXT.BIN",73,"MSIintlog (monitoring: Mox Taans/BioFacility[progLinksubgetinfo]) - ""Kaesar rules! Atomic Man kicks ass!""","Directive: Main Synthetic Intelligence, Unitech Command 
Status/Promotion: Battle Leader. 
Command: Hercs: 22, Bioderms: 34","",""
"PROMOTXT.BIN",74,"Directive: Main Synthetic Intelligence, Unitech Command 
Status/Promotion: Battle Leader. 
Command: Hercs: 22, Bioderms: 34","Quartermaster's Tech Report: ""The Compression Blasters incorporate a combination of technologies used in the compression laser and the fusion gun.  They deliver great damage and require little energy.""","",""
"PROMOTXT.BIN",75,"Quartermaster's Tech Report: ""The Compression Blasters incorporate a combination of technologies used in the compression laser and the fusion gun.  They deliver great damage and require little energy.""","Excerpt from Base Commander Burrell's Company address to promotion candidates for Battle Leader status: ""...I'm here to confirm the rumors you've been hearing about the MSI.  As of 0500, all monitor links throughout the Unitech Consortium to the Main Synthetic Intelligence will be severed.  Low-order functions will be allowed to continue while a system analysis of higher operating functions is initiated. Executive Commander Osterman will be issuing directives during this interim. This is considered a sensitive matter and is not to be discussed with anyone outside this Herc Base...""","",""
"PROMOTXT.BIN",76,"Excerpt from Base Commander Burrell's Company address to promotion candidates for Battle Leader status: ""...I'm here to confirm the rumors you've been hearing about the MSI.  As of 0500, all monitor links throughout the Unitech Consortium to the Main Synthetic Intelligence will be severed.  Low-order functions will be allowed to continue while a system analysis of higher operating functions is initiated. Executive Commander Osterman will be issuing directives during this interim. This is considered a sensitive matter and is not to be discussed with anyone outside this Herc Base...""","BIODERM ACQUISITION 

Directive From: MSI, Unitech Command: New Bioderm assignment: arrival 1800. 

","",""
"PROMOTXT.BIN",77,"BIODERM ACQUISITION 

Directive From: MSI, Unitech Command: New Bioderm assignment: arrival 1800. 

","Excerpt: Transcript 90:05:68 from Central Biovat Storage Facility public relations forum (Dr.E.Werther): ""...But we really didn't expect either reaction we've received on this project, from Bioderms or the general populace.  Public opinion has been very negative, while the Bioderms have embraced the project with an almost religious fervor.  The fact is, Meta-GCSI technology has a minimal half-life before the initial stages of generation are complete.  To achieve success, we must put aside emotional reactions."" 

","",""
"PROMOTXT.BIN",78,"Excerpt: Transcript 90:05:68 from Central Biovat Storage Facility public relations forum (Dr.E.Werther): ""...But we really didn't expect either reaction we've received on this project, from Bioderms or the general populace.  Public opinion has been very negative, while the Bioderms have embraced the project with an almost religious fervor.  The fact is, Meta-GCSI technology has a minimal half-life before the initial stages of generation are complete.  To achieve success, we must put aside emotional reactions."" 

","MSIintlog (monitoring:HCClarke): ""...This ""Missile Baby"" thing with the Bioderms is bad. You know they hold us responsible for the Cybrids and MSI, but it's like they see some potential in this, like it's their future or messiah or something.  They hated MSI after the brain-in-a-box fiasco, but I think they'd kill us now, given half a chance..."" 

""In Excelsius Maia""--Icon found in Bioderm quarters, Mox Taans Herc Base.","",""
"PROMOTXT.BIN",79,"MSIintlog (monitoring:HCClarke): ""...This ""Missile Baby"" thing with the Bioderms is bad. You know they hold us responsible for the Cybrids and MSI, but it's like they see some potential in this, like it's their future or messiah or something.  They hated MSI after the brain-in-a-box fiasco, but I think they'd kill us now, given half a chance..."" 

""In Excelsius Maia""--Icon found in Bioderm quarters, Mox Taans Herc Base.","Directive: Main Synthetic Intelligence, Unitech Command 
Status/Promotion: Battle Captain 
Command: Hercs: 25, Bioderms: 37","",""
"PROMOTXT.BIN",80,"Directive: Main Synthetic Intelligence, Unitech Command 
Status/Promotion: Battle Captain 
Command: Hercs: 25, Bioderms: 37","Quartermaster's Tech Report: ""...The most exciting is the ATN.  The Accelerator Thermal Needler Autocannon penetrates shields with rapid-fire capability.","",""
"PROMOTXT.BIN",81,"Quartermaster's Tech Report: ""...The most exciting is the ATN.  The Accelerator Thermal Needler Autocannon penetrates shields with rapid-fire capability.","Excerpt from Base Commander Burrell's Company address to promotion candidates for Battle Captain status: ""...Don't fall apart on me now, gentlemen.  The state of affairs at home is none of your concern at the moment.  All of us need to keep our eyes forward on the task at hand.  As of 0800, all non-essential contact with the homeworlds has temporarily been put on hold.   You've noticed that we're receiving very little in the way of supplies at the moment.  Many of our techies are getting the government back on-line, leaving us with few new weapons.  Moynihan and the rest of the CBSF are under a lot of fire for the 'Missile Baby' flap, so don't expect anything new from them.  I'd advise you to invest in your fleets because we're all we've got for now.  Oh, and good riddance to the MSI..."" 

","",""
"PROMOTXT.BIN",82,"Excerpt from Base Commander Burrell's Company address to promotion candidates for Battle Captain status: ""...Don't fall apart on me now, gentlemen.  The state of affairs at home is none of your concern at the moment.  All of us need to keep our eyes forward on the task at hand.  As of 0800, all non-essential contact with the homeworlds has temporarily been put on hold.   You've noticed that we're receiving very little in the way of supplies at the moment.  Many of our techies are getting the government back on-line, leaving us with few new weapons.  Moynihan and the rest of the CBSF are under a lot of fire for the 'Missile Baby' flap, so don't expect anything new from them.  I'd advise you to invest in your fleets because we're all we've got for now.  Oh, and good riddance to the MSI..."" 

","Excerpt from UniReport 85:50:16: ""... the MSI may have exited Central Mainframe on its own.  The massive power surge attributed to the MSI's destruction may have been  an escape...""","",""
"PROMOTXT.BIN",83,"Excerpt from UniReport 85:50:16: ""... the MSI may have exited Central Mainframe on its own.  The massive power surge attributed to the MSI's destruction may have been  an escape...""","Directive: Executive Commander Osterman/Interim Executor, MilitiaCorps Intelligence, Unitech Command 
Status/Promotion: Herc Commander. 
Command: Hercs: 28, Bioderms: 40","",""
"PROMOTXT.BIN",84,"Directive: Executive Commander Osterman/Interim Executor, MilitiaCorps Intelligence, Unitech Command 
Status/Promotion: Herc Commander. 
Command: Hercs: 28, Bioderms: 40","Quartermaster's Tech Reports: ""You're going to need some firepower.  Two new weapons to review: The Rapid Saturation Rocket system is a rapid-fire delivery system for the Saturation missile.  The ATX is the largest super-accelerated weapon ever created, and was made specifically for the Juggernaut.  Together, they're unbeatable...""","",""
"PROMOTXT.BIN",85,"Quartermaster's Tech Reports: ""You're going to need some firepower.  Two new weapons to review: The Rapid Saturation Rocket system is a rapid-fire delivery system for the Saturation missile.  The ATX is the largest super-accelerated weapon ever created, and was made specifically for the Juggernaut.  Together, they're unbeatable...""","Excerpt from Base Commander Burrell's Company address to promotion candidates for Herc Commander status: ""...You're all we've got against the Cybrid homeworld.  You've seen the specs on Gehenna and its moons, and you couldn't have picked a more hostile environment. Take them and you'll write your own ticket in Unitech..."" 

","",""
"PROMOTXT.BIN",86,"Excerpt from Base Commander Burrell's Company address to promotion candidates for Herc Commander status: ""...You're all we've got against the Cybrid homeworld.  You've seen the specs on Gehenna and its moons, and you couldn't have picked a more hostile environment. Take them and you'll write your own ticket in Unitech..."" 

","Excerpt: Transcript from Central Biovat Storage Facility special meeting with facility President Dr.W.Gibson: ""... I think it's evident that the Cybrids were never concerned with growing Bioderms, really, just their brains.  That is to say, the brain, when linked directly is really the fastest supercomputer that one could create, a sort of ""wetware"" into which the Cybrids could download themselves.  I think that's what we're seeing now...""","",""
"PROMOTXT.BIN",87,"Excerpt: Transcript from Central Biovat Storage Facility special meeting with facility President Dr.W.Gibson: ""... I think it's evident that the Cybrids were never concerned with growing Bioderms, really, just their brains.  That is to say, the brain, when linked directly is really the fastest supercomputer that one could create, a sort of ""wetware"" into which the Cybrids could download themselves.  I think that's what we're seeing now...""","Directive: Executive Commander Osterman, MilitiaCorps Intelligence, Unitech Command 
Congratulations are in order.  We believe that the Central Cybrid Mind ""Proteus"" was destroyed in the last base on Gehenna. The added resources these systems provide will ensure the Unitech way of life.  The other Consortia will have no other choice but to accept our government. 
In accordance with Unitech Directive 03:13:06 a Base Genetic Matrix is being created from your tissue samples. This honor has not been extended to a Herc Commander since the Great War.  This decision is not open for review and it is the sincere desire of the Unitech Consortium that this is accepted with the spirit in which it was intended. If continued service in the MilitiaCorps is an option, refer to the attached Unitech Science Facility summary and respond by 1100.  The Corporate Assembly extends its personal thanks, and wishes to remind the Herc Commander that Unitech rewards the dedicated individual. 

","",""
"PROMOTXT.BIN",88,"Directive: Executive Commander Osterman, MilitiaCorps Intelligence, Unitech Command 
Congratulations are in order.  We believe that the Central Cybrid Mind ""Proteus"" was destroyed in the last base on Gehenna. The added resources these systems provide will ensure the Unitech way of life.  The other Consortia will have no other choice but to accept our government. 
In accordance with Unitech Directive 03:13:06 a Base Genetic Matrix is being created from your tissue samples. This honor has not been extended to a Herc Commander since the Great War.  This decision is not open for review and it is the sincere desire of the Unitech Consortium that this is accepted with the spirit in which it was intended. If continued service in the MilitiaCorps is an option, refer to the attached Unitech Science Facility summary and respond by 1100.  The Corporate Assembly extends its personal thanks, and wishes to remind the Herc Commander that Unitech rewards the dedicated individual. 

","Report From: Unitech Science Facility, by authority of Unitech Militiacorps 
It has been established that the Main Synthetic Intelligence for the Unitech Consortium received sub-pulse transmissions from the Paracelsus system (MSIlog00:13:02).  The MSI then began illicitly monitoring all private transmissions and areas within Unitech.  When sub-pulse transmissions were traced from the Ionis system to M138, the MSI completely downloaded itself through a simulated power surge to the Cybrid base on planet codename: Gehenna via the Unitech Astronomical WAVdish.  Sub-pulse transmissions have since been traced from Gehenna to an as yet unnamed solar system 2000 parsecs from the galactic core.  Since the MSI was not present in the mainframe of the Gehenna Cybrid base, it is the Board's conclusion that the MSI has joined with Cybrids or a Cybrid-like entity to avoid reprogramming.  MSI should now be considered an enemy.","",""
"PROMOTXT.BIN",89,"Report From: Unitech Science Facility, by authority of Unitech Militiacorps 
It has been established that the Main Synthetic Intelligence for the Unitech Consortium received sub-pulse transmissions from the Paracelsus system (MSIlog00:13:02).  The MSI then began illicitly monitoring all private transmissions and areas within Unitech.  When sub-pulse transmissions were traced from the Ionis system to M138, the MSI completely downloaded itself through a simulated power surge to the Cybrid base on planet codename: Gehenna via the Unitech Astronomical WAVdish.  Sub-pulse transmissions have since been traced from Gehenna to an as yet unnamed solar system 2000 parsecs from the galactic core.  Since the MSI was not present in the mainframe of the Gehenna Cybrid base, it is the Board's conclusion that the MSI has joined with Cybrids or a Cybrid-like entity to avoid reprogramming.  MSI should now be considered an enemy.","Unitech Command Directive: In the event of a loss of all units coupled with insufficient capital to generate new Herc forces, the Herc Commander in charge will be stripped of all titles, remaining capital, and commensurate benefits.  The aforementioned party may be required to make restitution to the Unitech MilitiaCorps if a board of inquiry deems the individual negligent, at which time Unitech Directive 17:00:02 mandating conscription servitude becomes immediately effective. Further penalties may be admininstered at the discretion of the Base Commander. 

Excerpt from Base Commander Burrell's Force Review, Mox Taans Herc Base: ""...The best thing you can say about him is that he didn't end up costing us much.  I'd say conscript him, except he'd screw that up as well. I don't care what you do with him, just keep him off my base.""","",""
"PROMOTXT.BIN",90,"Unitech Command Directive: In the event of a loss of all units coupled with insufficient capital to generate new Herc forces, the Herc Commander in charge will be stripped of all titles, remaining capital, and commensurate benefits.  The aforementioned party may be required to make restitution to the Unitech MilitiaCorps if a board of inquiry deems the individual negligent, at which time Unitech Directive 17:00:02 mandating conscription servitude becomes immediately effective. Further penalties may be admininstered at the discretion of the Base Commander. 

Excerpt from Base Commander Burrell's Force Review, Mox Taans Herc Base: ""...The best thing you can say about him is that he didn't end up costing us much.  I'd say conscript him, except he'd screw that up as well. I don't care what you do with him, just keep him off my base.""","Unitech Command Directive: In the event of a loss of all units coupled with insufficient capital to generate new Herc forces, the Herc Commander in charge will be stripped of all titles, remaining capital, and commensurate benefits.  The aforementioned party may be required to make restitution to the Unitech MilitiaCorps if a board of inquiry deems the individual negligent, at which time Unitech Directive 17:00:02 mandating conscription servitude becomes immediately effective. Further penalties may be admininstered at the discretion of the Base Commander. 

Excerpt from Base Commander Burrell's Force Review, Mox Taans Herc Base: ""...Damn right I'm calling for further penalties!  This clown made scrap of our best equipment!  I say give him to the Bioderms for an hour, that ought to do it...","",""
"PROMOTXT.BIN",91,"Unitech Command Directive: In the event of a loss of all units coupled with insufficient capital to generate new Herc forces, the Herc Commander in charge will be stripped of all titles, remaining capital, and commensurate benefits.  The aforementioned party may be required to make restitution to the Unitech MilitiaCorps if a board of inquiry deems the individual negligent, at which time Unitech Directive 17:00:02 mandating conscription servitude becomes immediately effective. Further penalties may be admininstered at the discretion of the Base Commander. 

Excerpt from Base Commander Burrell's Force Review, Mox Taans Herc Base: ""...Damn right I'm calling for further penalties!  This clown made scrap of our best equipment!  I say give him to the Bioderms for an hour, that ought to do it...","Unitech Command Directive: In the event of a loss of all units coupled with insufficient capital to generate new Herc forces, the Herc Commander in charge will be stripped of all titles, remaining capital, and commensurate benefits.  The aforementioned party may be required to make restitution to the Unitech MilitiaCorps if a board of inquiry deems the individual negligent, at which time Unitech Directive 17:00:02 mandating conscription servitude becomes immediately effective. Further penalties may be admininstered at the discretion of the Base Commander. 

Excerpt from Base Commander Burrell's Force Review, Mox Taans Herc Base: ""...I had some high hopes for that one. We're on a critical path here...We're counting on the resources from this system, and we're losing Commanders left and right.  Unitech's invested so deeply in this that we could be ripe for a takeover by a rival Consortium.  Worse than that, the Cybrids could gain enough from this system to launch a counterstrike of their own.","",""
"PROMOTXT.BIN",92,"Unitech Command Directive: In the event of a loss of all units coupled with insufficient capital to generate new Herc forces, the Herc Commander in charge will be stripped of all titles, remaining capital, and commensurate benefits.  The aforementioned party may be required to make restitution to the Unitech MilitiaCorps if a board of inquiry deems the individual negligent, at which time Unitech Directive 17:00:02 mandating conscription servitude becomes immediately effective. Further penalties may be admininstered at the discretion of the Base Commander. 

Excerpt from Base Commander Burrell's Force Review, Mox Taans Herc Base: ""...I had some high hopes for that one. We're on a critical path here...We're counting on the resources from this system, and we're losing Commanders left and right.  Unitech's invested so deeply in this that we could be ripe for a takeover by a rival Consortium.  Worse than that, the Cybrids could gain enough from this system to launch a counterstrike of their own.","Unitech Command Directive: In the event of a loss of all units coupled with insufficient capital to generate new Herc forces, the Herc Commander in charge will be stripped of all titles, remaining capital, and commensurate benefits.  The aforementioned party may be required to make restitution to the Unitech MilitiaCorps if a board of inquiry deems the individual negligent, at which time Unitech Directive 17:00:02 mandating conscription servitude becomes immediately effective. Further penalties may be admininstered at the discretion of the Base Commander. 

Excerpt from Encyclopedia Galactica, volume 5, Disc 8: ""...The Unitech Consortium fell during its attempt to claim the Ionis system.  When the remaining Herc Bases were depleted of offensive capability they fortified their perimeters, anticipating a Cybrid seige.  These bases did not anticipate the integration of Unitech's Main Synthetic Intelligence with Prometheus, the Cybrid central mind.  Armed with all of Unitech's database, the synergistic entity CybridMSI quickly terminated the remaining resistance.  After the destruction of the Mox Taans Herc Base, the Ionis system was placed completely off-limits by the remaining Consortia.","",""
"PROMOTXT.BIN",93,"Unitech Command Directive: In the event of a loss of all units coupled with insufficient capital to generate new Herc forces, the Herc Commander in charge will be stripped of all titles, remaining capital, and commensurate benefits.  The aforementioned party may be required to make restitution to the Unitech MilitiaCorps if a board of inquiry deems the individual negligent, at which time Unitech Directive 17:00:02 mandating conscription servitude becomes immediately effective. Further penalties may be admininstered at the discretion of the Base Commander. 

Excerpt from Encyclopedia Galactica, volume 5, Disc 8: ""...The Unitech Consortium fell during its attempt to claim the Ionis system.  When the remaining Herc Bases were depleted of offensive capability they fortified their perimeters, anticipating a Cybrid seige.  These bases did not anticipate the integration of Unitech's Main Synthetic Intelligence with Prometheus, the Cybrid central mind.  Armed with all of Unitech's database, the synergistic entity CybridMSI quickly terminated the remaining resistance.  After the destruction of the Mox Taans Herc Base, the Ionis system was placed completely off-limits by the remaining Consortia.","CybridMSI intlog66:66:66: Status: Assault: Repelled.  Cybriderm Assimilation: Begin.  HiveMind Base integration: Begin. Unitech (VerminConsortium) Integration: Begin.  Status: Mox Taans Base: Assimilated.  ENDLOG.","",""
"PROMOTXT.BIN",94,"CybridMSI intlog66:66:66: Status: Assault: Repelled.  Cybriderm Assimilation: Begin.  HiveMind Base integration: Begin. Unitech (VerminConsortium) Integration: Begin.  Status: Mox Taans Base: Assimilated.  ENDLOG.","2 ƒ1 Welcome to Unitech. 

1 ƒ0 The purpose of this demonstration is to familiarize you with the corporation you owe your allegiance to.  Pay close attention to this training vid as it will serve to remind you of your obligations and duties.","",""
"PROMOTXT.BIN",95,"2 ƒ1 Welcome to Unitech. 

1 ƒ0 The purpose of this demonstration is to familiarize you with the corporation you owe your allegiance to.  Pay close attention to this training vid as it will serve to remind you of your obligations and duties.","Unitech is a large consortium... what was once called a mega-corporation.  Run by an executive council, Unitech is poised to become the most powerful consortium in existence.  In order to achieve this, we must expand against the Cybrid threat, a mission all consortiums are vying to accomplish.   This is where you come in.","",""
"PROMOTXT.BIN",96,"Unitech is a large consortium... what was once called a mega-corporation.  Run by an executive council, Unitech is poised to become the most powerful consortium in existence.  In order to achieve this, we must expand against the Cybrid threat, a mission all consortiums are vying to accomplish.   This is where you come in.","You are one of many military commanders assigned to this sector.  You will have varying assets at your disposal based, almost exclusively, upon your success.  If you do well, you'll find yourself given greater and greater responsibility.  Even as a new Ensign fresh from the Herc Command Academy, you are expected to know how to control and command your forces on the battlefield.  If you need a refresher, refer to the training vids.  These vids can provide you with basic information regarding maneuver, force management, and tactical applications.","",""
"PROMOTXT.BIN",97,"You are one of many military commanders assigned to this sector.  You will have varying assets at your disposal based, almost exclusively, upon your success.  If you do well, you'll find yourself given greater and greater responsibility.  Even as a new Ensign fresh from the Herc Command Academy, you are expected to know how to control and command your forces on the battlefield.  If you need a refresher, refer to the training vids.  These vids can provide you with basic information regarding maneuver, force management, and tactical applications.","Unitech views you as an investment.  Though in most battles, you will be safely able to direct the battle from within  the Herc Carrier, you are held personally responsible for losses of Unitech equipment.  If you do not show promise quickly, the best you can hope for is a rapid exit from Unitech service.  Unitech does not tolerate failure or inadequacy  in commanders. 

Good luck.","",""
"PROMOTXT.BIN",98,"Unitech views you as an investment.  Though in most battles, you will be safely able to direct the battle from within  the Herc Carrier, you are held personally responsible for losses of Unitech equipment.  If you do not show promise quickly, the best you can hope for is a rapid exit from Unitech service.  Unitech does not tolerate failure or inadequacy  in commanders. 

Good luck.","The Unitech forces in this war are under the direction of a synthetic intelligence, the MSI.  Though not entirely a computer, the MSI is the most powerful thinking machine ever built.  Programmed with the entire history of both warfare  and biogenetic mech-engineering, the MSI directs the entire Unitech military operation with precision and forethought.  All MSI directives are to be considered absolute.","",""
"PROMOTXT.BIN",99,"The Unitech forces in this war are under the direction of a synthetic intelligence, the MSI.  Though not entirely a computer, the MSI is the most powerful thinking machine ever built.  Programmed with the entire history of both warfare  and biogenetic mech-engineering, the MSI directs the entire Unitech military operation with precision and forethought.  All MSI directives are to be considered absolute.","You will be presented with a list of missions to select from while in the Comm Center.  These missions are selected by the MSI and are considered the optimal use of your forces.  You must select from these missions as other missions will not become available until a mission has been completed.  Under the direction of MSI, you will take your forces to many different worlds and world environments.","",""
"PROMOTXT.BIN",100,"You will be presented with a list of missions to select from while in the Comm Center.  These missions are selected by the MSI and are considered the optimal use of your forces.  You must select from these missions as other missions will not become available until a mission has been completed.  Under the direction of MSI, you will take your forces to many different worlds and world environments.","It is important to note that each planet possesses a different atmospheric effect and a unique EMF field that will significantly affect the performance of your forces in battle.  Pay close attention to the effects while reading the mission briefing for the selected mission.  Worlds with high toxicity levels will tend to yield higher bioderm casualty rates, while EMF fields will often make certain systems on your Herc function at a reduced capacity. ","",""
"PROMOTXT.BIN",101,"It is important to note that each planet possesses a different atmospheric effect and a unique EMF field that will significantly affect the performance of your forces in battle.  Pay close attention to the effects while reading the mission briefing for the selected mission.  Worlds with high toxicity levels will tend to yield higher bioderm casualty rates, while EMF fields will often make certain systems on your Herc function at a reduced capacity. ","Once a favorable landing site has been selected, your Herc Carrier, a vessel lent to you by Unitech purely for the purposes of commanding and transporting your forces, will set down at the selected site.  Immediately upon landing, all hercs will be deployed into the surrounding terrain to prevent ambushes by Cybrid forces.  The Herc Carrier, though virtually indestructible, is under Unitech direct command and does not answer to you.  Should the pilot deem departure from a planet's surface necessary, the carrier will launch and leave any still deployed forces behind.  The absence of the Herc Carrier will prevent your units from performing battlefield resupply.","",""
"PROMOTXT.BIN",102,"Once a favorable landing site has been selected, your Herc Carrier, a vessel lent to you by Unitech purely for the purposes of commanding and transporting your forces, will set down at the selected site.  Immediately upon landing, all hercs will be deployed into the surrounding terrain to prevent ambushes by Cybrid forces.  The Herc Carrier, though virtually indestructible, is under Unitech direct command and does not answer to you.  Should the pilot deem departure from a planet's surface necessary, the carrier will launch and leave any still deployed forces behind.  The absence of the Herc Carrier will prevent your units from performing battlefield resupply.","Once all Cybrid forces in the area have been destroyed or forced to flee, the Herc Carrier will return to pick up your survivors.  Though Unitech fleet forces can control the spacelanes of a given system, it is only the line herc forces that can take and hold a planet.  You command a part of those forces... and you will be expected to take and hold many worlds  against the Cybrid presence.  Unitech is counting on you, commander...","",""
"PROMOTXT.BIN",103,"Once all Cybrid forces in the area have been destroyed or forced to flee, the Herc Carrier will return to pick up your survivors.  Though Unitech fleet forces can control the spacelanes of a given system, it is only the line herc forces that can take and hold a planet.  You command a part of those forces... and you will be expected to take and hold many worlds  against the Cybrid presence.  Unitech is counting on you, commander...","Once Cybrid forces are located, MSI will designate the target areas with appropriate missions.  These missions are selected for maximum negative impact on the Cybrid plans.  Keep in mind that the MSI will quickly thin the ranks of failed commanders. ","",""
"PROMOTXT.BIN",104,"Once Cybrid forces are located, MSI will designate the target areas with appropriate missions.  These missions are selected for maximum negative impact on the Cybrid plans.  Keep in mind that the MSI will quickly thin the ranks of failed commanders. ","Within battle, you will control your units via a command interface screen.  This interface is more fully explained in the tutorial  provided to you by Unitech.  Familiarity with all Unitech interface screens in mandatory for all field commanders.  Note the battle sequence below... the herc displayed is a Demon class, available only to a select group of commanders. As you observe the sequence, you'll note how the Demon's shielding can stop many devastating attacks.  The proper focus of shielding and repair technologies are the cornerstones of Herc command. ","",""
"PROMOTXT.BIN",105,"Within battle, you will control your units via a command interface screen.  This interface is more fully explained in the tutorial  provided to you by Unitech.  Familiarity with all Unitech interface screens in mandatory for all field commanders.  Note the battle sequence below... the herc displayed is a Demon class, available only to a select group of commanders. As you observe the sequence, you'll note how the Demon's shielding can stop many devastating attacks.  The proper focus of shielding and repair technologies are the cornerstones of Herc command. ","This display shows three of the most commonplace Cybrid units... the Spectre, the Cerebrus, and the Parasite.  Each of these three has five variants that have been identified, each using more powerful and more dangerous weapons.  Though no Cybrid is harmless, these three are the least deadly foes you will face.","",""
"PROMOTXT.BIN",106,"This display shows three of the most commonplace Cybrid units... the Spectre, the Cerebrus, and the Parasite.  Each of these three has five variants that have been identified, each using more powerful and more dangerous weapons.  Though no Cybrid is harmless, these three are the least deadly foes you will face.","The Spectre is armed with two light energy weapons, often lasers, and two light autocannons.  Without the punch to kill a Herc in one shot, they are only dangerous when encountered in packs.  Be respectful of the Spectre's mobility, though, as it can often circle to get shots on more vulnerable elements of your force.","",""
"PROMOTXT.BIN",107,"The Spectre is armed with two light energy weapons, often lasers, and two light autocannons.  Without the punch to kill a Herc in one shot, they are only dangerous when encountered in packs.  Be respectful of the Spectre's mobility, though, as it can often circle to get shots on more vulnerable elements of your force.","The Cerebrus is a scout Cybrid, equipped with long range sensor equipment and low firepower.  Armed only with two small energy weapons and two light autocannons, it, like the Spectre, is dangerous only in large groups.  However, there are rumors of an experimental model that carries more weaponry, but this has not been confirmed.","",""
"PROMOTXT.BIN",108,"The Cerebrus is a scout Cybrid, equipped with long range sensor equipment and low firepower.  Armed only with two small energy weapons and two light autocannons, it, like the Spectre, is dangerous only in large groups.  However, there are rumors of an experimental model that carries more weaponry, but this has not been confirmed.","The Parasite is a very lightly armored attack Cybrid, often only surviving one or two minutes once the battle is joined. However, the Parasite is armed with two heavy energy weapons and two medium missile systems, giving it tremendous firepower.  This makes the Parasites high priority targets as they can be killed easily and leaving them alive is usually extremely foolish.","",""
"PROMOTXT.BIN",109,"The Parasite is a very lightly armored attack Cybrid, often only surviving one or two minutes once the battle is joined. However, the Parasite is armed with two heavy energy weapons and two medium missile systems, giving it tremendous firepower.  This makes the Parasites high priority targets as they can be killed easily and leaving them alive is usually extremely foolish.","This display shows the three 'medium' Cybrid attack units... the Malignus, the Arachnus, and the Genocite.  As with the lighter Cybrid models, these each have numerous variant models that you are likely to encounter.","",""
"PROMOTXT.BIN",110,"This display shows the three 'medium' Cybrid attack units... the Malignus, the Arachnus, and the Genocite.  As with the lighter Cybrid models, these each have numerous variant models that you are likely to encounter.","The Malignus is the most powerful Cybrid that has been fully studied.  It is armed with four light energy weapons and two heavy missile launchers.  This firepower gives it the ability to drop an opposing shield and then pound the target to scrap with missiles.  MSI strongly recommends avoiding Malignus units when possible.","",""
"PROMOTXT.BIN",111,"The Malignus is the most powerful Cybrid that has been fully studied.  It is armed with four light energy weapons and two heavy missile launchers.  This firepower gives it the ability to drop an opposing shield and then pound the target to scrap with missiles.  MSI strongly recommends avoiding Malignus units when possible.","The Arachnus is a fast attack Cybrid, armed with four light lasers and little else.  The Arachnus is most powerful when paired with a more powerful Cybrid.","",""
"PROMOTXT.BIN",112,"The Arachnus is a fast attack Cybrid, armed with four light lasers and little else.  The Arachnus is most powerful when paired with a more powerful Cybrid.","The Genocite is the workhorse of the Cybrid forces.  They are found on almost every world in significant numbers.  Equipped with two medium energy weapons, two medium autocannons, and two medium missile launchers, the Genocite is a foe to respect... before you destroy it.","",""
"PROMOTXT.BIN",113,"The Genocite is the workhorse of the Cybrid forces.  They are found on almost every world in significant numbers.  Equipped with two medium energy weapons, two medium autocannons, and two medium missile launchers, the Genocite is a foe to respect... before you destroy it.","This display shows Cybrid models that have not yet been analyzed by Unitech scientists.  The smaller one is believed to be some sort of mobile self-destruct mechanism, potentially very dangerous.  The other two may well be heavy Cybrid attack platforms.  If so, they are likely armed with a mixture of heavy and medium weapons.  If you engage any such units, do so with extreme caution.  Unitech will equip you with technology that is sufficient to defeat any Cybrid foe.  It is up to you how to use that technology. ","",""
"PROMOTXT.BIN",114,"This display shows Cybrid models that have not yet been analyzed by Unitech scientists.  The smaller one is believed to be some sort of mobile self-destruct mechanism, potentially very dangerous.  The other two may well be heavy Cybrid attack platforms.  If so, they are likely armed with a mixture of heavy and medium weapons.  If you engage any such units, do so with extreme caution.  Unitech will equip you with technology that is sufficient to defeat any Cybrid foe.  It is up to you how to use that technology. ","This is the Command Center... the heart of the Cybrid forces.  Though difficult to kill, they are the primary targets when there is a Cybrid base present.  Cybrids can be expected to defend this building tenaciously.","",""
"PROMOTXT.BIN",115,"This is the Command Center... the heart of the Cybrid forces.  Though difficult to kill, they are the primary targets when there is a Cybrid base present.  Cybrids can be expected to defend this building tenaciously.","This building is a Cybrid Research Facility.  Though not tactically important, the Cybrids will suffer greatly if they lose too many of these.  The Research Facility is not very heavily armored and is particularly vulnerable to area effect weapons.","",""
"PROMOTXT.BIN",116,"This building is a Cybrid Research Facility.  Though not tactically important, the Cybrids will suffer greatly if they lose too many of these.  The Research Facility is not very heavily armored and is particularly vulnerable to area effect weapons.","The Sensor Array is a critical linchpin in the Cybrid defenses.  While the Sensor Arrays are operating, all active Cybrid forces are much more able to successfully target your Herc forces.  Destroying all the Sensor Arrays should be a primary concern when attacking a Cybrid installation of any kind. ","",""
"PROMOTXT.BIN",117,"The Sensor Array is a critical linchpin in the Cybrid defenses.  While the Sensor Arrays are operating, all active Cybrid forces are much more able to successfully target your Herc forces.  Destroying all the Sensor Arrays should be a primary concern when attacking a Cybrid installation of any kind. ","The Processing Node is one of the most difficult targets to destroy due to the hardened nature of the building.  The Processing Node is used to process ore captured by Cybrid scouts.","",""
"PROMOTXT.BIN",118,"The Processing Node is one of the most difficult targets to destroy due to the hardened nature of the building.  The Processing Node is used to process ore captured by Cybrid scouts.","This is an unknown building.  MSI believes it may be used to construct Cybrids as battlefield response units, but this is unconfirmed.","",""
"PROMOTXT.BIN",119,"This is an unknown building.  MSI believes it may be used to construct Cybrids as battlefield response units, but this is unconfirmed.","The Manufacturing Node is used in the construction of primary Cybrid unit parts.  It is not a tactical consideration, but will be vigorously defended. ","",""
"PROMOTXT.BIN",120,"The Manufacturing Node is used in the construction of primary Cybrid unit parts.  It is not a tactical consideration, but will be vigorously defended. ","This is a turret, equipped with lasers and autocannons.  Many different turret configurations have been encountered... MSI recommends destroying all Cybrids in the area before engaging fixed defenses such as turrets.","",""
"PROMOTXT.BIN",121,"This is a turret, equipped with lasers and autocannons.  Many different turret configurations have been encountered... MSI recommends destroying all Cybrids in the area before engaging fixed defenses such as turrets.","The Missile Platform is potentially even more deadly than the turret.  With a large number of missile launchers, the Missile  Platform can devastate any single target that has had it's shields penetrated during battle. ","",""
"PROMOTXT.BIN",122,"The Missile Platform is potentially even more deadly than the turret.  With a large number of missile launchers, the Missile  Platform can devastate any single target that has had it's shields penetrated during battle. ","","",""
"S1P1.BIN",101,"Rough Ground","Jagged Ground","",""
"S1P1.BIN",102,"Rough Ground","Jagged Ground","",""
"S1P1.BIN",103,"Jagged Ground","Uneven Ground","",""
"S1P1.BIN",104,"Uneven Ground","Level Ground","",""
"S1P1.BIN",105,"Level Ground","Hard Ground","",""
"S1P1.BIN",106,"Level Ground","Hard Ground","",""
"S1P1.BIN",107,"Hard Ground","Level","",""
"S1P1.BIN",108,"Level","Smooth Ground","",""
"S1P1.BIN",109,"Smooth Ground","Uneven Ground","",""
"S1P1.BIN",110,"Smooth Ground","Uneven Ground","",""
"S1P1.BIN",111,"Uneven Ground","Hard Ground","",""
"S1P1.BIN",112,"Uneven Ground","Hard Ground","",""
"S1P1.BIN",113,"Hard Ground","Boulders","",""
"S1P1.BIN",114,"Hard Ground","Boulders","",""
"S1P1.BIN",115,"Hard Ground","Boulders","",""
"S1P1.BIN",117,"Boulders","Boulders","",""
"S1P1.BIN",118,"Boulders","Crater","",""
"S1P1.BIN",119,"Crater","Fossil","",""
"S1P1.BIN",120,"Fossil","Exposed Rock","",""
"S1P1.BIN",121,"Exposed Rock","Pitted Boulder","",""
"S1P1.BIN",122,"Pitted Boulder","Exposed Rock","",""
"S1P1.BIN",123,"Exposed Rock","Boulders","",""
"S1P1.BIN",124,"Boulders","Boulder","",""
"S1P1.BIN",125,"Boulders","Boulder","",""
"S1P1.BIN",126,"Boulder","Pyrite Compound","",""
"S1P1.BIN",127,"Boulder","Pyrite Compound","",""
"S1P1.BIN",128,"Pyrite Compound","Pyrite Compound","",""
"S1P1.BIN",129,"Pyrite Compound","Pyrite Boulder","",""
"S1P1.BIN",130,"Pyrite Boulder","Exposed Rock","",""
"S1P1.BIN",131,"Exposed Rock","Pyrite Nodules","",""
"S1P1.BIN",132,"Pyrite Nodules","Compound Nodules","",""
"S1P1.BIN",133,"Compound Nodules","","",""
"S1P1.BIN",134,"","River","",""
"S1P1.BIN",135,"","River","",""
"S1P1.BIN",136,"","River","",""
"S1P1.BIN",137,"","River","",""
"S1P1.BIN",138,"","River","",""
"S1P1.BIN",139,"","River","",""
"S1P1.BIN",140,"","River","",""
"S1P1.BIN",141,"","River","",""
"S1P1.BIN",142,"","River","",""
"S1P1.BIN",143,"","River","",""
"S1P1.BIN",144,"","River","",""
"S1P1.BIN",145,"","River","",""
"S1P1.BIN",146,"","River","",""
"S1P1.BIN",147,"","River","",""
"S1P1.BIN",148,"","River","",""
"S1P1.BIN",149,"","River","",""
"S1P1.BIN",150,"","River","",""
"S1P1.BIN",151,"","River","",""
"S1P1.BIN",152,"","River","",""
"S1P1.BIN",153,"","River","",""
"S1P1.BIN",154,"","River","",""
"S1P1.BIN",155,"","River","",""
"S1P1.BIN",156,"","River","",""
"S1P1.BIN",157,"","River","",""
"S1P1.BIN",158,"","River","",""
"S1P1.BIN",159,"","River","",""
"S1P1.BIN",160,"","River","",""
"S1P1.BIN",161,"","River","",""
"S1P1.BIN",162,"","River","",""
"S1P1.BIN",163,"","River","",""
"S1P1.BIN",164,"","River","",""
"S1P1.BIN",165,"","River","",""
"S1P1.BIN",166,"","River","",""
"S1P1.BIN",167,"","River","",""
"S1P1.BIN",168,"","River","",""
"S1P1.BIN",169,"","River","",""
"S1P1.BIN",170,"","River","",""
"S1P1.BIN",171,"","River","",""
"S1P1.BIN",172,"","River","",""
"S1P1.BIN",173,"","River","",""
"S1P1.BIN",174,"","River","",""
"S1P1.BIN",175,"","River","",""
"S1P1.BIN",176,"","River","",""
"S1P1.BIN",177,"","River","",""
"S1P1.BIN",178,"","River","",""
"S1P1.BIN",179,"","River","",""
"S1P1.BIN",180,"","River","",""
"S1P1.BIN",181,"River","Ore","",""
"S1P1.BIN",182,"Ore","","",""
"S1P1.BIN",183,"","","",""
"QSTART.BIN",1,"Technology Level 0 ","This is an example of the forces you command at the rank of Ensign.  Herc types include the Shadow and Remora.  All standard weapons and systems are available.","",""
"QSTART.BIN",2,"Technology Level 1 ","This is an example of the forces you command at the rank of Unit Leader.  Tech advances include the Sensei, Ogre, and Giant Hercs.  The standard BGM catalogue becomes available at this rank.","",""
"QSTART.BIN",3,"Technology Level 2 ","This is an example of the forces you command at the rank of Unit Captain.  Tech advances include Nanorepair technology.","",""
"QSTART.BIN",4,"Technology Level 3 ","This is an example of the forces you command at the rank of Squad Leader.  Tech advances include the Demon Herc and Auto-Destruct Devices.","",""
"QSTART.BIN",5,"Technology Level 4 ","This is an example of the forces you command at the rank of Squad Captain.  Tech advances include the Overdrive Node.","",""
"QSTART.BIN",6,"Technology Level 5 ","This is an example of the forces you command at the rank of Squad Commander.  Tech advances include the Light, Medium, and Heavy Particle Guns.","",""
"QSTART.BIN",7,"Technology Level 6 ","This is an example of the forces you command at the rank of Force Leader.  Tech advances include the Reaper Herc and the Improved Ore Extractor.","",""
"QSTART.BIN",8,"Technology Level 7 ","This is an example of the forces you command at the rank of Force Captain.  Tech advances include the AntiGravity Unit.","",""
"QSTART.BIN",9,"Technology Level 8 ","This is an example of the forces you command at the rank of Combat Leader.  Tech advances include the Shield Amplifier.","",""
"QSTART.BIN",10,"Technology Level 9 ","This is an example of the forces you command at the rank of Combat Captain.  Tech advances include the Juggernaut Herc and the Thermal Needler.","",""
"QSTART.BIN",11,"Technology Level 10 ","This is an example of the forces you command at the rank of Combat Commander.  Tech advances include the Sensor Amplifier.","",""
"QSTART.BIN",12,"Technology Level 11 ","This is an example of the forces you command at the rank of Battle Leader.  Tech advances include Compression Blasters.","",""
"QSTART.BIN",13,"Technology Level 12 ","This is an example of the forces you command at the rank of Battle Captain.  Tech advances include the ATN.","",""
"QSTART.BIN",14,"Technology Level 13 ","This is an example of the forces you command at the rank of Herc Commander.  Tech advances include the Rapid Saturation Rocket system and the ATX.","",""
"QSTART.BIN",15,"","Force Level 0 ","",""
"QSTART.BIN",16,"Force Level 0 ","This is an example of the forces you command at the rank of Ensign.  Herc types include the Shadow and Remora.  All standard weapons and systems are available.","",""
"QSTART.BIN",17,"Force Level 1 ","This is an example of the forces you command at the rank of Unit Leader.  Tech advances include the Sensei, Ogre, and Giant Hercs.  The standard BGM catalogue becomes available at this rank.","",""
"QSTART.BIN",18,"Force Level 2 ","This is an example of the forces you command at the rank of Unit Captain.  Tech advances include Compression Lasers, Micromissile Launchers, Ion Reactors, and ProtoNanite Repair.","",""
"QSTART.BIN",19,"Force Level 3 ","This is an example of the forces you command at the rank of Squad Leader.  Tech advances include the Demon Herc, Plasma Cannons, SP2 Heavy Missile Launchers, Matter Conversion Reactors, and Self Detonators.","",""
"QSTART.BIN",20,"Force Level 4 ","This is an example of the forces you command at the rank of Squad Captain.  Tech advances include the PBW, EMP Beamer, ""Devastator"" chain gun, Katyusha-Z Rocket System, 260mm Automortar, Crystal Matrix Sensor, Iridium Containment Batteries, Partial Nanorepair, and Overdrive Node.","",""
"QSTART.BIN",21,"Force Level 5 ","This is an example of the forces you command at the rank of Squad Commander.  Tech advances include the Particle Guns, Chain-ELF, and Scout Omniband Sensor.","",""
"QSTART.BIN",22,"Force Level 6 ","This is an example of the forces you command at the rank of Force Leader.  Tech advances include the Reaper Herc, Saturation missiles, Pulse Lasers, 90mm Accelerator Cannon, SP-X Rapid Missile System, Improved R4, R5, R6 Drive Systems, Improved Ore Extractor, and Enhanced Nanorepair.","",""
"QSTART.BIN",23,"Force Level 7 ","This is an example of the forces you command at the rank of Force Captain.  Tech advances include the Neutron Guns, Hunter-Killer missiles, SE700 Laser Gatling, Plasma Beam, Plasma Mortar, Electronic Image Displacer, Advanced Crystal Matrix Sensor, and the AntiGravity Unit.","",""
"QSTART.BIN",24,"Force Level 8 ","This is an example of the forces you command at the rank of Combat Leader.  Tech advances include the Thermal Lance, Fusion weapons, SP800 Pulse Laser Gatling, True Nanorepair, Improved R1 Drive System, Scout Advanced Omniband Sensor, and the Shield Amplification Crystal.","",""
"QSTART.BIN",25,"Force Level 9 ","This is an example of the forces you command at the rank of Combat Captain.  Tech advances include the Juggernaut Herc, Thermal Needler, Hunter-Killer Rapid Missile System, EMP Blaster, Active Offsource Jamming, and Tru-power Batteries.","",""
"QSTART.BIN",26,"Force Level 10 ","This is an example of the forces you command at the rank of Combat Commander.  Tech advances include the 100mm Accelerator Chain Gun, Heavy Saturation Rocket system, Fusion Mortar, ELF Mortar, Trivate R4, R5, R6 Drive Systems, and Sensor Amplifier.","",""
"QSTART.BIN",27,"Force Level 11 ","This is an example of the forces you command at the rank of Battle Leader.  Tech advances include Compression Blasters, ""HOG"" Missiles, Trivate R4 Drive System, and Nanorepair Glands.","",""
"QSTART.BIN",28,"Force Level 12 ","This is an example of the forces you command at the rank of Battle Captain.  Tech advances include the Fusion Gatling, ATN Autocannon, and Trivate R1 and R2 Drive Systems.","",""
"QSTART.BIN",29,"Force Level 13 ","This is an example of the forces you command at the rank of Herc Commander.  Tech advances include the Rapid Saturation Rocket system, and 280mm ATX.","",""
"QSTART.BIN",30,"","Cybrid Level Easy ","",""
"QSTART.BIN",31,"Cybrid Level Easy ","This mission will occur in an area with minimal Cybrid presence.","",""
"QSTART.BIN",32,"Cybrid Level Medium ","This setting indicates a Cybrid presence of normal parameters.","",""
"QSTART.BIN",33,"Cybrid Level Hard ","This setting presents a more challenging Cybrid presence.","",""
"QSTART.BIN",34,"","Training Mission ","",""
"QSTART.BIN",35,"Training Mission ","The training mission will help you learn how to direct your units.","",""
"QSTART.BIN",36,"Mining Mission ","Mining missions are useful in renewing your financial resources.  Cybrids also mine ore and will move to protect it.","",""
"QSTART.BIN",37,"Military Mission ","A military mission will have one of the following objectives: protect a Herc facility, destroy a Cybrid facility, or search and destroy all Cybrids.","",""
"QSTART.BIN",38,"Elite Military Mission ","There is only one of these missions for each solar system.  Its objective is to destroy the Cybrid Central Command facility for that system.","",""
"QSTART.BIN",39,"","Parsus ","",""
"QSTART.BIN",40,"Parsus ","The atmosphere on Parsus would quickly asphyxiate a Bioderm if Life Support were destroyed. Gravity here is 117%.  Gradual changes in elevation.","",""
"QSTART.BIN",41,"Beran ","A completely developed Terra class world with atmosphere and vegetation. Gravity here is 93%.  Beran's electromagnetic field is beneficial to Bioderms.","",""
"QSTART.BIN",42,"Mardalla ","An iron moon.  Mardalla's atmosphere would soon poison a Bioderm that is not protected by a Life support system.  Gravity here is 50%.","",""
"QSTART.BIN",43,"Tirith ","An airless moon.  Gravity here is 37%.  Tirith's electromagnetic field causes rapid aging of bioderms.","",""
"QSTART.BIN",44,"Brell ","Brell is a completely developed Terra class world with atmosphere and vegetation. Gravity here is 90%.  Brell's electromagnetic field greatly enhances sensors.","",""
"QSTART.BIN",45,"Ora ","An airless moon.  Gravity here is 52%.  Asphyxiation is immediate without Life Support.","",""
"QSTART.BIN",46,"Dirol ","Most of Dirol's surface is covered with ice, possibly composed of frozen methane. Gravity here is 100%.  Asphyxiation is immediate without Life Support. Dirol's electromagnetic field greatly enhances shield effectiveness.","",""
"QSTART.BIN",47,"Hyperion ","Hyperion's volcanic atmosphere will quickly kill a Bioderm without minimal Life Support.  Gravity here is 89%.  Hyperion's electromagnetic field causes rapid aging of bioderms.","",""
"QSTART.BIN",48,"Dorn ","This desert world retains a breathable atmosphere.  Gravity here is 130%.  Dorn's electromagnetic field greatly enhances the effectiveness of sensors.","",""
"QSTART.BIN",49,"Odon ","An almost airless desert moon.  Gravity here is 29%.  Particulate matter in the thin atmosphere renders ballistic weapons useless.  Death is immediate without Life Support.","",""
"QSTART.BIN",50,"Dobo ","Dobo is an airless moon.  Gravity here is 103%.  Asphyxiation is immediate without Life Support. Dobo's electromagnetic field inhibits missile and rocket launch mechanisms.","",""
"QSTART.BIN",51,"Xhiron ","This world is covered with frozen gas glaciers.  Gravity here is 200%.  If Life Support is even damaged, a Bioderm will die quickly.  Xhiron's dense crust makes mining difficult.","",""
"QSTART.BIN",52,"Basmalt ","A small desert moon.  Gravity here is 110%.  If Life Support is damaged, a Bioderm will die quickly.  Basmalt's EM field greatly amplifies the effects of shields.","",""
"QSTART.BIN",53,"Tahn ","Tahn is a large enough moon to retain a sufficient gravity field and a breathable atmosphere. Gravity here is 97%.  Tahn's electromagnetic field greatly amplifies the effects of sensors.","",""
"QSTART.BIN",54,"Kabulov ","Low ridges here stretch for miles.  Gravity here is 44%.  Kabulov's EM field disables anti-grav systems.  If Life Support is destroyed, a Bioderm will die quickly.","",""
"QSTART.BIN",55,"Ursk ","Ursk is covered in a sheet of frozen methane and trace minerals. Gravity here is 63%.  If Life Support is damaged, a Bioderm will die quickly.  This moon's EM field inhibits shields, sensors, and energy-based weapon systems.","",""
"QSTART.BIN",56,"Muynak ","A young volcanic moon.  Gravity here is 33%.  If Life Support is damaged, a Bioderm will die quickly.  The ore on Muynak is readily accessible, making mining easier.","",""
"QSTART.BIN",57,"Morav ","Morav was seen as an ideal colonization site before Cybrid infestation was discovered. In Newspeech, the name ""Morav"" meant ""Paradise.""  Gravity here is 136%.","",""
"QSTART.BIN",58,"Salikh ","Gravity here is 70%.  Particulate matter in the thin atmosphere renders ballistic weapons useless.  Death is immediate without Life Support.","",""
"QSTART.BIN",59,"Praab ","Praab is a tiny jungle moon.  Gravity here is 89%.  This planet's electromagnetic field completely inhibits the use of ELF weapons.","",""
"QSTART.BIN",60,"Gehenna ","The Cybrids' volcanic homeworld.  Gravity here is 213%.  If Life Support is damaged, a Bioderm will die quickly.  Gehenna's EM field severely inhibits explosive effects of area-effect missiles and self-destruct systems.","",""
"QSTART.BIN",61,"Charon ","A volcanic moon of Gehenna.  Gravity here is 33%.  If Life Support is damaged, death is immediate.  Charon's EM field impairs sensors.","",""
"QSTART.BIN",62,"Acheron ","A sulfur moon of Gehenna.  Gravity here is 200%.  If Life Support is even damaged, death is immediate.  Acheron's EM field impairs sensors and computers.","",""
"QSTART.BIN",63,"","","",""
"S1P3.BIN",101,"Jagged Ground","Rough Ground","",""
"S1P3.BIN",102,"Jagged Ground","Rough Ground","",""
"S1P3.BIN",103,"Jagged Ground","Rough Ground","",""
"S1P3.BIN",104,"Jagged Ground","Rough Ground","",""
"S1P3.BIN",105,"Rough Ground","Uneven Ground","",""
"S1P3.BIN",106,"Uneven Ground","Level Ground","",""
"S1P3.BIN",107,"Level Ground","Uneven Ground","",""
"S1P3.BIN",108,"Uneven Ground","Level Ground","",""
"S1P3.BIN",109,"Level Ground","Melted Ground","",""
"S1P3.BIN",110,"Level Ground","Melted Ground","",""
"S1P3.BIN",111,"Melted Ground","Rocks","",""
"S1P3.BIN",112,"Melted Ground","Rocks","",""
"S1P3.BIN",113,"Melted Ground","Rocks","",""
"S1P3.BIN",114,"Melted Ground","Rocks","",""
"S1P3.BIN",115,"Melted Ground","Rocks","",""
"S1P3.BIN",117,"Rocks","Melted Patch","",""
"S1P3.BIN",118,"Melted Patch","Crust","",""
"S1P3.BIN",119,"Crust","Ferrous Rock","",""
"S1P3.BIN",120,"Ferrous Rock","Lichen","",""
"S1P3.BIN",121,"Lichen","Rocks","",""
"S1P3.BIN",122,"Rocks","Ferrous Compound","",""
"S1P3.BIN",123,"Rocks","Ferrous Compound","",""
"S1P3.BIN",124,"Ferrous Compound","Magnetic Nodule","",""
"S1P3.BIN",125,"Magnetic Nodule","Oxidized Metals","",""
"S1P3.BIN",126,"Oxidized Metals","Fossil","",""
"S1P3.BIN",127,"Fossil","Ferrous Compound","",""
"S1P3.BIN",128,"Ferrous Compound","Plant Life","",""
"S1P3.BIN",129,"Plant Life","Boulder","",""
"S1P3.BIN",130,"Plant Life","Boulder","",""
"S1P3.BIN",131,"Plant Life","Boulder","",""
"S1P3.BIN",132,"Plant Life","Boulder","",""
"S1P3.BIN",133,"Boulder","Ferrous Nodules","",""
"S1P3.BIN",134,"Boulder","Ferrous Nodules","",""
"S1P3.BIN",135,"Boulder","Ferrous Nodules","",""
"S1P3.BIN",136,"Boulder","Ferrous Nodules","",""
"S1P3.BIN",137,"Ferrous Nodules","Oxidized Deposits","",""
"S1P3.BIN",138,"Oxidized Deposits","","",""
"S1P3.BIN",139,"","River","",""
"S1P3.BIN",140,"","River","",""
"S1P3.BIN",141,"","River","",""
"S1P3.BIN",142,"","River","",""
"S1P3.BIN",143,"","River","",""
"S1P3.BIN",144,"","River","",""
"S1P3.BIN",145,"","River","",""
"S1P3.BIN",146,"","River","",""
"S1P3.BIN",147,"","River","",""
"S1P3.BIN",148,"","River","",""
"S1P3.BIN",149,"","River","",""
"S1P3.BIN",150,"","River","",""
"S1P3.BIN",151,"","River","",""
"S1P3.BIN",152,"","River","",""
"S1P3.BIN",153,"","River","",""
"S1P3.BIN",154,"","River","",""
"S1P3.BIN",155,"","River","",""
"S1P3.BIN",156,"","River","",""
"S1P3.BIN",157,"","River","",""
"S1P3.BIN",158,"","River","",""
"S1P3.BIN",159,"","River","",""
"S1P3.BIN",160,"","River","",""
"S1P3.BIN",161,"","River","",""
"S1P3.BIN",162,"","River","",""
"S1P3.BIN",163,"","River","",""
"S1P3.BIN",164,"","River","",""
"S1P3.BIN",165,"","River","",""
"S1P3.BIN",166,"","River","",""
"S1P3.BIN",167,"","River","",""
"S1P3.BIN",168,"","River","",""
"S1P3.BIN",169,"","River","",""
"S1P3.BIN",170,"","River","",""
"S1P3.BIN",171,"","River","",""
"S1P3.BIN",172,"","River","",""
"S1P3.BIN",173,"","River","",""
"S1P3.BIN",174,"","River","",""
"S1P3.BIN",175,"","River","",""
"S1P3.BIN",176,"","River","",""
"S1P3.BIN",177,"","River","",""
"S1P3.BIN",178,"","River","",""
"S1P3.BIN",179,"","River","",""
"S1P3.BIN",180,"","River","",""
"S1P3.BIN",181,"River","Ore","",""
"S1P3.BIN",182,"Ore","","",""
"S1P3.BIN",183,"","","",""
"S1P4.BIN",101,"Rough Surface","Jagged Surface","",""
"S1P4.BIN",102,"Jagged Surface","Rough Surface","",""
"S1P4.BIN",103,"Rough Surface","Uneven Surface","",""
"S1P4.BIN",104,"Rough Surface","Uneven Surface","",""
"S1P4.BIN",105,"Rough Surface","Uneven Surface","",""
"S1P4.BIN",106,"Uneven Surface","Level Surface","",""
"S1P4.BIN",107,"Uneven Surface","Level Surface","",""
"S1P4.BIN",108,"Uneven Surface","Level Surface","",""
"S1P4.BIN",109,"Uneven Surface","Level Surface","",""
"S1P4.BIN",110,"Level Surface","Even Surface","",""
"S1P4.BIN",111,"Level Surface","Even Surface","",""
"S1P4.BIN",112,"Even Surface","Smooth Surface","",""
"S1P4.BIN",113,"Smooth Surface","Crater","",""
"S1P4.BIN",114,"Smooth Surface","Crater","",""
"S1P4.BIN",115,"Smooth Surface","Crater","",""
"S1P4.BIN",117,"Crater","Crater","",""
"S1P4.BIN",118,"Crater","Crater","",""
"S1P4.BIN",119,"Crater","Crater","",""
"S1P4.BIN",120,"Crater","Craters","",""
"S1P4.BIN",121,"Craters","Craters","",""
"S1P4.BIN",122,"Craters","Crater","",""
"S1P4.BIN",123,"Crater","Craters","",""
"S1P4.BIN",124,"Craters","Crater","",""
"S1P4.BIN",125,"Crater","Small Crater","",""
"S1P4.BIN",126,"Small Crater","Small Craters","",""
"S1P4.BIN",127,"Small Craters","Crater","",""
"S1P4.BIN",128,"Crater","Crater","",""
"S1P4.BIN",129,"Crater","Small Craters","",""
"S1P4.BIN",130,"Small Craters","Small Craters","",""
"S1P4.BIN",131,"Small Craters","Huge Crater","",""
"S1P4.BIN",132,"Huge Crater","","",""
"S1P4.BIN",133,"","","",""
"S1P4.BIN",134,"","River","",""
"S1P4.BIN",135,"","River","",""
"S1P4.BIN",136,"","River","",""
"S1P4.BIN",137,"","River","",""
"S1P4.BIN",138,"","River","",""
"S1P4.BIN",139,"","River","",""
"S1P4.BIN",140,"","River","",""
"S1P4.BIN",141,"","River","",""
"S1P4.BIN",142,"","River","",""
"S1P4.BIN",143,"","River","",""
"S1P4.BIN",144,"","River","",""
"S1P4.BIN",145,"","River","",""
"S1P4.BIN",146,"","River","",""
"S1P4.BIN",147,"","River","",""
"S1P4.BIN",148,"","River","",""
"S1P4.BIN",149,"","River","",""
"S1P4.BIN",150,"","River","",""
"S1P4.BIN",151,"","River","",""
"S1P4.BIN",152,"","River","",""
"S1P4.BIN",153,"","River","",""
"S1P4.BIN",154,"","River","",""
"S1P4.BIN",155,"","River","",""
"S1P4.BIN",156,"","River","",""
"S1P4.BIN",157,"","River","",""
"S1P4.BIN",158,"","River","",""
"S1P4.BIN",159,"","River","",""
"S1P4.BIN",160,"","River","",""
"S1P4.BIN",161,"","River","",""
"S1P4.BIN",162,"","River","",""
"S1P4.BIN",163,"","River","",""
"S1P4.BIN",164,"","River","",""
"S1P4.BIN",165,"","River","",""
"S1P4.BIN",166,"","River","",""
"S1P4.BIN",167,"","River","",""
"S1P4.BIN",168,"","River","",""
"S1P4.BIN",169,"","River","",""
"S1P4.BIN",170,"","River","",""
"S1P4.BIN",171,"","River","",""
"S1P4.BIN",172,"","River","",""
"S1P4.BIN",173,"","River","",""
"S1P4.BIN",174,"","River","",""
"S1P4.BIN",175,"","River","",""
"S1P4.BIN",176,"","River","",""
"S1P4.BIN",177,"","River","",""
"S1P4.BIN",178,"","River","",""
"S1P4.BIN",179,"","River","",""
"S1P4.BIN",180,"","River","",""
"S1P4.BIN",181,"River","Ore","",""
"S1P4.BIN",182,"Ore","","",""
"S1P4.BIN",183,"","","",""
"S1P5.BIN",101,"Water","Water","",""
"S1P5.BIN",102,"Water","Uneven Ground","",""
"S1P5.BIN",103,"Uneven Ground","Sparse Undergrowth","",""
"S1P5.BIN",104,"Sparse Undergrowth","Dry Grass","",""
"S1P5.BIN",105,"Dry Grass","Grass","",""
"S1P5.BIN",106,"Grass","Undergrowth","",""
"S1P5.BIN",107,"Grass","Undergrowth","",""
"S1P5.BIN",108,"Grass","Undergrowth","",""
"S1P5.BIN",109,"Grass","Undergrowth","",""
"S1P5.BIN",110,"Undergrowth","Dense Undergrowth","",""
"S1P5.BIN",111,"Dense Undergrowth","Undergrowth","",""
"S1P5.BIN",112,"Dense Undergrowth","Undergrowth","",""
"S1P5.BIN",113,"Dense Undergrowth","Undergrowth","",""
"S1P5.BIN",114,"Undergrowth","Jagged Rock","",""
"S1P5.BIN",115,"Jagged Rock","Plants","",""
"S1P5.BIN",117,"Plants","Plants","",""
"S1P5.BIN",118,"Plants","Plants","",""
"S1P5.BIN",119,"Plants","Fused Metals","",""
"S1P5.BIN",120,"Plants","Fused Metals","",""
"S1P5.BIN",121,"Fused Metals","Plants","",""
"S1P5.BIN",122,"Plants","Jewel Plants","",""
"S1P5.BIN",123,"Jewel Plants","Jewel Plants","",""
"S1P5.BIN",124,"Jewel Plants","Giant Mushrooms","",""
"S1P5.BIN",125,"Giant Mushrooms","Exposed Rocks","",""
"S1P5.BIN",126,"Exposed Rocks","Verdanta","",""
"S1P5.BIN",127,"Verdanta","Fronds","",""
"S1P5.BIN",128,"Fronds","Fronds","",""
"S1P5.BIN",129,"Fronds","Ferns","",""
"S1P5.BIN",130,"Fronds","Ferns","",""
"S1P5.BIN",131,"Fronds","Ferns","",""
"S1P5.BIN",132,"Ferns","Tangle Plant","",""
"S1P5.BIN",133,"Tangle Plant","Covered Boulders","",""
"S1P5.BIN",134,"Covered Boulders","Trees","",""
"S1P5.BIN",135,"Covered Boulders","Trees","",""
"S1P5.BIN",136,"Trees","Grassy Hillock","",""
"S1P5.BIN",137,"Trees","Grassy Hillock","",""
"S1P5.BIN",138,"Trees","Grassy Hillock","",""
"S1P5.BIN",139,"Grassy Hillock","Ferns","",""
"S1P5.BIN",140,"Ferns","Covered Boulders","",""
"S1P5.BIN",141,"Covered Boulders","Exposed Rocks","",""
"S1P5.BIN",142,"Exposed Rocks","Hidden Rocks","",""
"S1P5.BIN",143,"Exposed Rocks","Hidden Rocks","",""
"S1P5.BIN",144,"Exposed Rocks","Hidden Rocks","",""
"S1P5.BIN",145,"Hidden Rocks","Exposed Rocks","",""
"S1P5.BIN",146,"Exposed Rocks","Waves","",""
"S1P5.BIN",147,"Waves","Exposed Rocks","",""
"S1P5.BIN",148,"Exposed Rocks","nothing","",""
"S1P5.BIN",149,"Exposed Rocks","nothing","",""
"S1P5.BIN",150,"Exposed Rocks","nothing","",""
"S1P5.BIN",151,"Exposed Rocks","nothing","",""
"S1P5.BIN",152,"Exposed Rocks","nothing","",""
"S1P5.BIN",153,"Exposed Rocks","nothing","",""
"S1P5.BIN",154,"Exposed Rocks","nothing","",""
"S1P5.BIN",155,"Exposed Rocks","nothing","",""
"S1P5.BIN",156,"Exposed Rocks","nothing","",""
"S1P5.BIN",157,"Exposed Rocks","nothing","",""
"S1P5.BIN",158,"Exposed Rocks","nothing","",""
"S1P5.BIN",159,"Exposed Rocks","nothing","",""
"S1P5.BIN",160,"Exposed Rocks","nothing","",""
"S1P5.BIN",161,"nothing","River","",""
"S1P5.BIN",162,"nothing","River","",""
"S1P5.BIN",163,"nothing","River","",""
"S1P5.BIN",164,"nothing","River","",""
"S1P5.BIN",165,"nothing","River","",""
"S1P5.BIN",166,"nothing","River","",""
"S1P5.BIN",167,"nothing","River","",""
"S1P5.BIN",168,"nothing","River","",""
"S1P5.BIN",169,"nothing","River","",""
"S1P5.BIN",170,"nothing","River","",""
"S1P5.BIN",171,"nothing","River","",""
"S1P5.BIN",172,"nothing","River","",""
"S1P5.BIN",173,"nothing","River","",""
"S1P5.BIN",174,"nothing","River","",""
"S1P5.BIN",175,"nothing","River","",""
"S1P5.BIN",176,"nothing","River","",""
"S1P5.BIN",177,"nothing","River","",""
"S1P5.BIN",178,"nothing","River","",""
"S1P5.BIN",179,"nothing","River","",""
"S1P5.BIN",180,"nothing","River","",""
"S1P5.BIN",181,"River","Ore","",""
"S1P5.BIN",182,"Ore","","",""
"S1P5.BIN",183,"","","",""
"S1P7.BIN",101,"Even Ground","Level Ground","",""
"S1P7.BIN",102,"Level Ground","Level Ground","",""
"S1P7.BIN",103,"Level Ground","Frozen Ground","",""
"S1P7.BIN",104,"Level Ground","Frozen Ground","",""
"S1P7.BIN",105,"Frozen Ground","Icy Ground","",""
"S1P7.BIN",106,"Icy Ground","Ice","",""
"S1P7.BIN",107,"Icy Ground","Ice","",""
"S1P7.BIN",108,"Ice","Ice","",""
"S1P7.BIN",109,"Ice","Exposed Rock","",""
"S1P7.BIN",110,"Ice","Exposed Rock","",""
"S1P7.BIN",111,"Ice","Exposed Rock","",""
"S1P7.BIN",112,"Ice","Exposed Rock","",""
"S1P7.BIN",113,"Ice","Exposed Rock","",""
"S1P7.BIN",114,"Ice","Exposed Rock","",""
"S1P7.BIN",115,"Ice","Exposed Rock","",""
"S1P7.BIN",117,"Exposed Rock","Frozen Pool","",""
"S1P7.BIN",118,"Frozen Pool","Exposed Rock","",""
"S1P7.BIN",119,"Frozen Pool","Exposed Rock","",""
"S1P7.BIN",120,"Exposed Rock","Ice Patches","",""
"S1P7.BIN",121,"Exposed Rock","Ice Patches","",""
"S1P7.BIN",122,"Ice Patches","Exposed Rock","",""
"S1P7.BIN",123,"Exposed Rock","Exposed Rock","",""
"S1P7.BIN",124,"Exposed Rock","Snow-covered Rocks","",""
"S1P7.BIN",125,"Snow-covered Rocks","Destroyed Ground","",""
"S1P7.BIN",126,"Destroyed Ground","Snow-covered Rocks","",""
"S1P7.BIN",127,"Snow-covered Rocks","Impact Crater","",""
"S1P7.BIN",128,"Impact Crater","Snow","",""
"S1P7.BIN",129,"Snow","Exposed Rocks","",""
"S1P7.BIN",130,"Exposed Rocks","Frozen Snow","",""
"S1P7.BIN",131,"Frozen Snow","Exposed Rocks","",""
"S1P7.BIN",132,"Exposed Rocks","","",""
"S1P7.BIN",133,"","River","",""
"S1P7.BIN",134,"","River","",""
"S1P7.BIN",135,"","River","",""
"S1P7.BIN",136,"","River","",""
"S1P7.BIN",137,"","River","",""
"S1P7.BIN",138,"","River","",""
"S1P7.BIN",139,"","River","",""
"S1P7.BIN",140,"","River","",""
"S1P7.BIN",141,"","River","",""
"S1P7.BIN",142,"","River","",""
"S1P7.BIN",143,"","River","",""
"S1P7.BIN",144,"","River","",""
"S1P7.BIN",145,"","River","",""
"S1P7.BIN",146,"","River","",""
"S1P7.BIN",147,"","River","",""
"S1P7.BIN",148,"","River","",""
"S1P7.BIN",149,"","River","",""
"S1P7.BIN",150,"","River","",""
"S1P7.BIN",151,"","River","",""
"S1P7.BIN",152,"","River","",""
"S1P7.BIN",153,"","River","",""
"S1P7.BIN",154,"","River","",""
"S1P7.BIN",155,"","River","",""
"S1P7.BIN",156,"","River","",""
"S1P7.BIN",157,"","River","",""
"S1P7.BIN",158,"","River","",""
"S1P7.BIN",159,"","River","",""
"S1P7.BIN",160,"","River","",""
"S1P7.BIN",161,"","River","",""
"S1P7.BIN",162,"","River","",""
"S1P7.BIN",163,"","River","",""
"S1P7.BIN",164,"","River","",""
"S1P7.BIN",165,"","River","",""
"S1P7.BIN",166,"","River","",""
"S1P7.BIN",167,"","River","",""
"S1P7.BIN",168,"","River","",""
"S1P7.BIN",169,"","River","",""
"S1P7.BIN",170,"","River","",""
"S1P7.BIN",171,"","River","",""
"S1P7.BIN",172,"","River","",""
"S1P7.BIN",173,"","River","",""
"S1P7.BIN",174,"","River","",""
"S1P7.BIN",175,"","River","",""
"S1P7.BIN",176,"","River","",""
"S1P7.BIN",177,"","River","",""
"S1P7.BIN",178,"","River","",""
"S1P7.BIN",179,"","River","",""
"S1P7.BIN",180,"","River","",""
"S1P7.BIN",181,"River","Ore","",""
"S1P7.BIN",182,"Ore","","",""
"S1P7.BIN",183,"","","",""
"S1P6.BIN",101,"Uneven Ground","Uneven Ground","",""
"S1P6.BIN",102,"Uneven Ground","Even Ground","",""
"S1P6.BIN",103,"Uneven Ground","Even Ground","",""
"S1P6.BIN",104,"Uneven Ground","Even Ground","",""
"S1P6.BIN",105,"Even Ground","Smooth Ground","",""
"S1P6.BIN",106,"Smooth Ground","Smooth Ground","",""
"S1P6.BIN",107,"Smooth Ground","Even Ground","",""
"S1P6.BIN",108,"Even Ground","Hard Ground","",""
"S1P6.BIN",109,"Hard Ground","Hard Ground","",""
"S1P6.BIN",110,"Hard Ground","Hard Ground","",""
"S1P6.BIN",111,"Hard Ground","Broken Ground","",""
"S1P6.BIN",112,"Broken Ground","Broken Ground","",""
"S1P6.BIN",113,"Broken Ground","Rough Ground","",""
"S1P6.BIN",114,"Rough Ground","Rocks","",""
"S1P6.BIN",115,"Rough Ground","Rocks","",""
"S1P6.BIN",117,"Rocks","Rock","",""
"S1P6.BIN",118,"Rock","Rocks","",""
"S1P6.BIN",119,"Rocks","Exposed Rock","",""
"S1P6.BIN",120,"Exposed Rock","Impact Crater","",""
"S1P6.BIN",121,"Impact Crater","Alkaline Deposits","",""
"S1P6.BIN",122,"Impact Crater","Alkaline Deposits","",""
"S1P6.BIN",123,"Impact Crater","Alkaline Deposits","",""
"S1P6.BIN",124,"Alkaline Deposits","Metallic Clusters","",""
"S1P6.BIN",125,"Metallic Clusters","Cinders","",""
"S1P6.BIN",126,"Cinders","Oxidized Deposits","",""
"S1P6.BIN",127,"Oxidized Deposits","","",""
"S1P6.BIN",128,"","","",""
"S1P6.BIN",129,"","","",""
"S1P6.BIN",130,"","","",""
"S1P6.BIN",131,"","","",""
"S1P6.BIN",132,"","","",""
"S1P6.BIN",133,"","River","",""
"S1P6.BIN",134,"","River","",""
"S1P6.BIN",135,"","River","",""
"S1P6.BIN",136,"","River","",""
"S1P6.BIN",137,"","River","",""
"S1P6.BIN",138,"","River","",""
"S1P6.BIN",139,"","River","",""
"S1P6.BIN",140,"","River","",""
"S1P6.BIN",141,"","River","",""
"S1P6.BIN",142,"","River","",""
"S1P6.BIN",143,"","River","",""
"S1P6.BIN",144,"","River","",""
"S1P6.BIN",145,"","River","",""
"S1P6.BIN",146,"","River","",""
"S1P6.BIN",147,"","River","",""
"S1P6.BIN",148,"","River","",""
"S1P6.BIN",149,"","River","",""
"S1P6.BIN",150,"","River","",""
"S1P6.BIN",151,"","River","",""
"S1P6.BIN",152,"","River","",""
"S1P6.BIN",153,"","River","",""
"S1P6.BIN",154,"","River","",""
"S1P6.BIN",155,"","River","",""
"S1P6.BIN",156,"","River","",""
"S1P6.BIN",157,"","River","",""
"S1P6.BIN",158,"","River","",""
"S1P6.BIN",159,"","River","",""
"S1P6.BIN",160,"","River","",""
"S1P6.BIN",161,"","River","",""
"S1P6.BIN",162,"","River","",""
"S1P6.BIN",163,"","River","",""
"S1P6.BIN",164,"","River","",""
"S1P6.BIN",165,"","River","",""
"S1P6.BIN",166,"","River","",""
"S1P6.BIN",167,"","River","",""
"S1P6.BIN",168,"","River","",""
"S1P6.BIN",169,"","River","",""
"S1P6.BIN",170,"","River","",""
"S1P6.BIN",171,"","River","",""
"S1P6.BIN",172,"","River","",""
"S1P6.BIN",173,"","River","",""
"S1P6.BIN",174,"","River","",""
"S1P6.BIN",175,"","River","",""
"S1P6.BIN",176,"","River","",""
"S1P6.BIN",177,"","River","",""
"S1P6.BIN",178,"","River","",""
"S1P6.BIN",179,"","River","",""
"S1P6.BIN",180,"","River","",""
"S1P6.BIN",181,"River","Ore","",""
"S1P6.BIN",182,"Ore","","",""
"S1P6.BIN",183,"","","",""
"S1P2.BIN",101,"Sand","Sandy Ground","",""
"S1P2.BIN",102,"Sandy Ground","Dead Grass","",""
"S1P2.BIN",103,"Dead Grass","Dry Grass","",""
"S1P2.BIN",104,"Dead Grass","Dry Grass","",""
"S1P2.BIN",105,"Dry Grass","Grass","",""
"S1P2.BIN",106,"Grass","Rock","",""
"S1P2.BIN",107,"Grass","Rock","",""
"S1P2.BIN",108,"Grass","Rock","",""
"S1P2.BIN",109,"Grass","Rock","",""
"S1P2.BIN",110,"Grass","Rock","",""
"S1P2.BIN",111,"Rock","Frozen Ground","",""
"S1P2.BIN",112,"Rock","Frozen Ground","",""
"S1P2.BIN",113,"Frozen Ground","Icy Ground","",""
"S1P2.BIN",114,"Icy Ground","Ice","",""
"S1P2.BIN",115,"Ice","Rocks","",""
"S1P2.BIN",117,"Rocks","Patch","",""
"S1P2.BIN",118,"Patch","Rocks","",""
"S1P2.BIN",119,"Patch","Rocks","",""
"S1P2.BIN",120,"Rocks","Exposed Rock","",""
"S1P2.BIN",121,"Exposed Rock","Obsidian","",""
"S1P2.BIN",122,"Obsidian","Exposed Rock","",""
"S1P2.BIN",123,"Obsidian","Exposed Rock","",""
"S1P2.BIN",124,"Exposed Rock","Rocks","",""
"S1P2.BIN",125,"Rocks","Growth","",""
"S1P2.BIN",126,"Growth","Grassy Patch","",""
"S1P2.BIN",127,"Grassy Patch","Frozen Rocks","",""
"S1P2.BIN",128,"Grassy Patch","Frozen Rocks","",""
"S1P2.BIN",129,"Frozen Rocks","Frozen Patch","",""
"S1P2.BIN",130,"Frozen Patch","Ice Patch","",""
"S1P2.BIN",131,"Ice Patch","Snow","",""
"S1P2.BIN",132,"Snow","Frozen Pools","",""
"S1P2.BIN",133,"Frozen Pools","Cactus","",""
"S1P2.BIN",134,"Cactus","Cacti","",""
"S1P2.BIN",135,"Cacti","Cactus","",""
"S1P2.BIN",136,"Cactus","Huge Boulder","",""
"S1P2.BIN",137,"Huge Boulder","Dead Tree","",""
"S1P2.BIN",138,"Dead Tree","Tree","",""
"S1P2.BIN",139,"Dead Tree","Tree","",""
"S1P2.BIN",140,"Tree","Plant","",""
"S1P2.BIN",141,"Tree","Plant","",""
"S1P2.BIN",142,"Tree","Plant","",""
"S1P2.BIN",143,"Plant","Tree","",""
"S1P2.BIN",144,"Tree","Plant","",""
"S1P2.BIN",145,"Plant","Tree","",""
"S1P2.BIN",146,"Plant","Tree","",""
"S1P2.BIN",147,"Plant","Tree","",""
"S1P2.BIN",148,"Tree","Ice Block","",""
"S1P2.BIN",149,"Tree","Ice Block","",""
"S1P2.BIN",150,"Tree","Ice Block","",""
"S1P2.BIN",151,"Ice Block","Snow covered Tree","",""
"S1P2.BIN",152,"Snow covered Tree","Growth","",""
"S1P2.BIN",153,"Snow covered Tree","Growth","",""
"S1P2.BIN",154,"Growth","Swamp","",""
"S1P2.BIN",155,"Swamp","nothing","",""
"S1P2.BIN",156,"nothing","River","",""
"S1P2.BIN",157,"nothing","River","",""
"S1P2.BIN",158,"nothing","River","",""
"S1P2.BIN",159,"nothing","River","",""
"S1P2.BIN",160,"nothing","River","",""
"S1P2.BIN",161,"nothing","River","",""
"S1P2.BIN",162,"nothing","River","",""
"S1P2.BIN",163,"nothing","River","",""
"S1P2.BIN",164,"nothing","River","",""
"S1P2.BIN",165,"nothing","River","",""
"S1P2.BIN",166,"nothing","River","",""
"S1P2.BIN",167,"nothing","River","",""
"S1P2.BIN",168,"nothing","River","",""
"S1P2.BIN",169,"nothing","River","",""
"S1P2.BIN",170,"nothing","River","",""
"S1P2.BIN",171,"nothing","River","",""
"S1P2.BIN",172,"nothing","River","",""
"S1P2.BIN",173,"nothing","River","",""
"S1P2.BIN",174,"nothing","River","",""
"S1P2.BIN",175,"nothing","River","",""
"S1P2.BIN",176,"nothing","River","",""
"S1P2.BIN",177,"nothing","River","",""
"S1P2.BIN",178,"nothing","River","",""
"S1P2.BIN",179,"nothing","River","",""
"S1P2.BIN",180,"nothing","River","",""
"S1P2.BIN",181,"River","Ore","",""
"S1P2.BIN",182,"Ore","","",""
"S1P2.BIN",183,"","","",""
"S2P1.BIN",101,"Jagged Crust","Uneven Crust","",""
"S2P1.BIN",102,"Jagged Crust","Uneven Crust","",""
"S2P1.BIN",103,"Jagged Crust","Uneven Crust","",""
"S2P1.BIN",104,"Uneven Crust","Uneven Crust","",""
"S2P1.BIN",105,"Uneven Crust","Hardened Lava","",""
"S2P1.BIN",106,"Uneven Crust","Hardened Lava","",""
"S2P1.BIN",107,"Uneven Crust","Hardened Lava","",""
"S2P1.BIN",108,"Hardened Lava","Smooth Crust","",""
"S2P1.BIN",109,"Hardened Lava","Smooth Crust","",""
"S2P1.BIN",110,"Smooth Crust","Cinder Mound","",""
"S2P1.BIN",111,"Smooth Crust","Cinder Mound","",""
"S2P1.BIN",112,"Smooth Crust","Cinder Mound","",""
"S2P1.BIN",113,"Smooth Crust","Cinder Mound","",""
"S2P1.BIN",114,"Smooth Crust","Cinder Mound","",""
"S2P1.BIN",115,"Smooth Crust","Cinder Mound","",""
"S2P1.BIN",117,"Cinder Mound","Lava Pit","",""
"S2P1.BIN",118,"Lava Pit","Exposed Crust","",""
"S2P1.BIN",119,"Exposed Crust","Crusted Cinders","",""
"S2P1.BIN",120,"Exposed Crust","Crusted Cinders","",""
"S2P1.BIN",121,"Crusted Cinders","Lava Rocks","",""
"S2P1.BIN",122,"Lava Rocks","Exposed Crust","",""
"S2P1.BIN",123,"Lava Rocks","Exposed Crust","",""
"S2P1.BIN",124,"Lava Rocks","Exposed Crust","",""
"S2P1.BIN",125,"Lava Rocks","Exposed Crust","",""
"S2P1.BIN",126,"Lava Rocks","Exposed Crust","",""
"S2P1.BIN",127,"Exposed Crust","Fused Crust","",""
"S2P1.BIN",128,"Fused Crust","Cinder Cone","",""
"S2P1.BIN",129,"Fused Crust","Cinder Cone","",""
"S2P1.BIN",130,"Cinder Cone","Sulfur Cone","",""
"S2P1.BIN",131,"Cinder Cone","Sulfur Cone","",""
"S2P1.BIN",132,"Cinder Cone","Sulfur Cone","",""
"S2P1.BIN",133,"Sulfur Cone","Lava Bubble","",""
"S2P1.BIN",134,"Lava Bubble","Lava Formation","",""
"S2P1.BIN",135,"Lava Formation","Lava Bubble","",""
"S2P1.BIN",136,"Lava Bubble","Lava Rocks","",""
"S2P1.BIN",137,"Lava Rocks","","",""
"S2P1.BIN",138,"","River","",""
"S2P1.BIN",139,"","River","",""
"S2P1.BIN",140,"","River","",""
"S2P1.BIN",141,"","River","",""
"S2P1.BIN",142,"","River","",""
"S2P1.BIN",143,"","River","",""
"S2P1.BIN",144,"","River","",""
"S2P1.BIN",145,"","River","",""
"S2P1.BIN",146,"","River","",""
"S2P1.BIN",147,"","River","",""
"S2P1.BIN",148,"","River","",""
"S2P1.BIN",149,"","River","",""
"S2P1.BIN",150,"","River","",""
"S2P1.BIN",151,"","River","",""
"S2P1.BIN",152,"","River","",""
"S2P1.BIN",153,"","River","",""
"S2P1.BIN",154,"","River","",""
"S2P1.BIN",155,"","River","",""
"S2P1.BIN",156,"","River","",""
"S2P1.BIN",157,"","River","",""
"S2P1.BIN",158,"","River","",""
"S2P1.BIN",159,"","River","",""
"S2P1.BIN",160,"","River","",""
"S2P1.BIN",161,"","River","",""
"S2P1.BIN",162,"","River","",""
"S2P1.BIN",163,"","River","",""
"S2P1.BIN",164,"","River","",""
"S2P1.BIN",165,"","River","",""
"S2P1.BIN",166,"","River","",""
"S2P1.BIN",167,"","River","",""
"S2P1.BIN",168,"","River","",""
"S2P1.BIN",169,"","River","",""
"S2P1.BIN",170,"","River","",""
"S2P1.BIN",171,"","River","",""
"S2P1.BIN",172,"","River","",""
"S2P1.BIN",173,"","River","",""
"S2P1.BIN",174,"","River","",""
"S2P1.BIN",175,"","River","",""
"S2P1.BIN",176,"","River","",""
"S2P1.BIN",177,"","River","",""
"S2P1.BIN",178,"","River","",""
"S2P1.BIN",179,"","River","",""
"S2P1.BIN",180,"","River","",""
"S2P1.BIN",181,"River","Ore","",""
"S2P1.BIN",182,"Ore","","",""
"S2P1.BIN",183,"","","",""
"S2P2.BIN",101,"Sand","Crusted Sand","",""
"S2P2.BIN",102,"Crusted Sand","Flat Rock","",""
"S2P2.BIN",103,"Flat Rock","Level Ground","",""
"S2P2.BIN",104,"Flat Rock","Level Ground","",""
"S2P2.BIN",105,"Level Ground","Uneven Ground","",""
"S2P2.BIN",106,"Level Ground","Uneven Ground","",""
"S2P2.BIN",107,"Level Ground","Uneven Ground","",""
"S2P2.BIN",108,"Uneven Ground","Level Ground","",""
"S2P2.BIN",109,"Level Ground","Rough Ground","",""
"S2P2.BIN",110,"Level Ground","Rough Ground","",""
"S2P2.BIN",111,"Level Ground","Rough Ground","",""
"S2P2.BIN",112,"Rough Ground","Rocky Ground","",""
"S2P2.BIN",113,"Rocky Ground","Frozen Ground","",""
"S2P2.BIN",114,"Frozen Ground","Icy Ground","",""
"S2P2.BIN",115,"Icy Ground","Fungal Growth","",""
"S2P2.BIN",117,"Fungal Growth","Exposed Stone","",""
"S2P2.BIN",118,"Exposed Stone","Sand Crusts","",""
"S2P2.BIN",119,"Sand Crusts","Clump","",""
"S2P2.BIN",120,"Clump","Rock","",""
"S2P2.BIN",121,"Rock","Rocks","",""
"S2P2.BIN",122,"Rocks","Impact Crater","",""
"S2P2.BIN",123,"Impact Crater","Rocks","",""
"S2P2.BIN",124,"Rocks","Sand Crust","",""
"S2P2.BIN",125,"Sand Crust","Organic Matter","",""
"S2P2.BIN",126,"Organic Matter","Crust","",""
"S2P2.BIN",127,"Crust","Organic Matter","",""
"S2P2.BIN",128,"Organic Matter","Sand Crater","",""
"S2P2.BIN",129,"Sand Crater","Fossil","",""
"S2P2.BIN",130,"Fossil","Amber","",""
"S2P2.BIN",131,"Amber","Plant","",""
"S2P2.BIN",132,"Plant","Tree","",""
"S2P2.BIN",133,"Tree","Boulders","",""
"S2P2.BIN",134,"Boulders","Tree","",""
"S2P2.BIN",135,"Tree","Tree","",""
"S2P2.BIN",136,"Tree","Dune","",""
"S2P2.BIN",137,"Dune","Mound","",""
"S2P2.BIN",138,"Mound","","",""
"S2P2.BIN",139,"","River","",""
"S2P2.BIN",140,"","River","",""
"S2P2.BIN",141,"","River","",""
"S2P2.BIN",142,"","River","",""
"S2P2.BIN",143,"","River","",""
"S2P2.BIN",144,"","River","",""
"S2P2.BIN",145,"","River","",""
"S2P2.BIN",146,"","River","",""
"S2P2.BIN",147,"","River","",""
"S2P2.BIN",148,"","River","",""
"S2P2.BIN",149,"","River","",""
"S2P2.BIN",150,"","River","",""
"S2P2.BIN",151,"","River","",""
"S2P2.BIN",152,"","River","",""
"S2P2.BIN",153,"","River","",""
"S2P2.BIN",154,"","River","",""
"S2P2.BIN",155,"","River","",""
"S2P2.BIN",156,"","River","",""
"S2P2.BIN",157,"","River","",""
"S2P2.BIN",158,"","River","",""
"S2P2.BIN",159,"","River","",""
"S2P2.BIN",160,"","River","",""
"S2P2.BIN",161,"","River","",""
"S2P2.BIN",162,"","River","",""
"S2P2.BIN",163,"","River","",""
"S2P2.BIN",164,"","River","",""
"S2P2.BIN",165,"","River","",""
"S2P2.BIN",166,"","River","",""
"S2P2.BIN",167,"","River","",""
"S2P2.BIN",168,"","River","",""
"S2P2.BIN",169,"","River","",""
"S2P2.BIN",170,"","River","",""
"S2P2.BIN",171,"","River","",""
"S2P2.BIN",172,"","River","",""
"S2P2.BIN",173,"","River","",""
"S2P2.BIN",174,"","River","",""
"S2P2.BIN",175,"","River","",""
"S2P2.BIN",176,"","River","",""
"S2P2.BIN",177,"","River","",""
"S2P2.BIN",178,"","River","",""
"S2P2.BIN",179,"","River","",""
"S2P2.BIN",180,"","River","",""
"S2P2.BIN",181,"River","Ore","",""
"S2P2.BIN",182,"Ore","","",""
"S2P2.BIN",183,"","","",""
"S2P3.BIN",101,"Uneven Ground","Flat Rock","",""
"S2P3.BIN",102,"Uneven Ground","Flat Rock","",""
"S2P3.BIN",103,"Uneven Ground","Flat Rock","",""
"S2P3.BIN",104,"Uneven Ground","Flat Rock","",""
"S2P3.BIN",105,"Uneven Ground","Flat Rock","",""
"S2P3.BIN",106,"Uneven Ground","Flat Rock","",""
"S2P3.BIN",107,"Flat Rock","Rough Ground","",""
"S2P3.BIN",108,"Flat Rock","Rough Ground","",""
"S2P3.BIN",109,"Flat Rock","Rough Ground","",""
"S2P3.BIN",110,"Rough Ground","Jagged Ground","",""
"S2P3.BIN",111,"Jagged Ground","Crusted Sand","",""
"S2P3.BIN",112,"Crusted Sand","Cracked Sand","",""
"S2P3.BIN",113,"Cracked Sand","Sandy Ground","",""
"S2P3.BIN",114,"Sandy Ground","Sand","",""
"S2P3.BIN",115,"Sand","Pyrite Compound","",""
"S2P3.BIN",117,"Pyrite Compound","Rocks","",""
"S2P3.BIN",118,"Rocks","Fossil","",""
"S2P3.BIN",119,"Fossil","Sandstone","",""
"S2P3.BIN",120,"Sandstone","Pyrite Compound","",""
"S2P3.BIN",121,"Pyrite Compound","Crust","",""
"S2P3.BIN",122,"Crust","Fossil","",""
"S2P3.BIN",123,"Fossil","Rocks","",""
"S2P3.BIN",124,"Rocks","Pyrite Compound","",""
"S2P3.BIN",125,"Pyrite Compound","Pyrite Mound","",""
"S2P3.BIN",126,"Pyrite Mound","Rock","",""
"S2P3.BIN",127,"Rock","Fossil","",""
"S2P3.BIN",128,"Fossil","Tree","",""
"S2P3.BIN",129,"Fossil","Tree","",""
"S2P3.BIN",130,"Fossil","Tree","",""
"S2P3.BIN",131,"Fossil","Tree","",""
"S2P3.BIN",132,"Tree","Plant","",""
"S2P3.BIN",133,"Plant","Tree","",""
"S2P3.BIN",134,"Tree","Boulder","",""
"S2P3.BIN",135,"Boulder","Alkaline Deposits","",""
"S2P3.BIN",136,"Boulder","Alkaline Deposits","",""
"S2P3.BIN",137,"Boulder","Alkaline Deposits","",""
"S2P3.BIN",138,"Alkaline Deposits","Exposed Metals","",""
"S2P3.BIN",139,"Exposed Metals","Calcium Deposits","",""
"S2P3.BIN",140,"Calcium Deposits","Fossils","",""
"S2P3.BIN",141,"Fossils","nothing","",""
"S2P3.BIN",142,"nothing","River","",""
"S2P3.BIN",143,"nothing","River","",""
"S2P3.BIN",144,"nothing","River","",""
"S2P3.BIN",145,"nothing","River","",""
"S2P3.BIN",146,"nothing","River","",""
"S2P3.BIN",147,"nothing","River","",""
"S2P3.BIN",148,"nothing","River","",""
"S2P3.BIN",149,"nothing","River","",""
"S2P3.BIN",150,"nothing","River","",""
"S2P3.BIN",151,"nothing","River","",""
"S2P3.BIN",152,"nothing","River","",""
"S2P3.BIN",153,"nothing","River","",""
"S2P3.BIN",154,"nothing","River","",""
"S2P3.BIN",155,"nothing","River","",""
"S2P3.BIN",156,"nothing","River","",""
"S2P3.BIN",157,"nothing","River","",""
"S2P3.BIN",158,"nothing","River","",""
"S2P3.BIN",159,"nothing","River","",""
"S2P3.BIN",160,"nothing","River","",""
"S2P3.BIN",161,"nothing","River","",""
"S2P3.BIN",162,"nothing","River","",""
"S2P3.BIN",163,"nothing","River","",""
"S2P3.BIN",164,"nothing","River","",""
"S2P3.BIN",165,"nothing","River","",""
"S2P3.BIN",166,"nothing","River","",""
"S2P3.BIN",167,"nothing","River","",""
"S2P3.BIN",168,"nothing","River","",""
"S2P3.BIN",169,"nothing","River","",""
"S2P3.BIN",170,"nothing","River","",""
"S2P3.BIN",171,"nothing","River","",""
"S2P3.BIN",172,"nothing","River","",""
"S2P3.BIN",173,"nothing","River","",""
"S2P3.BIN",174,"nothing","River","",""
"S2P3.BIN",175,"nothing","River","",""
"S2P3.BIN",176,"nothing","River","",""
"S2P3.BIN",177,"nothing","River","",""
"S2P3.BIN",178,"nothing","River","",""
"S2P3.BIN",179,"nothing","River","",""
"S2P3.BIN",180,"nothing","River","",""
"S2P3.BIN",181,"River","Ore","",""
"S2P3.BIN",182,"Ore","","",""
"S2P3.BIN",183,"","","",""
"S2P4.BIN",101,"Uneven Ground","Uneven Ground","",""
"S2P4.BIN",102,"Uneven Ground","Even Ground","",""
"S2P4.BIN",103,"Uneven Ground","Even Ground","",""
"S2P4.BIN",104,"Uneven Ground","Even Ground","",""
"S2P4.BIN",105,"Even Ground","Smooth Ground","",""
"S2P4.BIN",106,"Smooth Ground","Smooth Ground","",""
"S2P4.BIN",107,"Smooth Ground","Even Ground","",""
"S2P4.BIN",108,"Even Ground","Hard Ground","",""
"S2P4.BIN",109,"Hard Ground","Hard Ground","",""
"S2P4.BIN",110,"Hard Ground","Hard Ground","",""
"S2P4.BIN",111,"Hard Ground","Rough Ground","",""
"S2P4.BIN",112,"Rough Ground","Rough Ground","",""
"S2P4.BIN",113,"Rough Ground","Jagged Ground","",""
"S2P4.BIN",114,"Jagged Ground","Rocks","",""
"S2P4.BIN",115,"Jagged Ground","Rocks","",""
"S2P4.BIN",117,"Rocks","Rock","",""
"S2P4.BIN",118,"Rock","Rocks","",""
"S2P4.BIN",119,"Rocks","Impact Crater","",""
"S2P4.BIN",120,"Impact Crater","Organic Deposit","",""
"S2P4.BIN",121,"Impact Crater","Organic Deposit","",""
"S2P4.BIN",122,"Impact Crater","Organic Deposit","",""
"S2P4.BIN",123,"Impact Crater","Organic Deposit","",""
"S2P4.BIN",124,"Organic Deposit","Fused Ground","",""
"S2P4.BIN",125,"Fused Ground","Fused Crater","",""
"S2P4.BIN",126,"Fused Crater","Fossils","",""
"S2P4.BIN",127,"Fossils","Fused Nodules","",""
"S2P4.BIN",128,"Fused Nodules","Rock","",""
"S2P4.BIN",129,"Rock","Impact Crater","",""
"S2P4.BIN",130,"Impact Crater","Alkaline Deposits","",""
"S2P4.BIN",131,"Alkaline Deposits","Exposed Metals","",""
"S2P4.BIN",132,"Exposed Metals","Cinders","",""
"S2P4.BIN",133,"Cinders","Oxidized Deposits","",""
"S2P4.BIN",134,"Oxidized Deposits","","",""
"S2P4.BIN",135,"","River","",""
"S2P4.BIN",136,"","River","",""
"S2P4.BIN",137,"","River","",""
"S2P4.BIN",138,"","River","",""
"S2P4.BIN",139,"","River","",""
"S2P4.BIN",140,"","River","",""
"S2P4.BIN",141,"","River","",""
"S2P4.BIN",142,"","River","",""
"S2P4.BIN",143,"","River","",""
"S2P4.BIN",144,"","River","",""
"S2P4.BIN",145,"","River","",""
"S2P4.BIN",146,"","River","",""
"S2P4.BIN",147,"","River","",""
"S2P4.BIN",148,"","River","",""
"S2P4.BIN",149,"","River","",""
"S2P4.BIN",150,"","River","",""
"S2P4.BIN",151,"","River","",""
"S2P4.BIN",152,"","River","",""
"S2P4.BIN",153,"","River","",""
"S2P4.BIN",154,"","River","",""
"S2P4.BIN",155,"","River","",""
"S2P4.BIN",156,"","River","",""
"S2P4.BIN",157,"","River","",""
"S2P4.BIN",158,"","River","",""
"S2P4.BIN",159,"","River","",""
"S2P4.BIN",160,"","River","",""
"S2P4.BIN",161,"","River","",""
"S2P4.BIN",162,"","River","",""
"S2P4.BIN",163,"","River","",""
"S2P4.BIN",164,"","River","",""
"S2P4.BIN",165,"","River","",""
"S2P4.BIN",166,"","River","",""
"S2P4.BIN",167,"","River","",""
"S2P4.BIN",168,"","River","",""
"S2P4.BIN",169,"","River","",""
"S2P4.BIN",170,"","River","",""
"S2P4.BIN",171,"","River","",""
"S2P4.BIN",172,"","River","",""
"S2P4.BIN",173,"","River","",""
"S2P4.BIN",174,"","River","",""
"S2P4.BIN",175,"","River","",""
"S2P4.BIN",176,"","River","",""
"S2P4.BIN",177,"","River","",""
"S2P4.BIN",178,"","River","",""
"S2P4.BIN",179,"","River","",""
"S2P4.BIN",180,"","River","",""
"S2P4.BIN",181,"River","Ore","",""
"S2P4.BIN",182,"Ore","","",""
"S2P4.BIN",183,"","","",""
"S2P5.BIN",101,"Even Ground","Level Ground","",""
"S2P5.BIN",102,"Level Ground","Level Ground","",""
"S2P5.BIN",103,"Level Ground","Frozen Ground","",""
"S2P5.BIN",104,"Level Ground","Frozen Ground","",""
"S2P5.BIN",105,"Frozen Ground","Icy Ground","",""
"S2P5.BIN",106,"Icy Ground","Frozen Methane","",""
"S2P5.BIN",107,"Icy Ground","Frozen Methane","",""
"S2P5.BIN",108,"Frozen Methane","Frozen Rocks","",""
"S2P5.BIN",109,"Frozen Methane","Frozen Rocks","",""
"S2P5.BIN",110,"Frozen Methane","Frozen Rocks","",""
"S2P5.BIN",111,"Frozen Methane","Frozen Rocks","",""
"S2P5.BIN",112,"Frozen Methane","Frozen Rocks","",""
"S2P5.BIN",113,"Frozen Methane","Frozen Rocks","",""
"S2P5.BIN",114,"Frozen Methane","Frozen Rocks","",""
"S2P5.BIN",115,"Frozen Methane","Frozen Rocks","",""
"S2P5.BIN",117,"Frozen Rocks","Rocks","",""
"S2P5.BIN",118,"Frozen Rocks","Rocks","",""
"S2P5.BIN",119,"Frozen Rocks","Rocks","",""
"S2P5.BIN",120,"Frozen Rocks","Rocks","",""
"S2P5.BIN",121,"Rocks","Exposed Rocks","",""
"S2P5.BIN",122,"Rocks","Exposed Rocks","",""
"S2P5.BIN",123,"Exposed Rocks","Fused Crater","",""
"S2P5.BIN",124,"Exposed Rocks","Fused Crater","",""
"S2P5.BIN",125,"Exposed Rocks","Fused Crater","",""
"S2P5.BIN",126,"Fused Crater","Organic Matter","",""
"S2P5.BIN",127,"Organic Matter","Rock Bubble","",""
"S2P5.BIN",128,"Rock Bubble","Exposed Ground","",""
"S2P5.BIN",129,"Exposed Ground","Exposed Rocks","",""
"S2P5.BIN",130,"Exposed Rocks","Obsidian","",""
"S2P5.BIN",131,"Obsidian","","",""
"S2P5.BIN",132,"","","",""
"S2P5.BIN",133,"","River","",""
"S2P5.BIN",134,"","River","",""
"S2P5.BIN",135,"","River","",""
"S2P5.BIN",136,"","River","",""
"S2P5.BIN",137,"","River","",""
"S2P5.BIN",138,"","River","",""
"S2P5.BIN",139,"","River","",""
"S2P5.BIN",140,"","River","",""
"S2P5.BIN",141,"","River","",""
"S2P5.BIN",142,"","River","",""
"S2P5.BIN",143,"","River","",""
"S2P5.BIN",144,"","River","",""
"S2P5.BIN",145,"","River","",""
"S2P5.BIN",146,"","River","",""
"S2P5.BIN",147,"","River","",""
"S2P5.BIN",148,"","River","",""
"S2P5.BIN",149,"","River","",""
"S2P5.BIN",150,"","River","",""
"S2P5.BIN",151,"","River","",""
"S2P5.BIN",152,"","River","",""
"S2P5.BIN",153,"","River","",""
"S2P5.BIN",154,"","River","",""
"S2P5.BIN",155,"","River","",""
"S2P5.BIN",156,"","River","",""
"S2P5.BIN",157,"","River","",""
"S2P5.BIN",158,"","River","",""
"S2P5.BIN",159,"","River","",""
"S2P5.BIN",160,"","River","",""
"S2P5.BIN",161,"","River","",""
"S2P5.BIN",162,"","River","",""
"S2P5.BIN",163,"","River","",""
"S2P5.BIN",164,"","River","",""
"S2P5.BIN",165,"","River","",""
"S2P5.BIN",166,"","River","",""
"S2P5.BIN",167,"","River","",""
"S2P5.BIN",168,"","River","",""
"S2P5.BIN",169,"","River","",""
"S2P5.BIN",170,"","River","",""
"S2P5.BIN",171,"","River","",""
"S2P5.BIN",172,"","River","",""
"S2P5.BIN",173,"","River","",""
"S2P5.BIN",174,"","River","",""
"S2P5.BIN",175,"","River","",""
"S2P5.BIN",176,"","River","",""
"S2P5.BIN",177,"","River","",""
"S2P5.BIN",178,"","River","",""
"S2P5.BIN",179,"","River","",""
"S2P5.BIN",180,"","River","",""
"S2P5.BIN",181,"River","Ore","",""
"S2P5.BIN",182,"Ore","","",""
"S2P5.BIN",183,"","","",""
"S2P6.BIN",101,"Sand","Crusted Sand","",""
"S2P6.BIN",102,"Crusted Sand","Flat Rock","",""
"S2P6.BIN",103,"Flat Rock","Level Ground","",""
"S2P6.BIN",104,"Flat Rock","Level Ground","",""
"S2P6.BIN",105,"Level Ground","Uneven Ground","",""
"S2P6.BIN",106,"Level Ground","Uneven Ground","",""
"S2P6.BIN",107,"Level Ground","Uneven Ground","",""
"S2P6.BIN",108,"Uneven Ground","Level Ground","",""
"S2P6.BIN",109,"Level Ground","Rough Ground","",""
"S2P6.BIN",110,"Level Ground","Rough Ground","",""
"S2P6.BIN",111,"Level Ground","Rough Ground","",""
"S2P6.BIN",112,"Rough Ground","Rocky Ground","",""
"S2P6.BIN",113,"Rocky Ground","Frozen Ground","",""
"S2P6.BIN",114,"Frozen Ground","Icy Ground","",""
"S2P6.BIN",115,"Icy Ground","Fissure","",""
"S2P6.BIN",117,"Fissure","Fissures","",""
"S2P6.BIN",118,"Fissures","Crust","",""
"S2P6.BIN",119,"Crust","Sulfur Pit","",""
"S2P6.BIN",120,"Sulfur Pit","Metal Nodule","",""
"S2P6.BIN",121,"Metal Nodule","Oxidized Rock","",""
"S2P6.BIN",122,"Oxidized Rock","Oxidation","",""
"S2P6.BIN",123,"Oxidation","Oxidized Metal","",""
"S2P6.BIN",124,"Oxidized Metal","Fused Nodules","",""
"S2P6.BIN",125,"Fused Nodules","Artifact","",""
"S2P6.BIN",126,"Artifact","Impact Crater","",""
"S2P6.BIN",127,"Impact Crater","Hole","",""
"S2P6.BIN",128,"Hole","Organic Deposit","",""
"S2P6.BIN",129,"Organic Deposit","Exposed Rock","",""
"S2P6.BIN",130,"Exposed Rock","Exposed Pyrite","",""
"S2P6.BIN",131,"Exposed Rock","Exposed Pyrite","",""
"S2P6.BIN",132,"Exposed Pyrite","Sulfur Deposits","",""
"S2P6.BIN",133,"Sulfur Deposits","Exposed Metals","",""
"S2P6.BIN",134,"Exposed Metals","Oxidized Metals","",""
"S2P6.BIN",135,"Oxidized Metals","nothing","",""
"S2P6.BIN",136,"nothing","River","",""
"S2P6.BIN",137,"nothing","River","",""
"S2P6.BIN",138,"nothing","River","",""
"S2P6.BIN",139,"nothing","River","",""
"S2P6.BIN",140,"nothing","River","",""
"S2P6.BIN",141,"nothing","River","",""
"S2P6.BIN",142,"nothing","River","",""
"S2P6.BIN",143,"nothing","River","",""
"S2P6.BIN",144,"nothing","River","",""
"S2P6.BIN",145,"nothing","River","",""
"S2P6.BIN",146,"nothing","River","",""
"S2P6.BIN",147,"nothing","River","",""
"S2P6.BIN",148,"nothing","River","",""
"S2P6.BIN",149,"nothing","River","",""
"S2P6.BIN",150,"nothing","River","",""
"S2P6.BIN",151,"nothing","River","",""
"S2P6.BIN",152,"nothing","River","",""
"S2P6.BIN",153,"nothing","River","",""
"S2P6.BIN",154,"nothing","River","",""
"S2P6.BIN",155,"nothing","River","",""
"S2P6.BIN",156,"nothing","River","",""
"S2P6.BIN",157,"nothing","River","",""
"S2P6.BIN",158,"nothing","River","",""
"S2P6.BIN",159,"nothing","River","",""
"S2P6.BIN",160,"nothing","River","",""
"S2P6.BIN",161,"nothing","River","",""
"S2P6.BIN",162,"nothing","River","",""
"S2P6.BIN",163,"nothing","River","",""
"S2P6.BIN",164,"nothing","River","",""
"S2P6.BIN",165,"nothing","River","",""
"S2P6.BIN",166,"nothing","River","",""
"S2P6.BIN",167,"nothing","River","",""
"S2P6.BIN",168,"nothing","River","",""
"S2P6.BIN",169,"nothing","River","",""
"S2P6.BIN",170,"nothing","River","",""
"S2P6.BIN",171,"nothing","River","",""
"S2P6.BIN",172,"nothing","River","",""
"S2P6.BIN",173,"nothing","River","",""
"S2P6.BIN",174,"nothing","River","",""
"S2P6.BIN",175,"nothing","River","",""
"S2P6.BIN",176,"nothing","River","",""
"S2P6.BIN",177,"nothing","River","",""
"S2P6.BIN",178,"nothing","River","",""
"S2P6.BIN",179,"nothing","River","",""
"S2P6.BIN",180,"nothing","River","",""
"S2P6.BIN",181,"River","Ore","",""
"S2P6.BIN",182,"Ore","","",""
"S2P6.BIN",183,"","","",""
"S2P8.BIN",101,"Rough Ground","Rough Ground","",""
"S2P8.BIN",102,"Rough Ground","Uneven Ground","",""
"S2P8.BIN",103,"Uneven Ground","Uneven Ground","",""
"S2P8.BIN",104,"Uneven Ground","Level Ground","",""
"S2P8.BIN",105,"Uneven Ground","Level Ground","",""
"S2P8.BIN",106,"Uneven Ground","Level Ground","",""
"S2P8.BIN",107,"Uneven Ground","Level Ground","",""
"S2P8.BIN",108,"Level Ground","Rough Ground","",""
"S2P8.BIN",109,"Rough Ground","Uneven Ground","",""
"S2P8.BIN",110,"Rough Ground","Uneven Ground","",""
"S2P8.BIN",111,"Rough Ground","Uneven Ground","",""
"S2P8.BIN",112,"Rough Ground","Uneven Ground","",""
"S2P8.BIN",113,"Rough Ground","Uneven Ground","",""
"S2P8.BIN",114,"Rough Ground","Uneven Ground","",""
"S2P8.BIN",115,"Uneven Ground","Rocks","",""
"S2P8.BIN",117,"Rocks","Impact Crater","",""
"S2P8.BIN",118,"Impact Crater","Exposed Flow","",""
"S2P8.BIN",119,"Exposed Flow","Crater","",""
"S2P8.BIN",120,"Exposed Flow","Crater","",""
"S2P8.BIN",121,"Exposed Flow","Crater","",""
"S2P8.BIN",122,"Exposed Flow","Crater","",""
"S2P8.BIN",123,"Exposed Flow","Crater","",""
"S2P8.BIN",124,"Exposed Flow","Crater","",""
"S2P8.BIN",125,"Crater","Rock","",""
"S2P8.BIN",126,"Crater","Rock","",""
"S2P8.BIN",127,"Crater","Rock","",""
"S2P8.BIN",128,"Crater","Rock","",""
"S2P8.BIN",129,"Crater","Rock","",""
"S2P8.BIN",130,"Rock","Metallic Nodules","",""
"S2P8.BIN",131,"Rock","Metallic Nodules","",""
"S2P8.BIN",132,"Metallic Nodules","","",""
"S2P8.BIN",133,"","River","",""
"S2P8.BIN",134,"","River","",""
"S2P8.BIN",135,"","River","",""
"S2P8.BIN",136,"","River","",""
"S2P8.BIN",137,"","River","",""
"S2P8.BIN",138,"","River","",""
"S2P8.BIN",139,"","River","",""
"S2P8.BIN",140,"","River","",""
"S2P8.BIN",141,"","River","",""
"S2P8.BIN",142,"","River","",""
"S2P8.BIN",143,"","River","",""
"S2P8.BIN",144,"","River","",""
"S2P8.BIN",145,"","River","",""
"S2P8.BIN",146,"","River","",""
"S2P8.BIN",147,"","River","",""
"S2P8.BIN",148,"","River","",""
"S2P8.BIN",149,"","River","",""
"S2P8.BIN",150,"","River","",""
"S2P8.BIN",151,"","River","",""
"S2P8.BIN",152,"","River","",""
"S2P8.BIN",153,"","River","",""
"S2P8.BIN",154,"","River","",""
"S2P8.BIN",155,"","River","",""
"S2P8.BIN",156,"","River","",""
"S2P8.BIN",157,"","River","",""
"S2P8.BIN",158,"","River","",""
"S2P8.BIN",159,"","River","",""
"S2P8.BIN",160,"","River","",""
"S2P8.BIN",161,"","River","",""
"S2P8.BIN",162,"","River","",""
"S2P8.BIN",163,"","River","",""
"S2P8.BIN",164,"","River","",""
"S2P8.BIN",165,"","River","",""
"S2P8.BIN",166,"","River","",""
"S2P8.BIN",167,"","River","",""
"S2P8.BIN",168,"","River","",""
"S2P8.BIN",169,"","River","",""
"S2P8.BIN",170,"","River","",""
"S2P8.BIN",171,"","River","",""
"S2P8.BIN",172,"","River","",""
"S2P8.BIN",173,"","River","",""
"S2P8.BIN",174,"","River","",""
"S2P8.BIN",175,"","River","",""
"S2P8.BIN",176,"","River","",""
"S2P8.BIN",177,"","River","",""
"S2P8.BIN",178,"","River","",""
"S2P8.BIN",179,"","River","",""
"S2P8.BIN",180,"","River","",""
"S2P8.BIN",181,"River","Ore","",""
"S2P8.BIN",182,"Ore","","",""
"S2P8.BIN",183,"","","",""
"S2P7.BIN",101,"Water","Water","",""
"S2P7.BIN",102,"Water","Uneven Ground","",""
"S2P7.BIN",103,"Uneven Ground","Sparse Undergrowth","",""
"S2P7.BIN",104,"Sparse Undergrowth","Dry Grass","",""
"S2P7.BIN",105,"Dry Grass","Grass","",""
"S2P7.BIN",106,"Grass","Undergrowth","",""
"S2P7.BIN",107,"Grass","Undergrowth","",""
"S2P7.BIN",108,"Grass","Undergrowth","",""
"S2P7.BIN",109,"Grass","Undergrowth","",""
"S2P7.BIN",110,"Undergrowth","Dense Undergrowth","",""
"S2P7.BIN",111,"Dense Undergrowth","Undergrowth","",""
"S2P7.BIN",112,"Dense Undergrowth","Undergrowth","",""
"S2P7.BIN",113,"Dense Undergrowth","Undergrowth","",""
"S2P7.BIN",114,"Undergrowth","Jagged Rock","",""
"S2P7.BIN",115,"Jagged Rock","Brush","",""
"S2P7.BIN",117,"Brush","Flowers","",""
"S2P7.BIN",118,"Flowers","Dense Growth","",""
"S2P7.BIN",119,"Flowers","Dense Growth","",""
"S2P7.BIN",120,"Dense Growth","Marsh","",""
"S2P7.BIN",121,"Marsh","Plants","",""
"S2P7.BIN",122,"Plants","Plant","",""
"S2P7.BIN",123,"Plants","Plant","",""
"S2P7.BIN",124,"Plant","Fossil","",""
"S2P7.BIN",125,"Fossil","Mossy Rocks","",""
"S2P7.BIN",126,"Mossy Rocks","Gnarled Growth","",""
"S2P7.BIN",127,"Gnarled Growth","Flowers","",""
"S2P7.BIN",128,"Flowers","Ferns","",""
"S2P7.BIN",129,"Ferns","Tree","",""
"S2P7.BIN",130,"Tree","Trees","",""
"S2P7.BIN",131,"Trees","Tree","",""
"S2P7.BIN",132,"Trees","Tree","",""
"S2P7.BIN",133,"Trees","Tree","",""
"S2P7.BIN",134,"Trees","Tree","",""
"S2P7.BIN",135,"Trees","Tree","",""
"S2P7.BIN",136,"Trees","Tree","",""
"S2P7.BIN",137,"Trees","Tree","",""
"S2P7.BIN",138,"Tree","Exposed Rocks","",""
"S2P7.BIN",139,"Exposed Rocks","Exposed Rocks","",""
"S2P7.BIN",140,"Exposed Rocks","Exposed Rocks","",""
"S2P7.BIN",141,"Exposed Rocks","Swamp","",""
"S2P7.BIN",142,"Exposed Rocks","Swamp","",""
"S2P7.BIN",143,"Exposed Rocks","Swamp","",""
"S2P7.BIN",144,"Exposed Rocks","Swamp","",""
"S2P7.BIN",145,"Exposed Rocks","Swamp","",""
"S2P7.BIN",146,"Exposed Rocks","Swamp","",""
"S2P7.BIN",147,"Exposed Rocks","Swamp","",""
"S2P7.BIN",148,"Exposed Rocks","Swamp","",""
"S2P7.BIN",149,"Exposed Rocks","Swamp","",""
"S2P7.BIN",150,"Exposed Rocks","Swamp","",""
"S2P7.BIN",151,"Exposed Rocks","Swamp","",""
"S2P7.BIN",152,"Exposed Rocks","Swamp","",""
"S2P7.BIN",153,"Exposed Rocks","Swamp","",""
"S2P7.BIN",154,"Exposed Rocks","Swamp","",""
"S2P7.BIN",155,"Swamp","","",""
"S2P7.BIN",156,"","River","",""
"S2P7.BIN",157,"","River","",""
"S2P7.BIN",158,"","River","",""
"S2P7.BIN",159,"","River","",""
"S2P7.BIN",160,"","River","",""
"S2P7.BIN",161,"","River","",""
"S2P7.BIN",162,"","River","",""
"S2P7.BIN",163,"","River","",""
"S2P7.BIN",164,"","River","",""
"S2P7.BIN",165,"","River","",""
"S2P7.BIN",166,"","River","",""
"S2P7.BIN",167,"","River","",""
"S2P7.BIN",168,"","River","",""
"S2P7.BIN",169,"","River","",""
"S2P7.BIN",170,"","River","",""
"S2P7.BIN",171,"","River","",""
"S2P7.BIN",172,"","River","",""
"S2P7.BIN",173,"","River","",""
"S2P7.BIN",174,"","River","",""
"S2P7.BIN",175,"","River","",""
"S2P7.BIN",176,"","River","",""
"S2P7.BIN",177,"","River","",""
"S2P7.BIN",178,"","River","",""
"S2P7.BIN",179,"","River","",""
"S2P7.BIN",180,"","River","",""
"S2P7.BIN",181,"River","Ore","",""
"S2P7.BIN",182,"Ore","","",""
"S2P7.BIN",183,"","","",""
"S2P9.BIN",101,"Even Ground","Level Ground","",""
"S2P9.BIN",102,"Level Ground","Level Ground","",""
"S2P9.BIN",103,"Level Ground","Frozen Ground","",""
"S2P9.BIN",104,"Level Ground","Frozen Ground","",""
"S2P9.BIN",105,"Frozen Ground","Icy Ground","",""
"S2P9.BIN",106,"Icy Ground","Ice","",""
"S2P9.BIN",107,"Icy Ground","Ice","",""
"S2P9.BIN",108,"Ice","Ice","",""
"S2P9.BIN",109,"Ice","Exposed Rock","",""
"S2P9.BIN",110,"Ice","Exposed Rock","",""
"S2P9.BIN",111,"Ice","Exposed Rock","",""
"S2P9.BIN",112,"Ice","Exposed Rock","",""
"S2P9.BIN",113,"Ice","Exposed Rock","",""
"S2P9.BIN",114,"Ice","Exposed Rock","",""
"S2P9.BIN",115,"Ice","Exposed Rock","",""
"S2P9.BIN",117,"Exposed Rock","Frozen Pool","",""
"S2P9.BIN",118,"Frozen Pool","Exposed Rock","",""
"S2P9.BIN",119,"Frozen Pool","Exposed Rock","",""
"S2P9.BIN",120,"Exposed Rock","Ice Patches","",""
"S2P9.BIN",121,"Exposed Rock","Ice Patches","",""
"S2P9.BIN",122,"Ice Patches","Exposed Rock","",""
"S2P9.BIN",123,"Exposed Rock","Exposed Rock","",""
"S2P9.BIN",124,"Exposed Rock","Snow-covered Rocks","",""
"S2P9.BIN",125,"Snow-covered Rocks","Destroyed Ground","",""
"S2P9.BIN",126,"Destroyed Ground","Snow-covered Rocks","",""
"S2P9.BIN",127,"Snow-covered Rocks","Impact Crater","",""
"S2P9.BIN",128,"Impact Crater","Snow","",""
"S2P9.BIN",129,"Snow","Exposed Rocks","",""
"S2P9.BIN",130,"Exposed Rocks","Frozen Snow","",""
"S2P9.BIN",131,"Frozen Snow","","",""
"S2P9.BIN",132,"","","",""
"S2P9.BIN",133,"","River","",""
"S2P9.BIN",134,"","River","",""
"S2P9.BIN",135,"","River","",""
"S2P9.BIN",136,"","River","",""
"S2P9.BIN",137,"","River","",""
"S2P9.BIN",138,"","River","",""
"S2P9.BIN",139,"","River","",""
"S2P9.BIN",140,"","River","",""
"S2P9.BIN",141,"","River","",""
"S2P9.BIN",142,"","River","",""
"S2P9.BIN",143,"","River","",""
"S2P9.BIN",144,"","River","",""
"S2P9.BIN",145,"","River","",""
"S2P9.BIN",146,"","River","",""
"S2P9.BIN",147,"","River","",""
"S2P9.BIN",148,"","River","",""
"S2P9.BIN",149,"","River","",""
"S2P9.BIN",150,"","River","",""
"S2P9.BIN",151,"","River","",""
"S2P9.BIN",152,"","River","",""
"S2P9.BIN",153,"","River","",""
"S2P9.BIN",154,"","River","",""
"S2P9.BIN",155,"","River","",""
"S2P9.BIN",156,"","River","",""
"S2P9.BIN",157,"","River","",""
"S2P9.BIN",158,"","River","",""
"S2P9.BIN",159,"","River","",""
"S2P9.BIN",160,"","River","",""
"S2P9.BIN",161,"","River","",""
"S2P9.BIN",162,"","River","",""
"S2P9.BIN",163,"","River","",""
"S2P9.BIN",164,"","River","",""
"S2P9.BIN",165,"","River","",""
"S2P9.BIN",166,"","River","",""
"S2P9.BIN",167,"","River","",""
"S2P9.BIN",168,"","River","",""
"S2P9.BIN",169,"","River","",""
"S2P9.BIN",170,"","River","",""
"S2P9.BIN",171,"","River","",""
"S2P9.BIN",172,"","River","",""
"S2P9.BIN",173,"","River","",""
"S2P9.BIN",174,"","River","",""
"S2P9.BIN",175,"","River","",""
"S2P9.BIN",176,"","River","",""
"S2P9.BIN",177,"","River","",""
"S2P9.BIN",178,"","River","",""
"S2P9.BIN",179,"","River","",""
"S2P9.BIN",180,"","River","",""
"S2P9.BIN",181,"River","Ore","",""
"S2P9.BIN",182,"Ore","","",""
"S2P9.BIN",183,"","","",""
"S2P11.BIN",101,"Water","Sand","",""
"S2P11.BIN",102,"Water","Sand","",""
"S2P11.BIN",103,"Sand","Sand","",""
"S2P11.BIN",104,"Sand","Crusted Sand","",""
"S2P11.BIN",105,"Crusted Sand","Sand","",""
"S2P11.BIN",106,"Crusted Sand","Sand","",""
"S2P11.BIN",107,"Crusted Sand","Sand","",""
"S2P11.BIN",108,"Sand","Dry grass","",""
"S2P11.BIN",109,"Dry grass","Sparse Undergrowth","",""
"S2P11.BIN",110,"Sparse Undergrowth","Grass","",""
"S2P11.BIN",111,"Grass","Rock","",""
"S2P11.BIN",112,"Grass","Rock","",""
"S2P11.BIN",113,"Grass","Rock","",""
"S2P11.BIN",114,"Grass","Rock","",""
"S2P11.BIN",115,"Rock","Growth","",""
"S2P11.BIN",117,"Growth","Saline Crust","",""
"S2P11.BIN",118,"Saline Crust","Sand Crusts","",""
"S2P11.BIN",119,"Sand Crusts","Sand Crust","",""
"S2P11.BIN",120,"Sand Crust","Foliage","",""
"S2P11.BIN",121,"Foliage","Lar Algae","",""
"S2P11.BIN",122,"Lar Algae","Foliage","",""
"S2P11.BIN",123,"Foliage","Lar Algae","",""
"S2P11.BIN",124,"Lar Algae","Foliage","",""
"S2P11.BIN",125,"Foliage","Lar Algae","",""
"S2P11.BIN",126,"Lar Algae","Sand Crust","",""
"S2P11.BIN",127,"Sand Crust","Saline Crust","",""
"S2P11.BIN",128,"Saline Crust","Mossy Rock","",""
"S2P11.BIN",129,"Mossy Rock","Exposed Rocks","",""
"S2P11.BIN",130,"Exposed Rocks","Mossy Rocks","",""
"S2P11.BIN",131,"Mossy Rocks","Tangled Brush","",""
"S2P11.BIN",132,"Tangled Brush","Verdanta","",""
"S2P11.BIN",133,"Verdanta","Tangled Brush","",""
"S2P11.BIN",134,"Tangled Brush","Tree","",""
"S2P11.BIN",135,"Tree","Tree","",""
"S2P11.BIN",136,"Tree","Hotha Tree","",""
"S2P11.BIN",137,"Hotha Tree","Sandstone","",""
"S2P11.BIN",138,"Sandstone","nothing","",""
"S2P11.BIN",139,"nothing","River","",""
"S2P11.BIN",140,"nothing","River","",""
"S2P11.BIN",141,"nothing","River","",""
"S2P11.BIN",142,"nothing","River","",""
"S2P11.BIN",143,"nothing","River","",""
"S2P11.BIN",144,"nothing","River","",""
"S2P11.BIN",145,"nothing","River","",""
"S2P11.BIN",146,"nothing","River","",""
"S2P11.BIN",147,"nothing","River","",""
"S2P11.BIN",148,"nothing","River","",""
"S2P11.BIN",149,"nothing","River","",""
"S2P11.BIN",150,"nothing","River","",""
"S2P11.BIN",151,"nothing","River","",""
"S2P11.BIN",152,"nothing","River","",""
"S2P11.BIN",153,"nothing","River","",""
"S2P11.BIN",154,"nothing","River","",""
"S2P11.BIN",155,"nothing","River","",""
"S2P11.BIN",156,"nothing","River","",""
"S2P11.BIN",157,"nothing","River","",""
"S2P11.BIN",158,"nothing","River","",""
"S2P11.BIN",159,"nothing","River","",""
"S2P11.BIN",160,"nothing","River","",""
"S2P11.BIN",161,"nothing","River","",""
"S2P11.BIN",162,"nothing","River","",""
"S2P11.BIN",163,"nothing","River","",""
"S2P11.BIN",164,"nothing","River","",""
"S2P11.BIN",165,"nothing","River","",""
"S2P11.BIN",166,"nothing","River","",""
"S2P11.BIN",167,"nothing","River","",""
"S2P11.BIN",168,"nothing","River","",""
"S2P11.BIN",169,"nothing","River","",""
"S2P11.BIN",170,"nothing","River","",""
"S2P11.BIN",171,"nothing","River","",""
"S2P11.BIN",172,"nothing","River","",""
"S2P11.BIN",173,"nothing","River","",""
"S2P11.BIN",174,"nothing","River","",""
"S2P11.BIN",175,"nothing","River","",""
"S2P11.BIN",176,"nothing","River","",""
"S2P11.BIN",177,"nothing","River","",""
"S2P11.BIN",178,"nothing","River","",""
"S2P11.BIN",179,"nothing","River","",""
"S2P11.BIN",180,"nothing","River","",""
"S2P11.BIN",181,"River","Ore","",""
"S2P11.BIN",182,"Ore","","",""
"S2P11.BIN",183,"","","",""
"S2P10.BIN",2,"","","",""
"S2P10.BIN",3,"","","",""
"S2P10.BIN",101,"Jagged Crust","Uneven Crust","",""
"S2P10.BIN",102,"Jagged Crust","Uneven Crust","",""
"S2P10.BIN",103,"Jagged Crust","Uneven Crust","",""
"S2P10.BIN",104,"Uneven Crust","Uneven Crust","",""
"S2P10.BIN",105,"Uneven Crust","Hardened Lava","",""
"S2P10.BIN",106,"Uneven Crust","Hardened Lava","",""
"S2P10.BIN",107,"Uneven Crust","Hardened Lava","",""
"S2P10.BIN",108,"Hardened Lava","Smooth Lava Flow","",""
"S2P10.BIN",109,"Hardened Lava","Smooth Lava Flow","",""
"S2P10.BIN",110,"Smooth Lava Flow","Cinder Mound","",""
"S2P10.BIN",111,"Smooth Lava Flow","Cinder Mound","",""
"S2P10.BIN",112,"Smooth Lava Flow","Cinder Mound","",""
"S2P10.BIN",113,"Smooth Lava Flow","Cinder Mound","",""
"S2P10.BIN",114,"Smooth Lava Flow","Cinder Mound","",""
"S2P10.BIN",115,"Smooth Lava Flow","Cinder Mound","",""
"S2P10.BIN",117,"Cinder Mound","Lava Pit","",""
"S2P10.BIN",118,"Lava Pit","Exposed Crust","",""
"S2P10.BIN",119,"Exposed Crust","Crusted Cinders","",""
"S2P10.BIN",120,"Exposed Crust","Crusted Cinders","",""
"S2P10.BIN",121,"Crusted Cinders","Lava Rocks","",""
"S2P10.BIN",122,"Lava Rocks","Exposed Crust","",""
"S2P10.BIN",123,"Lava Rocks","Exposed Crust","",""
"S2P10.BIN",124,"Lava Rocks","Exposed Crust","",""
"S2P10.BIN",125,"Lava Rocks","Exposed Crust","",""
"S2P10.BIN",126,"Lava Rocks","Exposed Crust","",""
"S2P10.BIN",127,"Exposed Crust","Fused Crust","",""
"S2P10.BIN",128,"Fused Crust","Cinder Cone","",""
"S2P10.BIN",129,"Fused Crust","Cinder Cone","",""
"S2P10.BIN",130,"Cinder Cone","Sulfur Cone","",""
"S2P10.BIN",131,"Cinder Cone","Sulfur Cone","",""
"S2P10.BIN",132,"Cinder Cone","Sulfur Cone","",""
"S2P10.BIN",133,"Sulfur Cone","Lava Bubble","",""
"S2P10.BIN",134,"Lava Bubble","Lava Formation","",""
"S2P10.BIN",135,"Lava Formation","Lava Bubble","",""
"S2P10.BIN",136,"Lava Bubble","Lava Rocks","",""
"S2P10.BIN",137,"Lava Rocks","","",""
"S2P10.BIN",138,"","River","",""
"S2P10.BIN",139,"","River","",""
"S2P10.BIN",140,"","River","",""
"S2P10.BIN",141,"","River","",""
"S2P10.BIN",142,"","River","",""
"S2P10.BIN",143,"","River","",""
"S2P10.BIN",144,"","River","",""
"S2P10.BIN",145,"","River","",""
"S2P10.BIN",146,"","River","",""
"S2P10.BIN",147,"","River","",""
"S2P10.BIN",148,"","River","",""
"S2P10.BIN",149,"","River","",""
"S2P10.BIN",150,"","River","",""
"S2P10.BIN",151,"","River","",""
"S2P10.BIN",152,"","River","",""
"S2P10.BIN",153,"","River","",""
"S2P10.BIN",154,"","River","",""
"S2P10.BIN",155,"","River","",""
"S2P10.BIN",156,"","River","",""
"S2P10.BIN",157,"","River","",""
"S2P10.BIN",158,"","River","",""
"S2P10.BIN",159,"","River","",""
"S2P10.BIN",160,"","River","",""
"S2P10.BIN",161,"","River","",""
"S2P10.BIN",162,"","River","",""
"S2P10.BIN",163,"","River","",""
"S2P10.BIN",164,"","River","",""
"S2P10.BIN",165,"","River","",""
"S2P10.BIN",166,"","River","",""
"S2P10.BIN",167,"","River","",""
"S2P10.BIN",168,"","River","",""
"S2P10.BIN",169,"","River","",""
"S2P10.BIN",170,"","River","",""
"S2P10.BIN",171,"","River","",""
"S2P10.BIN",172,"","River","",""
"S2P10.BIN",173,"","River","",""
"S2P10.BIN",174,"","River","",""
"S2P10.BIN",175,"","River","",""
"S2P10.BIN",176,"","River","",""
"S2P10.BIN",177,"","River","",""
"S2P10.BIN",178,"","River","",""
"S2P10.BIN",179,"","River","",""
"S2P10.BIN",180,"","River","",""
"S2P10.BIN",181,"River","Ore","",""
"S2P10.BIN",182,"Ore","","",""
"S2P12.BIN",101,"Cracked Sand","Packed Sand","",""
"S2P12.BIN",102,"Cracked Sand","Packed Sand","",""
"S2P12.BIN",103,"Packed Sand","Uneven Sand","",""
"S2P12.BIN",104,"Uneven Sand","Sand","",""
"S2P12.BIN",105,"Uneven Sand","Sand","",""
"S2P12.BIN",106,"Sand","Packed Sand","",""
"S2P12.BIN",107,"Sand","Packed Sand","",""
"S2P12.BIN",108,"Packed Sand","Sandy Ground","",""
"S2P12.BIN",109,"Packed Sand","Sandy Ground","",""
"S2P12.BIN",110,"Packed Sand","Sandy Ground","",""
"S2P12.BIN",111,"Packed Sand","Sandy Ground","",""
"S2P12.BIN",112,"Packed Sand","Sandy Ground","",""
"S2P12.BIN",113,"Packed Sand","Sandy Ground","",""
"S2P12.BIN",114,"Sandy Ground","Sandstone","",""
"S2P12.BIN",115,"Sandy Ground","Sandstone","",""
"S2P12.BIN",117,"Sandstone","Pit","",""
"S2P12.BIN",118,"Pit","Sand Crusts","",""
"S2P12.BIN",119,"Sand Crusts","Sand Crust","",""
"S2P12.BIN",120,"Sand Crust","Rocks","",""
"S2P12.BIN",121,"Rocks","Rocks","",""
"S2P12.BIN",122,"Rocks","Sand Hill","",""
"S2P12.BIN",123,"Sand Hill","Sand Crusts","",""
"S2P12.BIN",124,"Sand Crusts","Broken Sandstone","",""
"S2P12.BIN",125,"Sand Crusts","Broken Sandstone","",""
"S2P12.BIN",126,"Sand Crusts","Broken Sandstone","",""
"S2P12.BIN",127,"Broken Sandstone","Sand Crusts","",""
"S2P12.BIN",128,"Sand Crusts","Organic Matter","",""
"S2P12.BIN",129,"Sand Crusts","Organic Matter","",""
"S2P12.BIN",130,"Organic Matter","Rocks","",""
"S2P12.BIN",131,"Rocks","Sand Dune","",""
"S2P12.BIN",132,"Sand Dune","Sand Mound","",""
"S2P12.BIN",133,"Sand Mound","Crusted Sand","",""
"S2P12.BIN",134,"Crusted Sand","","",""
"S2P12.BIN",135,"Crusted Sand","","",""
"S2P12.BIN",136,"Crusted Sand","","",""
"S2P12.BIN",137,"Crusted Sand","","",""
"S2P12.BIN",138,"Crusted Sand","","",""
"S2P12.BIN",139,"","River","",""
"S2P12.BIN",140,"","River","",""
"S2P12.BIN",141,"","River","",""
"S2P12.BIN",142,"","River","",""
"S2P12.BIN",143,"","River","",""
"S2P12.BIN",144,"","River","",""
"S2P12.BIN",145,"","River","",""
"S2P12.BIN",146,"","River","",""
"S2P12.BIN",147,"","River","",""
"S2P12.BIN",148,"","River","",""
"S2P12.BIN",149,"","River","",""
"S2P12.BIN",150,"","River","",""
"S2P12.BIN",151,"","River","",""
"S2P12.BIN",152,"","River","",""
"S2P12.BIN",153,"","River","",""
"S2P12.BIN",154,"","River","",""
"S2P12.BIN",155,"","River","",""
"S2P12.BIN",156,"","River","",""
"S2P12.BIN",157,"","River","",""
"S2P12.BIN",158,"","River","",""
"S2P12.BIN",159,"","River","",""
"S2P12.BIN",160,"","River","",""
"S2P12.BIN",161,"","River","",""
"S2P12.BIN",162,"","River","",""
"S2P12.BIN",163,"","River","",""
"S2P12.BIN",164,"","River","",""
"S2P12.BIN",165,"","River","",""
"S2P12.BIN",166,"","River","",""
"S2P12.BIN",167,"","River","",""
"S2P12.BIN",168,"","River","",""
"S2P12.BIN",169,"","River","",""
"S2P12.BIN",170,"","River","",""
"S2P12.BIN",171,"","River","",""
"S2P12.BIN",172,"","River","",""
"S2P12.BIN",173,"","River","",""
"S2P12.BIN",174,"","River","",""
"S2P12.BIN",175,"","River","",""
"S2P12.BIN",176,"","River","",""
"S2P12.BIN",177,"","River","",""
"S2P12.BIN",178,"","River","",""
"S2P12.BIN",179,"","River","",""
"S2P12.BIN",180,"","River","",""
"S2P12.BIN",181,"River","Ore","",""
"S2P12.BIN",182,"Ore","","",""
"S2P12.BIN",183,"","","",""
"S2P13.BIN",101,"Uneven Ground","Grass","",""
"S2P13.BIN",102,"Grass","Undergrowth","",""
"S2P13.BIN",103,"Grass","Undergrowth","",""
"S2P13.BIN",104,"Grass","Undergrowth","",""
"S2P13.BIN",105,"Undergrowth","Grass","",""
"S2P13.BIN",106,"Grass","Sparse Undergrowth","",""
"S2P13.BIN",107,"Grass","Sparse Undergrowth","",""
"S2P13.BIN",108,"Sparse Undergrowth","Undergrowth","",""
"S2P13.BIN",109,"Undergrowth","Dense Undergrowth","",""
"S2P13.BIN",110,"Dense Undergrowth","Sparse Undergrowth","",""
"S2P13.BIN",111,"Dense Undergrowth","Sparse Undergrowth","",""
"S2P13.BIN",112,"Dense Undergrowth","Sparse Undergrowth","",""
"S2P13.BIN",113,"Sparse Undergrowth","Hard Rock","",""
"S2P13.BIN",114,"Hard Rock","Jagged Rock","",""
"S2P13.BIN",115,"Jagged Rock","Plants","",""
"S2P13.BIN",117,"Plants","Flowers","",""
"S2P13.BIN",118,"Flowers","Tangled Flora","",""
"S2P13.BIN",119,"Tangled Flora","Giant Mushrooms","",""
"S2P13.BIN",120,"Giant Mushrooms","Mossy Rocks","",""
"S2P13.BIN",121,"Giant Mushrooms","Mossy Rocks","",""
"S2P13.BIN",122,"Mossy Rocks","Mossy Rock","",""
"S2P13.BIN",123,"Mossy Rock","Mossy Rocks","",""
"S2P13.BIN",124,"Mossy Rock","Mossy Rocks","",""
"S2P13.BIN",125,"Mossy Rocks","Mossy Knoll","",""
"S2P13.BIN",126,"Mossy Knoll","Huge Creeper","",""
"S2P13.BIN",127,"Mossy Knoll","Huge Creeper","",""
"S2P13.BIN",128,"Huge Creeper","Plants","",""
"S2P13.BIN",129,"Plants","Plants","",""
"S2P13.BIN",130,"Plants","Monolith","",""
"S2P13.BIN",131,"Monolith","Boulder","",""
"S2P13.BIN",132,"Boulder","Mossy Boulder","",""
"S2P13.BIN",133,"Mossy Boulder","Plants","",""
"S2P13.BIN",134,"Plants","Trees","",""
"S2P13.BIN",135,"Trees","","",""
"S2P13.BIN",136,"Trees","","",""
"S2P13.BIN",137,"Trees","","",""
"S2P13.BIN",138,"Trees","","",""
"S2P13.BIN",139,"Trees","","",""
"S2P13.BIN",140,"Trees","","",""
"S2P13.BIN",141,"","River","",""
"S2P13.BIN",142,"","River","",""
"S2P13.BIN",143,"","River","",""
"S2P13.BIN",144,"","River","",""
"S2P13.BIN",145,"","River","",""
"S2P13.BIN",146,"","River","",""
"S2P13.BIN",147,"","River","",""
"S2P13.BIN",148,"","River","",""
"S2P13.BIN",149,"","River","",""
"S2P13.BIN",150,"","River","",""
"S2P13.BIN",151,"","River","",""
"S2P13.BIN",152,"","River","",""
"S2P13.BIN",153,"","River","",""
"S2P13.BIN",154,"","River","",""
"S2P13.BIN",155,"","River","",""
"S2P13.BIN",156,"","River","",""
"S2P13.BIN",157,"","River","",""
"S2P13.BIN",158,"","River","",""
"S2P13.BIN",159,"","River","",""
"S2P13.BIN",160,"","River","",""
"S2P13.BIN",161,"","River","",""
"S2P13.BIN",162,"","River","",""
"S2P13.BIN",163,"","River","",""
"S2P13.BIN",164,"","River","",""
"S2P13.BIN",165,"","River","",""
"S2P13.BIN",166,"","River","",""
"S2P13.BIN",167,"","River","",""
"S2P13.BIN",168,"","River","",""
"S2P13.BIN",169,"","River","",""
"S2P13.BIN",170,"","River","",""
"S2P13.BIN",171,"","River","",""
"S2P13.BIN",172,"","River","",""
"S2P13.BIN",173,"","River","",""
"S2P13.BIN",174,"","River","",""
"S2P13.BIN",175,"","River","",""
"S2P13.BIN",176,"","River","",""
"S2P13.BIN",177,"","River","",""
"S2P13.BIN",178,"","River","",""
"S2P13.BIN",179,"","River","",""
"S2P13.BIN",180,"","River","",""
"S2P13.BIN",181,"River","Ore","",""
"S2P13.BIN",182,"Ore","","",""
"S2P13.BIN",183,"","","",""
"S3P1.BIN",101,"Jagged Ground","Rough Ground","",""
"S3P1.BIN",102,"Jagged Ground","Rough Ground","",""
"S3P1.BIN",103,"Jagged Ground","Rough Ground","",""
"S3P1.BIN",104,"Jagged Ground","Rough Ground","",""
"S3P1.BIN",105,"Rough Ground","Uneven Ground","",""
"S3P1.BIN",106,"Uneven Ground","Level Ground","",""
"S3P1.BIN",107,"Level Ground","Uneven Ground","",""
"S3P1.BIN",108,"Uneven Ground","Level Ground","",""
"S3P1.BIN",109,"Level Ground","Melted Ground","",""
"S3P1.BIN",110,"Level Ground","Melted Ground","",""
"S3P1.BIN",111,"Melted Ground","Cinders","",""
"S3P1.BIN",112,"Melted Ground","Cinders","",""
"S3P1.BIN",113,"Melted Ground","Cinders","",""
"S3P1.BIN",114,"Melted Ground","Cinders","",""
"S3P1.BIN",115,"Melted Ground","Cinders","",""
"S3P1.BIN",117,"Cinders","Impact Crater","",""
"S3P1.BIN",118,"Impact Crater","Hard Crust","",""
"S3P1.BIN",119,"Hard Crust","Obsidian","",""
"S3P1.BIN",120,"Obsidian","Toxic Lichen","",""
"S3P1.BIN",121,"Toxic Lichen","Lava Rocks","",""
"S3P1.BIN",122,"Lava Rocks","Crust Bubble","",""
"S3P1.BIN",123,"Crust Bubble","Lava Rocks","",""
"S3P1.BIN",124,"Lava Rocks","Fused Nodule","",""
"S3P1.BIN",125,"Fused Nodule","Lava Bubble","",""
"S3P1.BIN",126,"Lava Bubble","Fossil","",""
"S3P1.BIN",127,"Fossil","Crater","",""
"S3P1.BIN",128,"Crater","Lava Rock","",""
"S3P1.BIN",129,"Lava Rock","Petrified Growth","",""
"S3P1.BIN",130,"Petrified Growth","Lava Boulder","",""
"S3P1.BIN",131,"Lava Boulder","Lava Rocks","",""
"S3P1.BIN",132,"Lava Boulder","Lava Rocks","",""
"S3P1.BIN",133,"Lava Boulder","Lava Rocks","",""
"S3P1.BIN",134,"Lava Rocks","","",""
"S3P1.BIN",135,"","River","",""
"S3P1.BIN",136,"","River","",""
"S3P1.BIN",137,"","River","",""
"S3P1.BIN",138,"","River","",""
"S3P1.BIN",139,"","River","",""
"S3P1.BIN",140,"","River","",""
"S3P1.BIN",141,"","River","",""
"S3P1.BIN",142,"","River","",""
"S3P1.BIN",143,"","River","",""
"S3P1.BIN",144,"","River","",""
"S3P1.BIN",145,"","River","",""
"S3P1.BIN",146,"","River","",""
"S3P1.BIN",147,"","River","",""
"S3P1.BIN",148,"","River","",""
"S3P1.BIN",149,"","River","",""
"S3P1.BIN",150,"","River","",""
"S3P1.BIN",151,"","River","",""
"S3P1.BIN",152,"","River","",""
"S3P1.BIN",153,"","River","",""
"S3P1.BIN",154,"","River","",""
"S3P1.BIN",155,"","River","",""
"S3P1.BIN",156,"","River","",""
"S3P1.BIN",157,"","River","",""
"S3P1.BIN",158,"","River","",""
"S3P1.BIN",159,"","River","",""
"S3P1.BIN",160,"","River","",""
"S3P1.BIN",161,"","River","",""
"S3P1.BIN",162,"","River","",""
"S3P1.BIN",163,"","River","",""
"S3P1.BIN",164,"","River","",""
"S3P1.BIN",165,"","River","",""
"S3P1.BIN",166,"","River","",""
"S3P1.BIN",167,"","River","",""
"S3P1.BIN",168,"","River","",""
"S3P1.BIN",169,"","River","",""
"S3P1.BIN",170,"","River","",""
"S3P1.BIN",171,"","River","",""
"S3P1.BIN",172,"","River","",""
"S3P1.BIN",173,"","River","",""
"S3P1.BIN",174,"","River","",""
"S3P1.BIN",175,"","River","",""
"S3P1.BIN",176,"","River","",""
"S3P1.BIN",177,"","River","",""
"S3P1.BIN",178,"","River","",""
"S3P1.BIN",179,"","River","",""
"S3P1.BIN",180,"","River","",""
"S3P1.BIN",181,"River","Ore","",""
"S3P1.BIN",182,"Ore","","",""
"S3P1.BIN",183,"","","",""
"S3P2.BIN",101,"Molten Lava","Cooling Lava","",""
"S3P2.BIN",102,"Cooling Lava","Lava Skin","",""
"S3P2.BIN",103,"Lava Skin","Smooth Crust","",""
"S3P2.BIN",104,"Smooth Crust","Uneven Crust","",""
"S3P2.BIN",105,"Smooth Crust","Uneven Crust","",""
"S3P2.BIN",106,"Smooth Crust","Uneven Crust","",""
"S3P2.BIN",107,"Smooth Crust","Uneven Crust","",""
"S3P2.BIN",108,"Uneven Crust","Uneven Crust","",""
"S3P2.BIN",109,"Uneven Crust","Jagged Crust","",""
"S3P2.BIN",110,"Uneven Crust","Jagged Crust","",""
"S3P2.BIN",111,"Uneven Crust","Jagged Crust","",""
"S3P2.BIN",112,"Uneven Crust","Jagged Crust","",""
"S3P2.BIN",113,"Uneven Crust","Jagged Crust","",""
"S3P2.BIN",114,"Jagged Crust","Cinder Mound","",""
"S3P2.BIN",115,"Jagged Crust","Cinder Mound","",""
"S3P2.BIN",117,"Cinder Mound","Lava Pit","",""
"S3P2.BIN",118,"Lava Pit","Exposed Crust","",""
"S3P2.BIN",119,"Exposed Crust","Crusted Cinders","",""
"S3P2.BIN",120,"Exposed Crust","Crusted Cinders","",""
"S3P2.BIN",121,"Crusted Cinders","Lava Rocks","",""
"S3P2.BIN",122,"Lava Rocks","Exposed Crust","",""
"S3P2.BIN",123,"Lava Rocks","Exposed Crust","",""
"S3P2.BIN",124,"Lava Rocks","Exposed Crust","",""
"S3P2.BIN",125,"Lava Rocks","Exposed Crust","",""
"S3P2.BIN",126,"Lava Rocks","Exposed Crust","",""
"S3P2.BIN",127,"Exposed Crust","Fused Crust","",""
"S3P2.BIN",128,"Fused Crust","Cinder Cone","",""
"S3P2.BIN",129,"Fused Crust","Cinder Cone","",""
"S3P2.BIN",130,"Cinder Cone","Lava Formation","",""
"S3P2.BIN",131,"Lava Formation","Cinder Cone","",""
"S3P2.BIN",132,"Cinder Cone","Sulfur Cone","",""
"S3P2.BIN",133,"Sulfur Cone","Cinder Cone","",""
"S3P2.BIN",134,"Cinder Cone","Cinder Cone","",""
"S3P2.BIN",135,"Cinder Cone","Lava Bubble","",""
"S3P2.BIN",136,"Lava Bubble","Lava Bubbles","",""
"S3P2.BIN",137,"Lava Bubbles","Lava Fissures","",""
"S3P2.BIN",138,"Lava Fissures","Recent Lava Flow","",""
"S3P2.BIN",139,"Recent Lava Flow","","",""
"S3P2.BIN",140,"Recent Lava Flow","","",""
"S3P2.BIN",141,"Recent Lava Flow","","",""
"S3P2.BIN",142,"Recent Lava Flow","","",""
"S3P2.BIN",143,"Recent Lava Flow","","",""
"S3P2.BIN",144,"Recent Lava Flow","","",""
"S3P2.BIN",145,"Recent Lava Flow","","",""
"S3P2.BIN",146,"Recent Lava Flow","","",""
"S3P2.BIN",147,"Recent Lava Flow","","",""
"S3P2.BIN",148,"Recent Lava Flow","","",""
"S3P2.BIN",149,"Recent Lava Flow","","",""
"S3P2.BIN",150,"Recent Lava Flow","","",""
"S3P2.BIN",151,"","River","",""
"S3P2.BIN",152,"","River","",""
"S3P2.BIN",153,"","River","",""
"S3P2.BIN",154,"","River","",""
"S3P2.BIN",155,"","River","",""
"S3P2.BIN",156,"","River","",""
"S3P2.BIN",157,"","River","",""
"S3P2.BIN",158,"","River","",""
"S3P2.BIN",159,"","River","",""
"S3P2.BIN",160,"","River","",""
"S3P2.BIN",161,"","River","",""
"S3P2.BIN",162,"","River","",""
"S3P2.BIN",163,"","River","",""
"S3P2.BIN",164,"","River","",""
"S3P2.BIN",165,"","River","",""
"S3P2.BIN",166,"","River","",""
"S3P2.BIN",167,"","River","",""
"S3P2.BIN",168,"","River","",""
"S3P2.BIN",169,"","River","",""
"S3P2.BIN",170,"","River","",""
"S3P2.BIN",171,"","River","",""
"S3P2.BIN",172,"","River","",""
"S3P2.BIN",173,"","River","",""
"S3P2.BIN",174,"","River","",""
"S3P2.BIN",175,"","River","",""
"S3P2.BIN",176,"","River","",""
"S3P2.BIN",177,"","River","",""
"S3P2.BIN",178,"","River","",""
"S3P2.BIN",179,"","River","",""
"S3P2.BIN",180,"","River","",""
"S3P2.BIN",181,"River","Ore","",""
"S3P2.BIN",182,"Ore","","",""
"S3P2.BIN",183,"","","",""
"S3P3.BIN",101,"Rough Surface","Jagged Surface","",""
"S3P3.BIN",102,"Jagged Surface","Rough Surface","",""
"S3P3.BIN",103,"Rough Surface","Uneven Surface","",""
"S3P3.BIN",104,"Rough Surface","Uneven Surface","",""
"S3P3.BIN",105,"Rough Surface","Uneven Surface","",""
"S3P3.BIN",106,"Uneven Surface","Level Surface","",""
"S3P3.BIN",107,"Uneven Surface","Level Surface","",""
"S3P3.BIN",108,"Uneven Surface","Level Surface","",""
"S3P3.BIN",109,"Uneven Surface","Level Surface","",""
"S3P3.BIN",110,"Level Surface","Even Surface","",""
"S3P3.BIN",111,"Level Surface","Even Surface","",""
"S3P3.BIN",112,"Even Surface","Smooth Surface","",""
"S3P3.BIN",113,"Smooth Surface","Rocks","",""
"S3P3.BIN",114,"Smooth Surface","Rocks","",""
"S3P3.BIN",115,"Smooth Surface","Rocks","",""
"S3P3.BIN",117,"Rocks","Rocks","",""
"S3P3.BIN",118,"Rocks","Crater","",""
"S3P3.BIN",119,"Crater","Impact Scarring","",""
"S3P3.BIN",120,"Impact Scarring","Exposed Rock","",""
"S3P3.BIN",121,"Exposed Rock","Low Ridge","",""
"S3P3.BIN",122,"Low Ridge","Crater","",""
"S3P3.BIN",123,"Crater","Crater","",""
"S3P3.BIN",124,"Crater","Crater","",""
"S3P3.BIN",125,"Crater","Small Crater","",""
"S3P3.BIN",126,"Small Crater","Crater","",""
"S3P3.BIN",127,"Crater","Rocks","",""
"S3P3.BIN",128,"Rocks","Crater","",""
"S3P3.BIN",129,"Crater","Rock","",""
"S3P3.BIN",130,"Rock","Rocks","",""
"S3P3.BIN",131,"Rocks","Boulder","",""
"S3P3.BIN",132,"Boulder","Boulder","",""
"S3P3.BIN",133,"Boulder","","",""
"S3P3.BIN",134,"","River","",""
"S3P3.BIN",135,"","River","",""
"S3P3.BIN",136,"","River","",""
"S3P3.BIN",137,"","River","",""
"S3P3.BIN",138,"","River","",""
"S3P3.BIN",139,"","River","",""
"S3P3.BIN",140,"","River","",""
"S3P3.BIN",141,"","River","",""
"S3P3.BIN",142,"","River","",""
"S3P3.BIN",143,"","River","",""
"S3P3.BIN",144,"","River","",""
"S3P3.BIN",145,"","River","",""
"S3P3.BIN",146,"","River","",""
"S3P3.BIN",147,"","River","",""
"S3P3.BIN",148,"","River","",""
"S3P3.BIN",149,"","River","",""
"S3P3.BIN",150,"","River","",""
"S3P3.BIN",151,"","River","",""
"S3P3.BIN",152,"","River","",""
"S3P3.BIN",153,"","River","",""
"S3P3.BIN",154,"","River","",""
"S3P3.BIN",155,"","River","",""
"S3P3.BIN",156,"","River","",""
"S3P3.BIN",157,"","River","",""
"S3P3.BIN",158,"","River","",""
"S3P3.BIN",159,"","River","",""
"S3P3.BIN",160,"","River","",""
"S3P3.BIN",161,"","River","",""
"S3P3.BIN",162,"","River","",""
"S3P3.BIN",163,"","River","",""
"S3P3.BIN",164,"","River","",""
"S3P3.BIN",165,"","River","",""
"S3P3.BIN",166,"","River","",""
"S3P3.BIN",167,"","River","",""
"S3P3.BIN",168,"","River","",""
"S3P3.BIN",169,"","River","",""
"S3P3.BIN",170,"","River","",""
"S3P3.BIN",171,"","River","",""
"S3P3.BIN",172,"","River","",""
"S3P3.BIN",173,"","River","",""
"S3P3.BIN",174,"","River","",""
"S3P3.BIN",175,"","River","",""
"S3P3.BIN",176,"","River","",""
"S3P3.BIN",177,"","River","",""
"S3P3.BIN",178,"","River","",""
"S3P3.BIN",179,"","River","",""
"S3P3.BIN",180,"","River","",""
"S3P3.BIN",181,"River","Ore","",""
"S3P3.BIN",182,"Ore","","",""
"S3P3.BIN",183,"","","",""
"SHELLTXT.BIN",1,"","","",""
"SHELLTXT.BIN",100,"","~S~Single Player","alt:hotkey",""
"SHELLTXT.BIN",101,"~S~Single Player","~M~Multi Player","hotkey|alt:hotkey",""
"SHELLTXT.BIN",102,"~M~Multi Player","~V~View Intro","hotkey|alt:hotkey",""
"SHELLTXT.BIN",103,"~V~View Intro","View Credits","hotkey",""
"SHELLTXT.BIN",104,"View Credits","~E~Exit Game","alt:hotkey",""
"SHELLTXT.BIN",105,"~E~Exit Game","~L~Load Career","hotkey|alt:hotkey",""
"SHELLTXT.BIN",106,"~L~Load Career","~S~Start Career","hotkey|alt:hotkey",""
"SHELLTXT.BIN",107,"~S~Start Career","~Q~Quick Encounter","hotkey|alt:hotkey",""
"SHELLTXT.BIN",108,"~Q~Quick Encounter","~~Return to General Menu","hotkey|alt:hotkey",""
"SHELLTXT.BIN",109,"~~Return to General Menu","~E~Easy","hotkey|alt:hotkey",""
"SHELLTXT.BIN",110,"~E~Easy","~N~Normal","hotkey|alt:hotkey",""
"SHELLTXT.BIN",111,"~N~Normal","~H~Hard","hotkey|alt:hotkey",""
"SHELLTXT.BIN",112,"~H~Hard","~~Cancel","hotkey|alt:hotkey",""
"SHELLTXT.BIN",113,"~~Cancel","","hotkey",""
"SHELLTXT.BIN",114,"","","",""
"SHELLTXT.BIN",115,"","~L~Load Group","alt:hotkey",""
"SHELLTXT.BIN",116,"~L~Load Group","~G~Generate Group","hotkey|alt:hotkey",""
"SHELLTXT.BIN",117,"~G~Generate Group","~H~Hotseat Game","hotkey|alt:hotkey",""
"SHELLTXT.BIN",118,"~H~Hotseat Game","~~Return to General Menu","hotkey|alt:hotkey",""
"SHELLTXT.BIN",119,"~~Return to General Menu","","hotkey",""
"SHELLTXT.BIN",120,"","","",""
"SHELLTXT.BIN",121,"","","",""
"SHELLTXT.BIN",122,"","Yes","",""
"SHELLTXT.BIN",123,"Yes","No","",""
"SHELLTXT.BIN",124,"No","Malignus","",""
"SHELLTXT.BIN",125,"Malignus","Juggernaut","",""
"SHELLTXT.BIN",126,"Juggernaut","Demon","",""
"SHELLTXT.BIN",127,"Demon","Sensei","",""
"SHELLTXT.BIN",128,"Sensei","Nihilus","",""
"SHELLTXT.BIN",129,"Nihilus","Reaper","",""
"SHELLTXT.BIN",130,"Reaper","Shadow","",""
"SHELLTXT.BIN",131,"Shadow","Ogre","",""
"SHELLTXT.BIN",132,"Ogre","Remora","",""
"SHELLTXT.BIN",133,"Remora","Arachnus","",""
"SHELLTXT.BIN",134,"Arachnus","Giant","",""
"SHELLTXT.BIN",135,"Giant","Specter","",""
"SHELLTXT.BIN",136,"Specter","Parasite","",""
"SHELLTXT.BIN",137,"Parasite","Cerebrus","",""
"SHELLTXT.BIN",138,"Cerebrus","Genocite","",""
"SHELLTXT.BIN",139,"Genocite","Malignus","",""
"SHELLTXT.BIN",140,"Malignus","Hades","",""
"SHELLTXT.BIN",141,"Hades","   General Menu","",""
"SHELLTXT.BIN",142,"   General Menu","   Single Player","",""
"SHELLTXT.BIN",143,"   Single Player","   Difficulty Selection","",""
"SHELLTXT.BIN",144,"   Difficulty Selection","   Multi Player","",""
"SHELLTXT.BIN",145,"   Multi Player","","",""
"SHELLTXT.BIN",146,"","","",""
"SHELLTXT.BIN",200,"","","",""
"SHELLTXT.BIN",201,"","","",""
"SHELLTXT.BIN",202,"","Quick Start Career?","",""
"SHELLTXT.BIN",300,"Quick Start Career?","Difficulty Setting","",""
"SHELLTXT.BIN",400,"Difficulty Setting","","",""
"SHELLTXT.BIN",500,"","Easy","",""
"SHELLTXT.BIN",501,"Easy","Normal","",""
"SHELLTXT.BIN",502,"Normal","Hard","",""
"SHELLTXT.BIN",503,"Hard","Options","",""
"SHELLTXT.BIN",504,"Options","~~Cancel","alt:hotkey",""
"SHELLTXT.BIN",505,"~~Cancel","","hotkey",""
"SHELLTXT.BIN",506,"","","",""
"SHELLTXT.BIN",600,"","   Herc Base Single Player","",""
"SHELLTXT.BIN",601,"   Herc Base Single Player","~B~Bioderm Facility","alt:hotkey",""
"SHELLTXT.BIN",602,"~B~Bioderm Facility","~H~Herc Bay","hotkey|alt:hotkey",""
"SHELLTXT.BIN",603,"~H~Herc Bay","~C~Herc Command Center","hotkey|alt:hotkey",""
"SHELLTXT.BIN",604,"~C~Herc Command Center","~L~Launch Mission","hotkey|alt:hotkey",""
"SHELLTXT.BIN",605,"~L~Launch Mission","~R~Return to General Menu","hotkey|alt:hotkey",""
"SHELLTXT.BIN",606,"~R~Return to General Menu","Save","hotkey",""
"SHELLTXT.BIN",607,"Save","Don't Save","",""
"SHELLTXT.BIN",608,"Don't Save","Cancel","",""
"SHELLTXT.BIN",609,"Cancel","~~Cancel","alt:hotkey",""
"SHELLTXT.BIN",610,"~~Cancel","Launch","hotkey",""
"SHELLTXT.BIN",611,"Launch","OK","",""
"SHELLTXT.BIN",612,"OK","","",""
"SHELLTXT.BIN",613,"","Mission Selected: ","",""
"SHELLTXT.BIN",614,"Mission Selected: ","","",""
"SHELLTXT.BIN",615,"","Launch Status","",""
"SHELLTXT.BIN",616,"Launch Status","","",""
"SHELLTXT.BIN",617,"","","",""
"SHELLTXT.BIN",618,"","Hercs owned:","",""
"SHELLTXT.BIN",619,"Hercs owned:","Bioderms owned:","",""
"SHELLTXT.BIN",620,"Bioderms owned:","Bioderms linked:","",""
"SHELLTXT.BIN",621,"Bioderms linked:","","",""
"SHELLTXT.BIN",622,"","","",""
"SHELLTXT.BIN",623,"","","",""
"SHELLTXT.BIN",624,"","Your linked Hercs do not contain any ore extractors. Launch Mission anyway?","",""
"SHELLTXT.BIN",625,"Your linked Hercs do not contain any ore extractors. Launch Mission anyway?","Do you wish to save this game before returning to the General menu?","",""
"SHELLTXT.BIN",626,"Do you wish to save this game before returning to the General menu?","Launch","",""
"SHELLTXT.BIN",627,"Launch","You must purchase and link at least one Herc prior to Launch.","",""
"SHELLTXT.BIN",628,"You must purchase and link at least one Herc prior to Launch.","You must purchase and link at least one Bioderm in the Bioderm Facility prior to Launch.","",""
"SHELLTXT.BIN",629,"You must purchase and link at least one Bioderm in the Bioderm Facility prior to Launch.","You must select a mission in the Herc Command Center prior to Launch.","",""
"SHELLTXT.BIN",630,"You must select a mission in the Herc Command Center prior to Launch.","You must have at least one Bioderm and one Herc linked prior to Launch.","",""
"SHELLTXT.BIN",631,"You must have at least one Bioderm and one Herc linked prior to Launch.","None","",""
"SHELLTXT.BIN",632,"None","Ready to launch","",""
"SHELLTXT.BIN",633,"Ready to launch","Not ready to launch","",""
"SHELLTXT.BIN",634,"Not ready to launch","","",""
"SHELLTXT.BIN",635,"","","",""
"SHELLTXT.BIN",700,"","","",""
"SHELLTXT.BIN",701,"","","",""
"SHELLTXT.BIN",702,"","","",""
"SHELLTXT.BIN",703,"","","",""
"SHELLTXT.BIN",704,"","","",""
"SHELLTXT.BIN",705,"","","",""
"SHELLTXT.BIN",800,"","~M~Medvat","alt:hotkey",""
"SHELLTXT.BIN",801,"~M~Medvat","~V~VR Training","hotkey|alt:hotkey",""
"SHELLTXT.BIN",802,"~V~VR Training","~L~Link","hotkey|alt:hotkey",""
"SHELLTXT.BIN",803,"~L~Link","~B~Biovat","hotkey|alt:hotkey",""
"SHELLTXT.BIN",804,"~B~Biovat","~R~Return to Herc Base","hotkey|alt:hotkey",""
"SHELLTXT.BIN",805,"~R~Return to Herc Base","   Bioderm Facility","hotkey",""
"SHELLTXT.BIN",806,"   Bioderm Facility","","",""
"SHELLTXT.BIN",807,"","","",""
"SHELLTXT.BIN",900,"","","",""
"SHELLTXT.BIN",901,"","","",""
"SHELLTXT.BIN",902,"","","",""
"SHELLTXT.BIN",903,"","","",""
"SHELLTXT.BIN",904,"","","",""
"SHELLTXT.BIN",905,"","","",""
"SHELLTXT.BIN",1000,"","Create","",""
"SHELLTXT.BIN",1001,"Create","~œ~Done","alt:hotkey",""
"SHELLTXT.BIN",1002,"~œ~Done","~~Cancel","hotkey|alt:hotkey",""
"SHELLTXT.BIN",1003,"~~Cancel","OK","hotkey",""
"SHELLTXT.BIN",1004,"OK","Credits:","",""
"SHELLTXT.BIN",1005,"Credits:","","",""
"SHELLTXT.BIN",1006,"","   Bioderm Biovat","",""
"SHELLTXT.BIN",1007,"   Bioderm Biovat","The Bioderm roster is full for your current rank","",""
"SHELLTXT.BIN",1008,"The Bioderm roster is full for your current rank","You do not have enough credits to purchase this Bioderm.","",""
"SHELLTXT.BIN",1009,"You do not have enough credits to purchase this Bioderm.","","",""
"SHELLTXT.BIN",1010,"","","",""
"SHELLTXT.BIN",1100,"","","",""
"SHELLTXT.BIN",1101,"","","",""
"SHELLTXT.BIN",1102,"","","",""
"SHELLTXT.BIN",1103,"","","",""
"SHELLTXT.BIN",1104,"","","",""
"SHELLTXT.BIN",1105,"","","",""
"SHELLTXT.BIN",1106,"","","",""
"SHELLTXT.BIN",1107,"","","",""
"SHELLTXT.BIN",1108,"","","",""
"SHELLTXT.BIN",1109,"","","",""
"SHELLTXT.BIN",1200,"","Regen","",""
"SHELLTXT.BIN",1201,"Regen","Stabilize","",""
"SHELLTXT.BIN",1202,"Stabilize","Detox","",""
"SHELLTXT.BIN",1203,"Detox","Heal All","",""
"SHELLTXT.BIN",1204,"Heal All","Recycle","",""
"SHELLTXT.BIN",1205,"Recycle","~œ~Done","alt:hotkey",""
"SHELLTXT.BIN",1206,"~œ~Done","~~Cancel","hotkey|alt:hotkey",""
"SHELLTXT.BIN",1207,"~~Cancel","","hotkey",""
"SHELLTXT.BIN",1208,"","","",""
"SHELLTXT.BIN",1209,"","","",""
"SHELLTXT.BIN",1210,"","","",""
"SHELLTXT.BIN",1211,"","","",""
"SHELLTXT.BIN",1212,"","Credits:","",""
"SHELLTXT.BIN",1213,"Credits:","   Bioderm Medvat","",""
"SHELLTXT.BIN",1214,"   Bioderm Medvat","","",""
"SHELLTXT.BIN",1215,"","","",""
"SHELLTXT.BIN",1300,"","","",""
"SHELLTXT.BIN",1301,"","","",""
"SHELLTXT.BIN",1302,"","","",""
"SHELLTXT.BIN",1303,"","","",""
"SHELLTXT.BIN",1304,"","","",""
"SHELLTXT.BIN",1305,"","","",""
"SHELLTXT.BIN",1306,"","","",""
"SHELLTXT.BIN",1307,"","","",""
"SHELLTXT.BIN",1308,"","","",""
"SHELLTXT.BIN",1309,"","","",""
"SHELLTXT.BIN",1400,"","Pi","",""
"SHELLTXT.BIN",1401,"Pi","En","",""
"SHELLTXT.BIN",1402,"En","Ms","",""
"SHELLTXT.BIN",1403,"Ms","Cn","",""
"SHELLTXT.BIN",1404,"Cn","Pl","",""
"SHELLTXT.BIN",1405,"Pl","El","",""
"SHELLTXT.BIN",1406,"El","Ad","",""
"SHELLTXT.BIN",1407,"Ad","Co","",""
"SHELLTXT.BIN",1408,"Co","~œ~Done","alt:hotkey",""
"SHELLTXT.BIN",1409,"~œ~Done","~~Cancel","hotkey|alt:hotkey",""
"SHELLTXT.BIN",1410,"~~Cancel","   V R E C","hotkey",""
"SHELLTXT.BIN",1411,"   V R E C","OK","",""
"SHELLTXT.BIN",1412,"OK","","",""
"SHELLTXT.BIN",1413,"","","",""
"SHELLTXT.BIN",1414,"","","",""
"SHELLTXT.BIN",1415,"","","",""
"SHELLTXT.BIN",1416,"","","",""
"SHELLTXT.BIN",1417,"","","",""
"SHELLTXT.BIN",1418,"","","",""
"SHELLTXT.BIN",1419,"","","",""
"SHELLTXT.BIN",1420,"","Credits:","",""
"SHELLTXT.BIN",1421,"Credits:","You do not have enough credits to purchase this coding sequence.","",""
"SHELLTXT.BIN",1422,"You do not have enough credits to purchase this coding sequence.","","",""
"SHELLTXT.BIN",1423,"","","",""
"SHELLTXT.BIN",1500,"","","",""
"SHELLTXT.BIN",1501,"","","",""
"SHELLTXT.BIN",1502,"","","",""
"SHELLTXT.BIN",1503,"","","",""
"SHELLTXT.BIN",1504,"","","",""
"SHELLTXT.BIN",1505,"","","",""
"SHELLTXT.BIN",1506,"","","",""
"SHELLTXT.BIN",1507,"","","",""
"SHELLTXT.BIN",1508,"","","",""
"SHELLTXT.BIN",1509,"","","",""
"SHELLTXT.BIN",1600,"","Link","",""
"SHELLTXT.BIN",1601,"Link","Unlink","",""
"SHELLTXT.BIN",1602,"Unlink","Unlink All","",""
"SHELLTXT.BIN",1603,"Unlink All","Autolink","",""
"SHELLTXT.BIN",1604,"Autolink","~œ~Done","alt:hotkey",""
"SHELLTXT.BIN",1605,"~œ~Done","~~Cancel","hotkey|alt:hotkey",""
"SHELLTXT.BIN",1606,"~~Cancel","   Bioderm Link","hotkey",""
"SHELLTXT.BIN",1607,"   Bioderm Link","Credits:","",""
"SHELLTXT.BIN",1608,"Credits:","","",""
"SHELLTXT.BIN",1609,"","","",""
"SHELLTXT.BIN",1700,"","","",""
"SHELLTXT.BIN",1701,"","","",""
"SHELLTXT.BIN",1702,"","","",""
"SHELLTXT.BIN",1703,"","","",""
"SHELLTXT.BIN",1704,"","","",""
"SHELLTXT.BIN",1705,"","","",""
"SHELLTXT.BIN",1706,"","","",""
"SHELLTXT.BIN",1707,"","","",""
"SHELLTXT.BIN",1708,"","","",""
"SHELLTXT.BIN",1709,"","","",""
"SHELLTXT.BIN",1800,"","~P~Purchase New Herc","alt:hotkey",""
"SHELLTXT.BIN",1801,"~P~Purchase New Herc","~M~Manage Hercs","hotkey|alt:hotkey",""
"SHELLTXT.BIN",1802,"~M~Manage Hercs","~R~Return to Herc Base","hotkey|alt:hotkey",""
"SHELLTXT.BIN",1803,"~R~Return to Herc Base","OK","hotkey",""
"SHELLTXT.BIN",1804,"OK","Credits:","",""
"SHELLTXT.BIN",1805,"Credits:","   Herc Bay","",""
"SHELLTXT.BIN",1806,"   Herc Bay","You must purchase at least one Herc before using the upgrade and repair facility.","",""
"SHELLTXT.BIN",1807,"You must purchase at least one Herc before using the upgrade and repair facility.","","",""
"SHELLTXT.BIN",1808,"","","",""
"SHELLTXT.BIN",1900,"","","",""
"SHELLTXT.BIN",1901,"","","",""
"SHELLTXT.BIN",1902,"","","",""
"SHELLTXT.BIN",1903,"","","",""
"SHELLTXT.BIN",1904,"","","",""
"SHELLTXT.BIN",1905,"","","",""
"SHELLTXT.BIN",1906,"","","",""
"SHELLTXT.BIN",1907,"","","",""
"SHELLTXT.BIN",1908,"","","",""
"SHELLTXT.BIN",1909,"","","",""
"SHELLTXT.BIN",1910,"","","",""
"SHELLTXT.BIN",1911,"","","",""
"SHELLTXT.BIN",1912,"","","",""
"SHELLTXT.BIN",1913,"","","",""
"SHELLTXT.BIN",1914,"","","",""
"SHELLTXT.BIN",1915,"","","",""
"SHELLTXT.BIN",1916,"","","",""
"SHELLTXT.BIN",1917,"","","",""
"SHELLTXT.BIN",1918,"","","",""
"SHELLTXT.BIN",1919,"","","",""
"SHELLTXT.BIN",1920,"","","",""
"SHELLTXT.BIN",1921,"","","",""
"SHELLTXT.BIN",1922,"","","",""
"SHELLTXT.BIN",1923,"","","",""
"SHELLTXT.BIN",1924,"","","",""
"SHELLTXT.BIN",1925,"","","",""
"SHELLTXT.BIN",1926,"","","",""
"SHELLTXT.BIN",1927,"","","",""
"SHELLTXT.BIN",1928,"","","",""
"SHELLTXT.BIN",1929,"","","",""
"SHELLTXT.BIN",1930,"","~~Cancel","alt:hotkey",""
"SHELLTXT.BIN",1931,"~~Cancel","~œ~Done","hotkey|alt:hotkey",""
"SHELLTXT.BIN",1932,"~œ~Done","OK","hotkey",""
"SHELLTXT.BIN",1933,"OK","","",""
"SHELLTXT.BIN",1934,"","","",""
"SHELLTXT.BIN",1935,"","","",""
"SHELLTXT.BIN",1936,"","Credits:","",""
"SHELLTXT.BIN",1937,"Credits:","~~Cancel","alt:hotkey",""
"SHELLTXT.BIN",1938,"~~Cancel","~œ~Purchase","hotkey|alt:hotkey",""
"SHELLTXT.BIN",1939,"~œ~Purchase","","hotkey",""
"SHELLTXT.BIN",1940,"","","",""
"SHELLTXT.BIN",1941,"","","",""
"SHELLTXT.BIN",1942,"","  Purchase Herc","",""
"SHELLTXT.BIN",1943,"  Purchase Herc","Overview","",""
"SHELLTXT.BIN",1944,"Overview","Available Hercs","",""
"SHELLTXT.BIN",1945,"Available Hercs","Reactor Rating:","",""
"SHELLTXT.BIN",1946,"Reactor Rating:","Speed Rating:","",""
"SHELLTXT.BIN",1947,"Speed Rating:","Herc Configuration","",""
"SHELLTXT.BIN",1948,"Herc Configuration","You do not currently have enough credits to purchase this Herc.","",""
"SHELLTXT.BIN",1949,"You do not currently have enough credits to purchase this Herc.","You have already purchased the maximum number of Hercs allowed at your current rank.","",""
"SHELLTXT.BIN",1950,"You have already purchased the maximum number of Hercs allowed at your current rank.","You have already purchased the maximum number of Hercs allowed for a multiplayer force.","",""
"SHELLTXT.BIN",1951,"You have already purchased the maximum number of Hercs allowed for a multiplayer force.","Your Herc roster is now full.","",""
"SHELLTXT.BIN",1952,"Your Herc roster is now full.","Unable to load Herc configuration file.
 A file error occured.","",""
"SHELLTXT.BIN",1953,"Unable to load Herc configuration file.
 A file error occured.","Your current Commander Rank is not sufficient to load this Herc configuration.
Minimum required rank:","",""
"SHELLTXT.BIN",1954,"Your current Commander Rank is not sufficient to load this Herc configuration.
Minimum required rank:","Minimum required rank:","",""
"SHELLTXT.BIN",1955,"Minimum required rank:","","",""
"SHELLTXT.BIN",1956,"","","",""
"SHELLTXT.BIN",2000,"","","",""
"SHELLTXT.BIN",2001,"","","",""
"SHELLTXT.BIN",2002,"","","",""
"SHELLTXT.BIN",2003,"","","",""
"SHELLTXT.BIN",2004,"","","",""
"SHELLTXT.BIN",2005,"","","",""
"SHELLTXT.BIN",2006,"","","",""
"SHELLTXT.BIN",2007,"","","",""
"SHELLTXT.BIN",2008,"","","",""
"SHELLTXT.BIN",2009,"","","",""
"SHELLTXT.BIN",2010,"","","",""
"SHELLTXT.BIN",2011,"","","",""
"SHELLTXT.BIN",2012,"","","",""
"SHELLTXT.BIN",2013,"","","",""
"SHELLTXT.BIN",2014,"","","",""
"SHELLTXT.BIN",2015,"","","",""
"SHELLTXT.BIN",2016,"","","",""
"SHELLTXT.BIN",2017,"","","",""
"SHELLTXT.BIN",2018,"","","",""
"SHELLTXT.BIN",2019,"","","",""
"SHELLTXT.BIN",2020,"","","",""
"SHELLTXT.BIN",2021,"","","",""
"SHELLTXT.BIN",2022,"","","",""
"SHELLTXT.BIN",2023,"","","",""
"SHELLTXT.BIN",2024,"","","",""
"SHELLTXT.BIN",2025,"","","",""
"SHELLTXT.BIN",2026,"","","",""
"SHELLTXT.BIN",2027,"","","",""
"SHELLTXT.BIN",2028,"","","",""
"SHELLTXT.BIN",2029,"","","",""
"SHELLTXT.BIN",2030,"","","",""
"SHELLTXT.BIN",2031,"","","",""
"SHELLTXT.BIN",2032,"","","",""
"SHELLTXT.BIN",2033,"","","",""
"SHELLTXT.BIN",2034,"","","",""
"SHELLTXT.BIN",2035,"","","",""
"SHELLTXT.BIN",2036,"","","",""
"SHELLTXT.BIN",2037,"","","",""
"SHELLTXT.BIN",2038,"","","",""
"SHELLTXT.BIN",2039,"","","",""
"SHELLTXT.BIN",2040,"","","",""
"SHELLTXT.BIN",2041,"","","",""
"SHELLTXT.BIN",2042,"","","",""
"SHELLTXT.BIN",2043,"","","",""
"SHELLTXT.BIN",2044,"","","",""
"SHELLTXT.BIN",2045,"","","",""
"SHELLTXT.BIN",2046,"","","",""
"SHELLTXT.BIN",2047,"","","",""
"SHELLTXT.BIN",2048,"","Credits:","",""
"SHELLTXT.BIN",2049,"Credits:","~œ~Done","alt:hotkey",""
"SHELLTXT.BIN",2050,"~œ~Done","","hotkey",""
"SHELLTXT.BIN",2051,"","","",""
"SHELLTXT.BIN",2052,"","","",""
"SHELLTXT.BIN",2053,"","  Manage Hercs","",""
"SHELLTXT.BIN",2054,"  Manage Hercs","Herc Inventory","",""
"SHELLTXT.BIN",2055,"Herc Inventory","Reactor Rating:","",""
"SHELLTXT.BIN",2056,"Reactor Rating:","Speed Rating:","",""
"SHELLTXT.BIN",2057,"Speed Rating:","","",""
"SHELLTXT.BIN",2058,"","","",""
"SHELLTXT.BIN",2200,"","","",""
"SHELLTXT.BIN",2201,"","","",""
"SHELLTXT.BIN",2202,"","","",""
"SHELLTXT.BIN",2203,"","","",""
"SHELLTXT.BIN",2204,"","","",""
"SHELLTXT.BIN",2205,"","","",""
"SHELLTXT.BIN",2206,"","","",""
"SHELLTXT.BIN",2207,"","","",""
"SHELLTXT.BIN",2208,"","","",""
"SHELLTXT.BIN",2209,"","","",""
"SHELLTXT.BIN",2210,"","","",""
"SHELLTXT.BIN",2211,"","","",""
"SHELLTXT.BIN",2212,"","","",""
"SHELLTXT.BIN",2213,"","","",""
"SHELLTXT.BIN",2214,"","","",""
"SHELLTXT.BIN",2215,"","","",""
"SHELLTXT.BIN",2216,"","","",""
"SHELLTXT.BIN",2217,"","","",""
"SHELLTXT.BIN",2218,"","","",""
"SHELLTXT.BIN",2219,"","","",""
"SHELLTXT.BIN",2220,"","","",""
"SHELLTXT.BIN",2221,"","","",""
"SHELLTXT.BIN",2222,"","","",""
"SHELLTXT.BIN",2223,"","","",""
"SHELLTXT.BIN",2224,"","","",""
"SHELLTXT.BIN",2225,"","","",""
"SHELLTXT.BIN",2226,"","","",""
"SHELLTXT.BIN",2227,"","","",""
"SHELLTXT.BIN",2228,"","","",""
"SHELLTXT.BIN",2229,"","","",""
"SHELLTXT.BIN",2230,"","","",""
"SHELLTXT.BIN",2231,"","","",""
"SHELLTXT.BIN",2232,"","","",""
"SHELLTXT.BIN",2233,"","","",""
"SHELLTXT.BIN",2234,"","","",""
"SHELLTXT.BIN",2235,"","","",""
"SHELLTXT.BIN",2236,"","","",""
"SHELLTXT.BIN",2237,"","","",""
"SHELLTXT.BIN",2238,"","","",""
"SHELLTXT.BIN",2239,"","","",""
"SHELLTXT.BIN",2240,"","","",""
"SHELLTXT.BIN",2241,"","","",""
"SHELLTXT.BIN",2242,"","","",""
"SHELLTXT.BIN",2243,"","","",""
"SHELLTXT.BIN",2244,"","","",""
"SHELLTXT.BIN",2245,"","","",""
"SHELLTXT.BIN",2246,"","~~Cancel","alt:hotkey",""
"SHELLTXT.BIN",2247,"~~Cancel","~œ~Done","hotkey|alt:hotkey",""
"SHELLTXT.BIN",2248,"~œ~Done","Repair","hotkey",""
"SHELLTXT.BIN",2249,"Repair","Sell","",""
"SHELLTXT.BIN",2250,"Sell","Credits:","",""
"SHELLTXT.BIN",2251,"Credits:","","",""
"SHELLTXT.BIN",2252,"","Sell Herc","",""
"SHELLTXT.BIN",2253,"Sell Herc","~~Cancel","alt:hotkey",""
"SHELLTXT.BIN",2254,"~~Cancel"," Resale value of this Herc:","hotkey",""
"SHELLTXT.BIN",2255," Resale value of this Herc:","","",""
"SHELLTXT.BIN",2256,"","Repair Fleet","",""
"SHELLTXT.BIN",2257,"Repair Fleet","Repair Herc","",""
"SHELLTXT.BIN",2258,"Repair Herc","~~Cancel","alt:hotkey",""
"SHELLTXT.BIN",2259,"~~Cancel","","hotkey",""
"SHELLTXT.BIN",2260,""," Cost of repairing entire fleet:","",""
"SHELLTXT.BIN",2261," Cost of repairing entire fleet:","","",""
"SHELLTXT.BIN",2262,""," Cost of repairing this Herc:","",""
"SHELLTXT.BIN",2263," Cost of repairing this Herc:","Purchase","",""
"SHELLTXT.BIN",2264,"Purchase","~~Cancel","alt:hotkey",""
"SHELLTXT.BIN",2265,"~~Cancel","","hotkey",""
"SHELLTXT.BIN",2266,"","","",""
"SHELLTXT.BIN",2267,"","","",""
"SHELLTXT.BIN",2268,"","","",""
"SHELLTXT.BIN",2269,"","","",""
"SHELLTXT.BIN",2270,"","","",""
"SHELLTXT.BIN",2271,"","","",""
"SHELLTXT.BIN",2272,"","","",""
"SHELLTXT.BIN",2273,"","","",""
"SHELLTXT.BIN",2274,"","","",""
"SHELLTXT.BIN",2275,"","","",""
"SHELLTXT.BIN",2276,"","","",""
"SHELLTXT.BIN",2277,"","","",""
"SHELLTXT.BIN",2278,"","","",""
"SHELLTXT.BIN",2279,"","","",""
"SHELLTXT.BIN",2280,"","","",""
"SHELLTXT.BIN",2281,"","","",""
"SHELLTXT.BIN",2282,"","","",""
"SHELLTXT.BIN",2283,"","","",""
"SHELLTXT.BIN",2284,"","OK","",""
"SHELLTXT.BIN",2285,"OK","","",""
"SHELLTXT.BIN",2286,"","","",""
"SHELLTXT.BIN",2287,"","","",""
"SHELLTXT.BIN",2288,"","","",""
"SHELLTXT.BIN",2289,"","   Herc Upgrade Menu","",""
"SHELLTXT.BIN",2290,"   Herc Upgrade Menu"," Structure:","",""
"SHELLTXT.BIN",2291," Structure:"," Systems:","",""
"SHELLTXT.BIN",2292," Systems:"," Hardpoints:","",""
"SHELLTXT.BIN",2293," Hardpoints:","Speed Rating:","",""
"SHELLTXT.BIN",2294,"Speed Rating:","Reactor Rating:","",""
"SHELLTXT.BIN",2295,"Reactor Rating:"," Available Components","",""
"SHELLTXT.BIN",2296," Available Components"," Component Description","",""
"SHELLTXT.BIN",2297," Component Description","You currently do not have enough credits to make this repair.","",""
"SHELLTXT.BIN",2298,"You currently do not have enough credits to make this repair.","You currently do not have enough credits to purchase this upgrade.","",""
"SHELLTXT.BIN",2299,"You currently do not have enough credits to purchase this upgrade.","","",""
"SHELLTXT.BIN",2300,"","","",""
"SHELLTXT.BIN",2400,"","","",""
"SHELLTXT.BIN",2401,"","","",""
"SHELLTXT.BIN",2402,"","","",""
"SHELLTXT.BIN",2403,"","","",""
"SHELLTXT.BIN",2404,"","","",""
"SHELLTXT.BIN",2405,"","","",""
"SHELLTXT.BIN",2406,"","","",""
"SHELLTXT.BIN",2407,"","","",""
"SHELLTXT.BIN",2408,"","","",""
"SHELLTXT.BIN",2409,"","","",""
"SHELLTXT.BIN",2410,"","","",""
"SHELLTXT.BIN",2411,"","","",""
"SHELLTXT.BIN",2412,"","","",""
"SHELLTXT.BIN",2413,"","","",""
"SHELLTXT.BIN",2414,"","","",""
"SHELLTXT.BIN",2415,"","","",""
"SHELLTXT.BIN",2416,"","Rank","",""
"SHELLTXT.BIN",2417,"Rank","Age","",""
"SHELLTXT.BIN",2418,"Age","Health","",""
"SHELLTXT.BIN",2419,"Health","Stab","",""
"SHELLTXT.BIN",2420,"Stab","Toxins","",""
"SHELLTXT.BIN",2421,"Toxins","Piloting","",""
"SHELLTXT.BIN",2422,"Piloting","Energy","",""
"SHELLTXT.BIN",2423,"Energy","Missile","",""
"SHELLTXT.BIN",2424,"Missile","Cannon","",""
"SHELLTXT.BIN",2425,"Cannon","Plasma","",""
"SHELLTXT.BIN",2426,"Plasma","ELF","",""
"SHELLTXT.BIN",2427,"ELF","Advanced Tech","",""
"SHELLTXT.BIN",2428,"Advanced Tech","Command","",""
"SHELLTXT.BIN",2429,"Command","","",""
"SHELLTXT.BIN",2430,"","Skill Ratings","",""
"SHELLTXT.BIN",2431,"Skill Ratings","Herc:","",""
"SHELLTXT.BIN",2432,"Herc:","","",""
"SHELLTXT.BIN",2433,"","","",""
"SHELLTXT.BIN",2434,"","","",""
"SHELLTXT.BIN",2435,"","","",""
"SHELLTXT.BIN",2436,"","","",""
"SHELLTXT.BIN",2437,"","","",""
"SHELLTXT.BIN",2438,"","","",""
"SHELLTXT.BIN",2439,"","","",""
"SHELLTXT.BIN",2440,"","","",""
"SHELLTXT.BIN",2500,"","","",""
"SHELLTXT.BIN",2501,"","","",""
"SHELLTXT.BIN",2600,"","Mission 1","",""
"SHELLTXT.BIN",2601,"Mission 1","Mission 2","",""
"SHELLTXT.BIN",2602,"Mission 2","Mission 3","",""
"SHELLTXT.BIN",2603,"Mission 3","Mission 4","",""
"SHELLTXT.BIN",2604,"Mission 4","Mission 5","",""
"SHELLTXT.BIN",2605,"Mission 5","Mission 6","",""
"SHELLTXT.BIN",2606,"Mission 6","Mission 7","",""
"SHELLTXT.BIN",2607,"Mission 7","Mission 8","",""
"SHELLTXT.BIN",2608,"Mission 8","Mission 9","",""
"SHELLTXT.BIN",2609,"Mission 9","~~Cancel","alt:hotkey",""
"SHELLTXT.BIN",2610,"~~Cancel","~S~Select Mission","hotkey|alt:hotkey",""
"SHELLTXT.BIN",2611,"~S~Select Mission","~C~Communications","hotkey|alt:hotkey",""
"SHELLTXT.BIN",2612,"~C~Communications","Cybrid Intelligence","hotkey",""
"SHELLTXT.BIN",2613,"Cybrid Intelligence","~R~Return to Herc Base","alt:hotkey",""
"SHELLTXT.BIN",2614,"~R~Return to Herc Base","Missions","hotkey",""
"SHELLTXT.BIN",2615,"Missions","Planet","",""
"SHELLTXT.BIN",2616,"Planet","Mission Overview","",""
"SHELLTXT.BIN",2617,"Mission Overview","Bonus:","",""
"SHELLTXT.BIN",2618,"Bonus:","Length:","",""
"SHELLTXT.BIN",2619,"Length:","","",""
"SHELLTXT.BIN",2620,"","","",""
"SHELLTXT.BIN",2621,"","","",""
"SHELLTXT.BIN",2622,"","   Herc Command Center","",""
"SHELLTXT.BIN",2623,"   Herc Command Center","Career Status","",""
"SHELLTXT.BIN",2624,"Career Status","Career Date","",""
"SHELLTXT.BIN",2625,"Career Date","Credits","",""
"SHELLTXT.BIN",2626,"Credits","Rank:","",""
"SHELLTXT.BIN",2627,"Rank:","Hercs Owned:","",""
"SHELLTXT.BIN",2628,"Hercs Owned:","Max number Hercs:","",""
"SHELLTXT.BIN",2629,"Max number Hercs:","Bioderms Owned:","",""
"SHELLTXT.BIN",2630,"Bioderms Owned:","Max number Bioderms:","",""
"SHELLTXT.BIN",2631,"Max number Bioderms:","Cybrids Destroyed:","",""
"SHELLTXT.BIN",2632,"Cybrids Destroyed:","Missions Attempted:","",""
"SHELLTXT.BIN",2633,"Missions Attempted:","Missions Completed:","",""
"SHELLTXT.BIN",2634,"Missions Completed:","Current Saved Game:","",""
"SHELLTXT.BIN",2635,"Current Saved Game:","Worlds Explored:","",""
"SHELLTXT.BIN",2636,"Worlds Explored:","Ore Mined:","",""
"SHELLTXT.BIN",2637,"Ore Mined:","","",""
"SHELLTXT.BIN",2638,"","","",""
"SHELLTXT.BIN",2639,"","","",""
"SHELLTXT.BIN",2640,"","","",""
"SHELLTXT.BIN",2641,"","","",""
"SHELLTXT.BIN",2642,"","","",""
"SHELLTXT.BIN",2643,"","","",""
"SHELLTXT.BIN",2644,"","","",""
"SHELLTXT.BIN",2645,"","","",""
"SHELLTXT.BIN",2646,"","","",""
"SHELLTXT.BIN",2647,"","","",""
"SHELLTXT.BIN",2648,"","","",""
"SHELLTXT.BIN",2649,"","","",""
"SHELLTXT.BIN",2650,"","Ensign","",""
"SHELLTXT.BIN",2651,"Ensign","Unit Leader","",""
"SHELLTXT.BIN",2652,"Unit Leader","Unit Captain","",""
"SHELLTXT.BIN",2653,"Unit Captain","Squad Leader","",""
"SHELLTXT.BIN",2654,"Squad Leader","Squad Captain","",""
"SHELLTXT.BIN",2655,"Squad Captain","Squad Commander","",""
"SHELLTXT.BIN",2656,"Squad Commander","Force Leader","",""
"SHELLTXT.BIN",2657,"Force Leader","Force Captain","",""
"SHELLTXT.BIN",2658,"Force Captain","Combat Leader","",""
"SHELLTXT.BIN",2659,"Combat Leader","Combat Captain","",""
"SHELLTXT.BIN",2660,"Combat Captain","Combat Commander","",""
"SHELLTXT.BIN",2661,"Combat Commander","Battle Leader","",""
"SHELLTXT.BIN",2662,"Battle Leader","Battle Captain","",""
"SHELLTXT.BIN",2663,"Battle Captain","Herc Commander","",""
"SHELLTXT.BIN",2664,"Herc Commander","Previous Promotions","",""
"SHELLTXT.BIN",2665,"Previous Promotions","~~Cancel","alt:hotkey",""
"SHELLTXT.BIN",2666,"~~Cancel","Tutorials","hotkey",""
"SHELLTXT.BIN",2667,"Tutorials","Unitech Overview","",""
"SHELLTXT.BIN",2668,"Unitech Overview","Strategy tips","",""
"SHELLTXT.BIN",2669,"Strategy tips","Initial walkthrough","",""
"SHELLTXT.BIN",2670,"Initial walkthrough","Managing your forces","",""
"SHELLTXT.BIN",2671,"Managing your forces","Controlling battlefield forces","",""
"SHELLTXT.BIN",2672,"Controlling battlefield forces","","",""
"SHELLTXT.BIN",2673,"","Planet:","",""
"SHELLTXT.BIN",2674,"Planet:","","",""
"SHELLTXT.BIN",2675,"","","",""
"SHELLTXT.BIN",2700,"","~~Cancel","alt:hotkey",""
"SHELLTXT.BIN",2701,"~~Cancel","~œ~Accept","hotkey|alt:hotkey",""
"SHELLTXT.BIN",2702,"~œ~Accept","","hotkey",""
"SHELLTXT.BIN",2703,"","","",""
"SHELLTXT.BIN",2704,"","","",""
"SHELLTXT.BIN",2705,"","","",""
"SHELLTXT.BIN",2706,"","","",""
"SHELLTXT.BIN",2800,"","~œ~Done","alt:hotkey",""
"SHELLTXT.BIN",2801,"~œ~Done","","hotkey",""
"SHELLTXT.BIN",2802,"","","",""
"SHELLTXT.BIN",2803,"","","",""
"SHELLTXT.BIN",2804,"","","",""
"SHELLTXT.BIN",2805,"","Training","",""
"SHELLTXT.BIN",2900,"Training","Mining","",""
"SHELLTXT.BIN",2901,"Mining","Military","",""
"SHELLTXT.BIN",2902,"Military","Elite Military","",""
"SHELLTXT.BIN",2903,"Elite Military","months","",""
"SHELLTXT.BIN",2904,"months","No","",""
"SHELLTXT.BIN",2905,"No","Yes","",""
"SHELLTXT.BIN",2906,"Yes","","",""
"SHELLTXT.BIN",3000,"","~œ~DONE","alt:hotkey",""
"SHELLTXT.BIN",3001,"~œ~DONE","","hotkey",""
"SHELLTXT.BIN",3002,"","","",""
"SHELLTXT.BIN",3100,"","","",""
"SHELLTXT.BIN",3101,"","","",""
"SHELLTXT.BIN",3102,"","","",""
"SHELLTXT.BIN",3200,"","Return to Herc Base","",""
"SHELLTXT.BIN",3201,"Return to Herc Base","Managing your forces","",""
"SHELLTXT.BIN",3202,"Managing your forces","Selecting a mission","",""
"SHELLTXT.BIN",3203,"Selecting a mission","Controlling forces on the battlefield","",""
"SHELLTXT.BIN",3204,"Controlling forces on the battlefield","Current Cybrid Intelligence","",""
"SHELLTXT.BIN",3205,"Current Cybrid Intelligence","Miscellaneous","",""
"SHELLTXT.BIN",3206,"Miscellaneous","Promotion","",""
"SHELLTXT.BIN",3207,"Promotion","","",""
"SHELLTXT.BIN",3208,"","","",""
"SHELLTXT.BIN",3300,"","","",""
"SHELLTXT.BIN",3301,"","","",""
"SHELLTXT.BIN",3302,"","~~Cancel","alt:hotkey",""
"SHELLTXT.BIN",3400,"~~Cancel","~R~Randomize","hotkey|alt:hotkey",""
"SHELLTXT.BIN",3401,"~~Cancel","~R~Randomize","hotkey|alt:hotkey",""
"SHELLTXT.BIN",3402,"~R~Randomize","~B~Begin Play","hotkey|alt:hotkey",""
"SHELLTXT.BIN",3403,"~B~Begin Play","Scenario Type","hotkey",""
"SHELLTXT.BIN",3404,"Scenario Type","World Type","",""
"SHELLTXT.BIN",3405,"World Type","Force Level","",""
"SHELLTXT.BIN",3406,"Force Level","Cybrid Force Level","",""
"SHELLTXT.BIN",3407,"Cybrid Force Level","   Quick Encounter","",""
"SHELLTXT.BIN",3408,"   Quick Encounter","","",""
"SHELLTXT.BIN",3409,"","","",""
"SHELLTXT.BIN",3410,"","","",""
"SHELLTXT.BIN",3411,"","","",""
"SHELLTXT.BIN",3412,"","","",""
"SHELLTXT.BIN",3413,"","","",""
"SHELLTXT.BIN",3414,"","","",""
"SHELLTXT.BIN",3415,"","","",""
"SHELLTXT.BIN",3416,"","","",""
"SHELLTXT.BIN",3417,"","","",""
"SHELLTXT.BIN",3418,"","","",""
"SHELLTXT.BIN",3419,"","","",""
"SHELLTXT.BIN",3420,"","","",""
"SHELLTXT.BIN",3421,"","","",""
"SHELLTXT.BIN",3422,"","","",""
"SHELLTXT.BIN",3423,"","OK","",""
"SHELLTXT.BIN",3424,"OK","","",""
"SHELLTXT.BIN",3425,"","   Herc Base Multi Player","",""
"SHELLTXT.BIN",3500,"","   Herc Base Multi Player","",""
"SHELLTXT.BIN",3501,"   Herc Base Multi Player","~B~Bioderm Facility","alt:hotkey",""
"SHELLTXT.BIN",3502,"~B~Bioderm Facility","~H~Herc Bay","hotkey|alt:hotkey",""
"SHELLTXT.BIN",3503,"~H~Herc Bay","","hotkey",""
"SHELLTXT.BIN",3504,"","~L~Launch Mission","alt:hotkey",""
"SHELLTXT.BIN",3505,"~L~Launch Mission","~R~Return to General Menu","hotkey|alt:hotkey",""
"SHELLTXT.BIN",3506,"~R~Return to General Menu","Save","hotkey",""
"SHELLTXT.BIN",3507,"Save","Don't Save","",""
"SHELLTXT.BIN",3508,"Don't Save","Cancel","",""
"SHELLTXT.BIN",3509,"Cancel","~~Cancel","alt:hotkey",""
"SHELLTXT.BIN",3510,"~~Cancel","Launch","hotkey",""
"SHELLTXT.BIN",3511,"Launch","OK","",""
"SHELLTXT.BIN",3512,"OK","~œ~Done","alt:hotkey",""
"SHELLTXT.BIN",3513,"~œ~Done","","hotkey",""
"SHELLTXT.BIN",3514,"","","",""
"SHELLTXT.BIN",3515,"","","",""
"SHELLTXT.BIN",3516,"","","",""
"SHELLTXT.BIN",3517,"","","",""
"SHELLTXT.BIN",3518,"","","",""
"SHELLTXT.BIN",3519,"","Force Value:","",""
"SHELLTXT.BIN",3520,"Force Value:","Rank:","",""
"SHELLTXT.BIN",3521,"Rank:","","",""
"SHELLTXT.BIN",3522,"","Force Information ","",""
"SHELLTXT.BIN",3523,"Force Information ","","",""
"SHELLTXT.BIN",3524,"","","",""
"SHELLTXT.BIN",3525,"","","",""
"SHELLTXT.BIN",3526,"","","",""
"SHELLTXT.BIN",3527,"","Rank","",""
"SHELLTXT.BIN",3528,"Rank","Force Value","",""
"SHELLTXT.BIN",3529,"Force Value","Name","",""
"SHELLTXT.BIN",3530,"Name","Your linked Hercs do not contain any ore extractors. Launch Mission anyway?","",""
"SHELLTXT.BIN",3531,"Your linked Hercs do not contain any ore extractors. Launch Mission anyway?","Do you wish to save this game before returning to the General menu?","",""
"SHELLTXT.BIN",3532,"Do you wish to save this game before returning to the General menu?","Launch","",""
"SHELLTXT.BIN",3533,"Launch","You must purchase and link at least one Herc prior to Launch.","",""
"SHELLTXT.BIN",3534,"You must purchase and link at least one Herc prior to Launch.","You must purchase and link at least one pilot in the Bioderm Facility prior to Launch.","",""
"SHELLTXT.BIN",3535,"You must purchase and link at least one pilot in the Bioderm Facility prior to Launch.","You must select a mission in the Herc Command Center prior to Launch.","",""
"SHELLTXT.BIN",3536,"You must select a mission in the Herc Command Center prior to Launch.","You must have at least one Bioderm and one Herc linked prior to Launch.","",""
"SHELLTXT.BIN",3537,"You must have at least one Bioderm and one Herc linked prior to Launch.","Select a rank level and the number of credits for this force.","",""
"SHELLTXT.BIN",3538,"Select a rank level and the number of credits for this force.","Enter your name","",""
"SHELLTXT.BIN",3539,"Enter your name","


             Dialing modem...","",""
"SHELLTXT.BIN",3540,"


             Dialing modem...","","",""
"SHELLTXT.BIN",3541,"","","",""
"SHELLTXT.BIN",3600,"","","",""
"SHELLTXT.BIN",3601,"","","",""
"SHELLTXT.BIN",3602,"","","",""
"SHELLTXT.BIN",3603,"","","",""
"SHELLTXT.BIN",3604,"","","",""
"SHELLTXT.BIN",3605,"","","",""
"SHELLTXT.BIN",3606,"","","",""
"SHELLTXT.BIN",3607,"","","",""
"SHELLTXT.BIN",3700,"","   Launch Multi Player","",""
"SHELLTXT.BIN",3701,"   Launch Multi Player","Begin Game","",""
"SHELLTXT.BIN",3702,"Begin Game","Load Group","",""
"SHELLTXT.BIN",3703,"Load Group","Default Group","",""
"SHELLTXT.BIN",3704,"Default Group","~~Return to Herc Base","alt:hotkey",""
"SHELLTXT.BIN",3705,"~~Return to Herc Base","Players","hotkey",""
"SHELLTXT.BIN",3706,"Players","Player Color","",""
"SHELLTXT.BIN",3707,"Player Color","Force Value","",""
"SHELLTXT.BIN",3708,"Force Value","Rank Level","",""
"SHELLTXT.BIN",3709,"Rank Level","Creator Options","",""
"SHELLTXT.BIN",3710,"Creator Options","Force Value:","",""
"SHELLTXT.BIN",3711,"Force Value:","Rank Level:","",""
"SHELLTXT.BIN",3712,"Rank Level:","","",""
"SHELLTXT.BIN",3713,"","Cybrid Presence:","",""
"SHELLTXT.BIN",3714,"Cybrid Presence:","Timer","",""
"SHELLTXT.BIN",3715,"Timer","Fog of War","",""
"SHELLTXT.BIN",3716,"Fog of War","Herc Carrier","",""
"SHELLTXT.BIN",3717,"Herc Carrier","","",""
"SHELLTXT.BIN",3718,"","","",""
"SHELLTXT.BIN",3719,"","","",""
"SHELLTXT.BIN",3720,"","","",""
"SHELLTXT.BIN",3721,"","","",""
"SHELLTXT.BIN",3722,"","","",""
"SHELLTXT.BIN",3723,"","","",""
"SHELLTXT.BIN",3724,"","","",""
"SHELLTXT.BIN",3725,"","","",""
"SHELLTXT.BIN",3726,"","","",""
"SHELLTXT.BIN",3727,"","","",""
"SHELLTXT.BIN",3728,"","","",""
"SHELLTXT.BIN",3729,"","","",""
"SHELLTXT.BIN",3730,"","","",""
"SHELLTXT.BIN",3731,"","","",""
"SHELLTXT.BIN",3732,"","","",""
"SHELLTXT.BIN",3733,"","","",""
"SHELLTXT.BIN",3734,"","","",""
"SHELLTXT.BIN",3735,"","","",""
"SHELLTXT.BIN",3736,"","","",""
"SHELLTXT.BIN",3737,"","","",""
"SHELLTXT.BIN",3738,"","","",""
"SHELLTXT.BIN",3739,"","","",""
"SHELLTXT.BIN",3740,"","","",""
"SHELLTXT.BIN",3741,"","","",""
"SHELLTXT.BIN",3742,"","","",""
"SHELLTXT.BIN",3743,"","","",""
"SHELLTXT.BIN",3744,"","","",""
"SHELLTXT.BIN",3745,"","","",""
"SHELLTXT.BIN",3746,"","","",""
"SHELLTXT.BIN",3747,"","","",""
"SHELLTXT.BIN",3748,"","","",""
"SHELLTXT.BIN",3749,"","","",""
"SHELLTXT.BIN",3750,"","","",""
"SHELLTXT.BIN",3751,"","","",""
"SHELLTXT.BIN",3752,"","","",""
"SHELLTXT.BIN",3753,"","","",""
"SHELLTXT.BIN",3754,"","","",""
"SHELLTXT.BIN",3755,"","","",""
"SHELLTXT.BIN",3756,"","","",""
"SHELLTXT.BIN",3757,"","","",""
"SHELLTXT.BIN",3758,"","","",""
"SHELLTXT.BIN",3759,"","","",""
"SHELLTXT.BIN",3760,"","","",""
"SHELLTXT.BIN",3761,"","","",""
"SHELLTXT.BIN",3762,"","","",""
"SHELLTXT.BIN",3763,"","","",""
"SHELLTXT.BIN",3764,"","","",""
"SHELLTXT.BIN",3765,"","","",""
"SHELLTXT.BIN",3766,"","","",""
"SHELLTXT.BIN",3767,"","","",""
"SHELLTXT.BIN",3768,"","","",""
"SHELLTXT.BIN",3769,"","","",""
"SHELLTXT.BIN",3770,"","","",""
"SHELLTXT.BIN",3771,"","","",""
"SHELLTXT.BIN",3772,"","","",""
"SHELLTXT.BIN",3773,"","","",""
"SHELLTXT.BIN",3774,"","","",""
"SHELLTXT.BIN",3775,"","","",""
"SHELLTXT.BIN",3776,"","","",""
"SHELLTXT.BIN",3777,"","","",""
"SHELLTXT.BIN",3778,"","","",""
"SHELLTXT.BIN",3779,"","","",""
"SHELLTXT.BIN",3780,"","","",""
"SHELLTXT.BIN",3781,"","","",""
"SHELLTXT.BIN",3782,"","","",""
"SHELLTXT.BIN",3783,"","","",""
"SHELLTXT.BIN",3784,"","~œ~OK","alt:hotkey",""
"SHELLTXT.BIN",3785,"~œ~OK","~œ~OK","hotkey|alt:hotkey",""
"SHELLTXT.BIN",3786,"~œ~OK","~~Cancel","hotkey|alt:hotkey",""
"SHELLTXT.BIN",3787,"~~Cancel","","hotkey",""
"SHELLTXT.BIN",3788,"","","",""
"SHELLTXT.BIN",3789,"","","",""
"SHELLTXT.BIN",3790,"","","",""
"SHELLTXT.BIN",3791,"","","",""
"SHELLTXT.BIN",3792,"","","",""
"SHELLTXT.BIN",3793,"","","",""
"SHELLTXT.BIN",3794,"","","",""
"SHELLTXT.BIN",3795,"","","",""
"SHELLTXT.BIN",3796,"","","",""
"SHELLTXT.BIN",3797,"","","",""
"SHELLTXT.BIN",3798,"","","",""
"SHELLTXT.BIN",3799,"","~œ~Launch","alt:hotkey",""
"SHELLTXT.BIN",3800,"~œ~Launch","~~Cancel","hotkey|alt:hotkey",""
"SHELLTXT.BIN",3801,"~~Cancel","~~Done","hotkey|alt:hotkey",""
"SHELLTXT.BIN",3802,"~~Done","","hotkey",""
"SHELLTXT.BIN",3803,"","","",""
"SHELLTXT.BIN",3804,"","","",""
"SHELLTXT.BIN",3805,"","Yes","",""
"SHELLTXT.BIN",3806,"Yes","No","",""
"SHELLTXT.BIN",3807,"No","Off","",""
"SHELLTXT.BIN",3808,"Off","Ltd","",""
"SHELLTXT.BIN",3809,"Ltd","On","",""
"SHELLTXT.BIN",3810,"On","Parsus","",""
"SHELLTXT.BIN",3811,"Parsus","Beran","",""
"SHELLTXT.BIN",3812,"Beran","Mardalla","",""
"SHELLTXT.BIN",3813,"Mardalla","Tirith","",""
"SHELLTXT.BIN",3814,"Tirith","Brell","",""
"SHELLTXT.BIN",3815,"Brell","Ora","",""
"SHELLTXT.BIN",3816,"Ora","Dirol","",""
"SHELLTXT.BIN",3817,"Dirol","Hyperion","",""
"SHELLTXT.BIN",3818,"Hyperion","Dorn","",""
"SHELLTXT.BIN",3819,"Dorn","Odon","",""
"SHELLTXT.BIN",3820,"Odon","Dobo","",""
"SHELLTXT.BIN",3821,"Dobo","Xhiron","",""
"SHELLTXT.BIN",3822,"Xhiron","Basmalt","",""
"SHELLTXT.BIN",3823,"Basmalt","Tahn","",""
"SHELLTXT.BIN",3824,"Tahn","Kabulov","",""
"SHELLTXT.BIN",3825,"Kabulov","Ursk","",""
"SHELLTXT.BIN",3826,"Ursk","Muynak","",""
"SHELLTXT.BIN",3827,"Muynak","Morav","",""
"SHELLTXT.BIN",3828,"Morav","Salikh","",""
"SHELLTXT.BIN",3829,"Salikh","Praab","",""
"SHELLTXT.BIN",3830,"Praab","Gehenna","",""
"SHELLTXT.BIN",3831,"Gehenna","Charon","",""
"SHELLTXT.BIN",3832,"Charon","Acheron","",""
"SHELLTXT.BIN",3833,"Acheron"," Timer:   30 Secs","",""
"SHELLTXT.BIN",3834," Timer:   30 Secs"," Timer:   45 Secs","",""
"SHELLTXT.BIN",3835," Timer:   45 Secs"," Timer:   60 Secs","",""
"SHELLTXT.BIN",3836," Timer:   60 Secs"," Timer:   90 Secs","",""
"SHELLTXT.BIN",3837," Timer:   90 Secs"," Timer:     2 Min","",""
"SHELLTXT.BIN",3838," Timer:     2 Min"," Timer:     3 Min","",""
"SHELLTXT.BIN",3839," Timer:     3 Min"," Timer:     4 Min","",""
"SHELLTXT.BIN",3840," Timer:     4 Min"," Timer:     5 Min","",""
"SHELLTXT.BIN",3841," Timer:     5 Min"," Timer:     8 Min","",""
"SHELLTXT.BIN",3842," Timer:     8 Min"," Timer:    10 Min","",""
"SHELLTXT.BIN",3843," Timer:    10 Min"," Timer:    15 Min","",""
"SHELLTXT.BIN",3844," Timer:    15 Min"," Timer:    20 Min","",""
"SHELLTXT.BIN",3845," Timer:    20 Min"," Timer: unlimited","",""
"SHELLTXT.BIN",3846," Timer: unlimited","Warning: you are the only player currently logged into this game. Do you want to launch anyway?","",""
"SHELLTXT.BIN",3847,"Warning: you are the only player currently logged into this game. Do you want to launch anyway?","Warning: one or more players are not ready to launch. The ready box to the left of a players name will have an X in it when that player is ready for launch.","",""
"SHELLTXT.BIN",3848,"Warning: one or more players are not ready to launch. The ready box to the left of a players name will have an X in it when that player is ready for launch.","Available","",""
"SHELLTXT.BIN",3849,"Available","Closed","",""
"SHELLTXT.BIN",3850,"Closed","Punted","",""
"SHELLTXT.BIN",3851,"Punted","Do you wish to remove this player from the player list?","",""
"SHELLTXT.BIN",3852,"Do you wish to remove this player from the player list?","","",""
"SHELLTXT.BIN",3853,"","","",""
"SHELLTXT.BIN",3854,"","","",""
"SHELLTXT.BIN",3855,"","","",""
"SHELLTXT.BIN",3856,"","","",""
"SHELLTXT.BIN",3857,"","","",""
"SHELLTXT.BIN",3858,"","","",""
"SHELLTXT.BIN",3859,"","","",""
"SHELLTXT.BIN",3860,"","","",""
"SHELLTXT.BIN",3861,"","","",""
"SHELLTXT.BIN",3862,"","","",""
"SHELLTXT.BIN",3863,"","","",""
"SHELLTXT.BIN",3864,"","","",""
"SHELLTXT.BIN",3865,"","","",""
"SHELLTXT.BIN",3866,"","","",""
"SHELLTXT.BIN",3867,"","","",""
"SHELLTXT.BIN",3868,"","","",""
"SHELLTXT.BIN",3869,"","","",""
"SHELLTXT.BIN",3870,"","","",""
"SHELLTXT.BIN",3871,"","","",""
"SHELLTXT.BIN",3872,"","","",""
"SHELLTXT.BIN",3873,"","","",""
"SHELLTXT.BIN",3874,"","","",""
"SHELLTXT.BIN",3875,"","The rank level of your force and the net value of your force both exceed the settings entered by the game creator.","",""
"SHELLTXT.BIN",3876,"The rank level of your force and the net value of your force both exceed the settings entered by the game creator.","The net value of your force exceeds the limit set by the game creator. You will need to load a lower value force or the game creator must raise the force limit.","",""
"SHELLTXT.BIN",3877,"The net value of your force exceeds the limit set by the game creator. You will need to load a lower value force or the game creator must raise the force limit.","The rank level of your force exceeds the limit set by the game creator. You will need to load a lower value force or the game creator must raise the rank level.","",""
"SHELLTXT.BIN",3878,"The rank level of your force exceeds the limit set by the game creator. You will need to load a lower value force or the game creator must raise the rank level.","","",""
"SHELLTXT.BIN",3879,"","Mission 1","",""
"SHELLTXT.BIN",3900,"","Mission 1","",""
"SHELLTXT.BIN",3901,"Mission 1","Mission 2","",""
"SHELLTXT.BIN",3902,"Mission 2","Mission 3","",""
"SHELLTXT.BIN",3903,"Mission 3","Mission 4","",""
"SHELLTXT.BIN",3904,"Mission 4","Mission 5","",""
"SHELLTXT.BIN",3905,"Mission 5","Mission 6","",""
"SHELLTXT.BIN",3906,"Mission 6","Mission 7","",""
"SHELLTXT.BIN",3907,"Mission 7","Mission 8","",""
"SHELLTXT.BIN",3908,"Mission 8","Mission 9","",""
"SHELLTXT.BIN",3909,"Mission 9","~~Cancel","alt:hotkey",""
"SHELLTXT.BIN",3910,"~~Cancel","Enter Name","hotkey",""
"SHELLTXT.BIN",3911,"Enter Name","Connect","",""
"SHELLTXT.BIN",3912,"Connect","Cybrid Intelligence","",""
"SHELLTXT.BIN",3913,"Cybrid Intelligence","Return to Herc Base","",""
"SHELLTXT.BIN",3914,"Return to Herc Base","Missions","",""
"SHELLTXT.BIN",3915,"Missions","Planet","",""
"SHELLTXT.BIN",3916,"Planet","Mission Overview","",""
"SHELLTXT.BIN",3917,"Mission Overview","Bonus:","",""
"SHELLTXT.BIN",3918,"Bonus:","Length:","",""
"SHELLTXT.BIN",3919,"Length:","","",""
"SHELLTXT.BIN",3920,"","","",""
"SHELLTXT.BIN",3921,"","","",""
"SHELLTXT.BIN",3922,"","   Herc Command Center","",""
"SHELLTXT.BIN",3923,"   Herc Command Center","Career Status","",""
"SHELLTXT.BIN",3924,"Career Status","Career Date","",""
"SHELLTXT.BIN",3925,"Career Date","Credits","",""
"SHELLTXT.BIN",3926,"Credits","Rank:","",""
"SHELLTXT.BIN",3927,"Rank:","Hercs Owned:","",""
"SHELLTXT.BIN",3928,"Hercs Owned:","Max number Hercs:","",""
"SHELLTXT.BIN",3929,"Max number Hercs:","Bioderms Owned:","",""
"SHELLTXT.BIN",3930,"Bioderms Owned:","Max number Bioderms:","",""
"SHELLTXT.BIN",3931,"Max number Bioderms:","Cybrids Destroyed:","",""
"SHELLTXT.BIN",3932,"Cybrids Destroyed:","Missions Attempted:","",""
"SHELLTXT.BIN",3933,"Missions Attempted:","Missions Completed:","",""
"SHELLTXT.BIN",3934,"Missions Completed:","Current Saved Game:","",""
"SHELLTXT.BIN",3935,"Current Saved Game:","Worlds Explored:","",""
"SHELLTXT.BIN",3936,"Worlds Explored:","Ore Mined:","",""
"SHELLTXT.BIN",3937,"Ore Mined:","","",""
"SHELLTXT.BIN",3938,"","","",""
"SHELLTXT.BIN",3939,"","","",""
"SHELLTXT.BIN",3940,"","","",""
"SHELLTXT.BIN",3941,"","","",""
"SHELLTXT.BIN",3942,"","","",""
"SHELLTXT.BIN",3943,"","","",""
"SHELLTXT.BIN",3944,"","","",""
"SHELLTXT.BIN",3945,"","","",""
"SHELLTXT.BIN",3946,"","","",""
"SHELLTXT.BIN",3947,"","","",""
"SHELLTXT.BIN",3948,"","","",""
"SHELLTXT.BIN",3949,"","","",""
"SHELLTXT.BIN",3950,"","Ensign","",""
"SHELLTXT.BIN",3951,"Ensign","Unit Leader","",""
"SHELLTXT.BIN",3952,"Unit Leader","Unit Captain","",""
"SHELLTXT.BIN",3953,"Unit Captain","Squad Leader","",""
"SHELLTXT.BIN",3954,"Squad Leader","Squad Captain","",""
"SHELLTXT.BIN",3955,"Squad Captain","Squad Commander","",""
"SHELLTXT.BIN",3956,"Squad Commander","Force Leader","",""
"SHELLTXT.BIN",3957,"Force Leader","Force Captain","",""
"SHELLTXT.BIN",3958,"Force Captain","Combat Leader","",""
"SHELLTXT.BIN",3959,"Combat Leader","Combat Captain","",""
"SHELLTXT.BIN",3960,"Combat Captain","Combat Commander","",""
"SHELLTXT.BIN",3961,"Combat Commander","Battle Leader","",""
"SHELLTXT.BIN",3962,"Battle Leader","Battle Captain","",""
"SHELLTXT.BIN",3963,"Battle Captain","Herc Commander","",""
"SHELLTXT.BIN",3964,"Herc Commander","Previous Promotions","",""
"SHELLTXT.BIN",3965,"Previous Promotions","~~Cancel","alt:hotkey",""
"SHELLTXT.BIN",3966,"~~Cancel","Tutorials","hotkey",""
"SHELLTXT.BIN",3967,"Tutorials","Managing your forces","",""
"SHELLTXT.BIN",3968,"Managing your forces","Selecting a mission","",""
"SHELLTXT.BIN",3969,"Selecting a mission","Controlling battlefield forces","",""
"SHELLTXT.BIN",3970,"Controlling battlefield forces","","",""
"SHELLTXT.BIN",3971,"","Planet:","",""
"SHELLTXT.BIN",3972,"Planet:","Complete","",""
"SHELLTXT.BIN",3973,"Complete","Most","",""
"SHELLTXT.BIN",3974,"Most","Some","",""
"SHELLTXT.BIN",3975,"Some","Little","",""
"SHELLTXT.BIN",3976,"Little","None","",""
"SHELLTXT.BIN",3977,"None","No","",""
"SHELLTXT.BIN",3978,"No","Yes","",""
"SHELLTXT.BIN",3979,"Yes","","",""
"SHELLTXT.BIN",3980,"","Changes have been made. Save changes?","",""
"SHELLTXT.BIN",3981,"Changes have been made. Save changes?","","",""
"SHELLTXT.BIN",4000,"","   Launch HotSeat","",""
"SHELLTXT.BIN",4001,"   Launch HotSeat","Begin Game","",""
"SHELLTXT.BIN",4002,"Begin Game","Use all defaults","",""
"SHELLTXT.BIN",4003,"Use all defaults","~~Cancel","alt:hotkey",""
"SHELLTXT.BIN",4004,"~~Cancel","Players","hotkey",""
"SHELLTXT.BIN",4005,"Players","Game file name","",""
"SHELLTXT.BIN",4006,"Game file name","Force Value","",""
"SHELLTXT.BIN",4007,"Force Value","Rank Level","",""
"SHELLTXT.BIN",4008,"Rank Level","Game Options","",""
"SHELLTXT.BIN",4009,"Game Options","Force Value:","",""
"SHELLTXT.BIN",4010,"Force Value:","Rank Level:","",""
"SHELLTXT.BIN",4011,"Rank Level:","","",""
"SHELLTXT.BIN",4012,"","Cybrid Presence:","",""
"SHELLTXT.BIN",4013,"Cybrid Presence:","Timer","",""
"SHELLTXT.BIN",4014,"Timer","Fog of War","",""
"SHELLTXT.BIN",4015,"Fog of War","Herc Carrier","",""
"SHELLTXT.BIN",4016,"Herc Carrier","","",""
"SHELLTXT.BIN",4017,"","","",""
"SHELLTXT.BIN",4018,"","","",""
"SHELLTXT.BIN",4019,"","","",""
"SHELLTXT.BIN",4020,"","","",""
"SHELLTXT.BIN",4021,"","","",""
"SHELLTXT.BIN",4022,"","","",""
"SHELLTXT.BIN",4023,"","","",""
"SHELLTXT.BIN",4024,"","","",""
"SHELLTXT.BIN",4025,"","","",""
"SHELLTXT.BIN",4026,"","","",""
"SHELLTXT.BIN",4027,"","","",""
"SHELLTXT.BIN",4028,"","","",""
"SHELLTXT.BIN",4029,"","","",""
"SHELLTXT.BIN",4030,"","","",""
"SHELLTXT.BIN",4031,"","","",""
"SHELLTXT.BIN",4032,"","","",""
"SHELLTXT.BIN",4033,"","","",""
"SHELLTXT.BIN",4034,"","","",""
"SHELLTXT.BIN",4035,"","","",""
"SHELLTXT.BIN",4036,"","","",""
"SHELLTXT.BIN",4037,"","","",""
"SHELLTXT.BIN",4038,"","","",""
"SHELLTXT.BIN",4039,"","","",""
"SHELLTXT.BIN",4040,"","","",""
"SHELLTXT.BIN",4041,"","","",""
"SHELLTXT.BIN",4042,"","","",""
"SHELLTXT.BIN",4043,"","","",""
"SHELLTXT.BIN",4044,"","","",""
"SHELLTXT.BIN",4045,"","","",""
"SHELLTXT.BIN",4046,"","","",""
"SHELLTXT.BIN",4047,"","","",""
"SHELLTXT.BIN",4048,"","","",""
"SHELLTXT.BIN",4049,"","","",""
"SHELLTXT.BIN",4050,"","","",""
"SHELLTXT.BIN",4051,"","","",""
"SHELLTXT.BIN",4052,"","","",""
"SHELLTXT.BIN",4053,"","","",""
"SHELLTXT.BIN",4054,"","","",""
"SHELLTXT.BIN",4055,"","","",""
"SHELLTXT.BIN",4056,"","","",""
"SHELLTXT.BIN",4057,"","","",""
"SHELLTXT.BIN",4058,"","","",""
"SHELLTXT.BIN",4059,"","","",""
"SHELLTXT.BIN",4060,"","","",""
"SHELLTXT.BIN",4061,"","","",""
"SHELLTXT.BIN",4062,"","","",""
"SHELLTXT.BIN",4063,"","","",""
"SHELLTXT.BIN",4064,"","","",""
"SHELLTXT.BIN",4065,"","","",""
"SHELLTXT.BIN",4066,"","","",""
"SHELLTXT.BIN",4067,"","","",""
"SHELLTXT.BIN",4068,"","","",""
"SHELLTXT.BIN",4069,"","","",""
"SHELLTXT.BIN",4070,"","","",""
"SHELLTXT.BIN",4071,"","","",""
"SHELLTXT.BIN",4072,"","","",""
"SHELLTXT.BIN",4073,"","","",""
"SHELLTXT.BIN",4074,"","","",""
"SHELLTXT.BIN",4075,"","","",""
"SHELLTXT.BIN",4076,"","OpFire: off","",""
"SHELLTXT.BIN",4077,"OpFire: off","OpFire: ON","",""
"SHELLTXT.BIN",4078,"OpFire: ON","","",""
"SHELLTXT.BIN",4079,"","","",""
"SHELLTXT.BIN",4100,"","","",""
"SHELLTXT.BIN",4101,"","","",""
"SIMTXT.BIN",100,"","Move","",""
"SIMTXT.BIN",101,"Move","Fire","",""
"SIMTXT.BIN",102,"Fire","Internal","",""
"SIMTXT.BIN",103,"Internal","Shields","",""
"SIMTXT.BIN",104,"Shields","","",""
"SIMTXT.BIN",105,"","","",""
"SIMTXT.BIN",106,"","","",""
"SIMTXT.BIN",107,"","","",""
"SIMTXT.BIN",108,"","","",""
"SIMTXT.BIN",109,"","","",""
"SIMTXT.BIN",110,"","Defend","",""
"SIMTXT.BIN",111,"Defend","End Turn","",""
"SIMTXT.BIN",112,"End Turn","","",""
"SIMTXT.BIN",113,"","","",""
"SIMTXT.BIN",114,"","","",""
"SIMTXT.BIN",115,"","","",""
"SIMTXT.BIN",116,"","","",""
"SIMTXT.BIN",117,"","","",""
"SIMTXT.BIN",118,"","","",""
"SIMTXT.BIN",119,"","","",""
"SIMTXT.BIN",120,"","","",""
"SIMTXT.BIN",121,"","","",""
"SIMTXT.BIN",122,"","","",""
"SIMTXT.BIN",123,"","","",""
"SIMTXT.BIN",124,"","","",""
"SIMTXT.BIN",125,"","","",""
"SIMTXT.BIN",126,"","","",""
"SIMTXT.BIN",127,"","","",""
"SIMTXT.BIN",128,"","","",""
"SIMTXT.BIN",129,"","","",""
"SIMTXT.BIN",130,"","","",""
"SIMTXT.BIN",131,"","","",""
"SIMTXT.BIN",132,"","","",""
"SIMTXT.BIN",133,"","","",""
"SIMTXT.BIN",134,"","","",""
"SIMTXT.BIN",135,"","","",""
"SIMTXT.BIN",136,"","","",""
"SIMTXT.BIN",137,"","","",""
"SIMTXT.BIN",200,"","","",""
"SIMTXT.BIN",201,"","","",""
"SIMTXT.BIN",202,"","","",""
"SIMTXT.BIN",203,"","","",""
"SIMTXT.BIN",204,"","","",""
"SIMTXT.BIN",205,"","","",""
"SIMTXT.BIN",300,"","","",""
"SIMTXT.BIN",301,"","","",""
"SIMTXT.BIN",302,"","Herc Damage","",""
"SIMTXT.BIN",303,"Herc Damage","","",""
"SIMTXT.BIN",304,"","","",""
"SIMTXT.BIN",305,"","","",""
"SIMTXT.BIN",306,"","","",""
"SIMTXT.BIN",307,"","","",""
"SIMTXT.BIN",308,"","","",""
"SIMTXT.BIN",309,"","","",""
"SIMTXT.BIN",310,"","","",""
"SIMTXT.BIN",311,"","","",""
"SIMTXT.BIN",312,"","","",""
"SIMTXT.BIN",313,"","","",""
"SIMTXT.BIN",314,"","","",""
"SIMTXT.BIN",315,"","","",""
"SIMTXT.BIN",316,"","","",""
"SIMTXT.BIN",317,"","","",""
"SIMTXT.BIN",318,"","","",""
"SIMTXT.BIN",319,"","","",""
"SIMTXT.BIN",320,"","","",""
"SIMTXT.BIN",321,"","","",""
"SIMTXT.BIN",322,"","","",""
"SIMTXT.BIN",323,"","","",""
"SIMTXT.BIN",324,"","","",""
"SIMTXT.BIN",325,"","","",""
"SIMTXT.BIN",326,"","Overall:","",""
"SIMTXT.BIN",327,"Overall:","","",""
"SIMTXT.BIN",328,"","","",""
"SIMTXT.BIN",329,"","Done","",""
"SIMTXT.BIN",330,"Done","Structure:","",""
"SIMTXT.BIN",331,"Structure:","Systems:","",""
"SIMTXT.BIN",332,"Systems:","Weapons:","",""
"SIMTXT.BIN",333,"Weapons:","Internals:","",""
"SIMTXT.BIN",334,"Internals:","","",""
"SIMTXT.BIN",335,"","","",""
"SIMTXT.BIN",336,"","Nanorepair available:   %d units","alt:param:number",""
"SIMTXT.BIN",337,"Nanorepair available:   %d units","Repair one percent (uses %d of %d)","param:number|alt:param:number",""
"SIMTXT.BIN",338,"Repair one percent (uses %d of %d)","","param:number",""
"SIMTXT.BIN",339,"","","",""
"SIMTXT.BIN",340,"","","",""
"SIMTXT.BIN",341,"","","",""
"SIMTXT.BIN",342,"","","",""
"SIMTXT.BIN",343,"","","",""
"SIMTXT.BIN",344,"","","",""
"SIMTXT.BIN",345,"","","",""
"SIMTXT.BIN",346,"","","",""
"SIMTXT.BIN",347,"","","",""
"SIMTXT.BIN",348,"","","",""
"SIMTXT.BIN",349,"","","",""
"SIMTXT.BIN",350,"","","",""
"SIMTXT.BIN",351,"","","",""
"SIMTXT.BIN",352,"","","",""
"SIMTXT.BIN",353,"","","",""
"SIMTXT.BIN",354,"","","",""
"SIMTXT.BIN",355,"","","",""
"SIMTXT.BIN",356,"","","",""
"SIMTXT.BIN",357,"","","",""
"SIMTXT.BIN",358,"","","",""
"SIMTXT.BIN",359,"","","",""
"SIMTXT.BIN",360,"","","",""
"SIMTXT.BIN",361,"","","",""
"SIMTXT.BIN",362,"","","",""
"SIMTXT.BIN",363,"","","",""
"SIMTXT.BIN",364,"","","",""
"SIMTXT.BIN",365,"","","",""
"SIMTXT.BIN",366,"","","",""
"SIMTXT.BIN",367,"","","",""
"SIMTXT.BIN",368,"","","",""
"SIMTXT.BIN",369,"","","",""
"SIMTXT.BIN",370,"","","",""
"SIMTXT.BIN",371,"","","",""
"SIMTXT.BIN",372,"","","",""
"SIMTXT.BIN",373,"","","",""
"SIMTXT.BIN",374,"","","",""
"SIMTXT.BIN",375,"","","",""
"SIMTXT.BIN",376,"","","",""
"SIMTXT.BIN",377,"","","",""
"SIMTXT.BIN",378,"","","",""
"SIMTXT.BIN",379,"","","",""
"SIMTXT.BIN",380,"","","",""
"SIMTXT.BIN",381,"","","",""
"SIMTXT.BIN",382,"","","",""
"SIMTXT.BIN",383,"","","",""
"SIMTXT.BIN",384,"","","",""
"SIMTXT.BIN",385,"","","",""
"SIMTXT.BIN",386,"","","",""
"SIMTXT.BIN",400,"","Attributes:","",""
"SIMTXT.BIN",401,"Attributes:","Life Support:","",""
"SIMTXT.BIN",402,"Life Support:","Rank:","",""
"SIMTXT.BIN",403,"Rank:","Age:","",""
"SIMTXT.BIN",404,"Age:","","",""
"SIMTXT.BIN",405,"","","",""
"SIMTXT.BIN",406,"","","",""
"SIMTXT.BIN",407,"","","",""
"SIMTXT.BIN",408,"","","",""
"SIMTXT.BIN",409,"","","",""
"SIMTXT.BIN",410,"","","",""
"SIMTXT.BIN",411,"","","",""
"SIMTXT.BIN",412,"","Health:","",""
"SIMTXT.BIN",413,"Health:","Stability:","",""
"SIMTXT.BIN",414,"Stability:","Toxins:","",""
"SIMTXT.BIN",415,"Toxins:","","",""
"SIMTXT.BIN",416,"","","",""
"SIMTXT.BIN",417,"","","",""
"SIMTXT.BIN",418,"","Done","",""
"SIMTXT.BIN",419,"Done","~J~Jackup","alt:hotkey",""
"SIMTXT.BIN",420,"~J~Jackup","~P~Placidex","hotkey|alt:hotkey",""
"SIMTXT.BIN",421,"~P~Placidex","","hotkey",""
"SIMTXT.BIN",422,"","","",""
"SIMTXT.BIN",423,"","","",""
"SIMTXT.BIN",424,"","","",""
"SIMTXT.BIN",425,"","","",""
"SIMTXT.BIN",426,"","","",""
"SIMTXT.BIN",427,"","","",""
"SIMTXT.BIN",428,"","","",""
"SIMTXT.BIN",429,"","","",""
"SIMTXT.BIN",430,"","Health per turn:","",""
"SIMTXT.BIN",431,"Health per turn:","Stability per turn:","",""
"SIMTXT.BIN",432,"Stability per turn:","Detox per turn:","",""
"SIMTXT.BIN",433,"Detox per turn:","Current condition:","",""
"SIMTXT.BIN",434,"Current condition:","Atmosphere damage:","",""
"SIMTXT.BIN",435,"Atmosphere damage:","Death!","",""
"SIMTXT.BIN",436,"Death!","","",""
"SIMTXT.BIN",500,"","","",""
"SIMTXT.BIN",501,"","","",""
"SIMTXT.BIN",502,"","","",""
"SIMTXT.BIN",503,"","","",""
"SIMTXT.BIN",504,"","Crouch","",""
"SIMTXT.BIN",505,"Crouch","Stand","",""
"SIMTXT.BIN",506,"Stand","Continue","",""
"SIMTXT.BIN",507,"Continue","Continue (ALL)","",""
"SIMTXT.BIN",508,"Continue (ALL)","Follow","",""
"SIMTXT.BIN",509,"Follow","","",""
"SIMTXT.BIN",600,"","","",""
"SIMTXT.BIN",601,"","","",""
"SIMTXT.BIN",602,"","","",""
"SIMTXT.BIN",603,"","","",""
"SIMTXT.BIN",604,"","ON","",""
"SIMTXT.BIN",605,"ON","off","",""
"SIMTXT.BIN",606,"off","out","",""
"SIMTXT.BIN",607,"out","Ready","",""
"SIMTXT.BIN",608,"Ready","","",""
"SIMTXT.BIN",609,"","","",""
"SIMTXT.BIN",610,"","","",""
"SIMTXT.BIN",611,"","%d units","alt:param:number",""
"SIMTXT.BIN",612,"%d units","%d units (full)","param:number|alt:param:number",""
"SIMTXT.BIN",613,"%d units (full)","(empty)","param:number",""
"SIMTXT.BIN",614,"(empty)","%d","alt:param:number",""
"SIMTXT.BIN",615,"%d","%d (full)","param:number|alt:param:number",""
"SIMTXT.BIN",616,"%d (full)","(empty)","param:number",""
"SIMTXT.BIN",617,"(empty)","","",""
"SIMTXT.BIN",618,"","","",""
"SIMTXT.BIN",619,"","","",""
"SIMTXT.BIN",620,"","","",""
"SIMTXT.BIN",621,"","","",""
"SIMTXT.BIN",622,"","","",""
"SIMTXT.BIN",623,"","","",""
"SIMTXT.BIN",624,"","","",""
"SIMTXT.BIN",625,"","","",""
"SIMTXT.BIN",626,"","","",""
"SIMTXT.BIN",627,"","","",""
"SIMTXT.BIN",628,"","","",""
"SIMTXT.BIN",629,"","","",""
"SIMTXT.BIN",630,"","","",""
"SIMTXT.BIN",631,"","","",""
"SIMTXT.BIN",632,"","","",""
"SIMTXT.BIN",633,"","","",""
"SIMTXT.BIN",634,"","","",""
"SIMTXT.BIN",635,"","","",""
"SIMTXT.BIN",636,"","","",""
"SIMTXT.BIN",637,"","","",""
"SIMTXT.BIN",638,"","(%d)","alt:param:number",""
"SIMTXT.BIN",639,"(%d)","(%d)","param:number|alt:param:number",""
"SIMTXT.BIN",640,"(%d)","(out)","param:number",""
"SIMTXT.BIN",641,"(out)","","",""
"SIMTXT.BIN",700,"","","",""
"SIMTXT.BIN",701,"","","",""
"SIMTXT.BIN",702,"","","",""
"SIMTXT.BIN",703,"","","",""
"SIMTXT.BIN",704,"","","",""
"SIMTXT.BIN",705,"","","",""
"SIMTXT.BIN",706,"","","",""
"SIMTXT.BIN",707,"","","",""
"SIMTXT.BIN",708,"","","",""
"SIMTXT.BIN",709,"","","",""
"SIMTXT.BIN",710,"","","",""
"SIMTXT.BIN",711,"","","",""
"SIMTXT.BIN",712,"","","",""
"SIMTXT.BIN",713,"","","",""
"SIMTXT.BIN",714,"","","",""
"SIMTXT.BIN",715,"","","",""
"SIMTXT.BIN",716,"","","",""
"SIMTXT.BIN",717,"","Miss!","",""
"SIMTXT.BIN",718,"Miss!","Hit Shields:","",""
"SIMTXT.BIN",719,"Hit Shields:","Hit Damage:","",""
"SIMTXT.BIN",720,"Hit Damage:","Range:","",""
"SIMTXT.BIN",721,"Range:","Fire weapon.  Chance to hit = %d%%","alt:param:number",""
"SIMTXT.BIN",722,"Fire weapon.  Chance to hit = %d%%","Fire weapon.  Chance to hit = %d%%,  Damage = %d%%","param:number|alt:param:number",""
"SIMTXT.BIN",723,"Fire weapon.  Chance to hit = %d%%,  Damage = %d%%","","param:number",""
"SIMTXT.BIN",724,"","","",""
"SIMTXT.BIN",725,"","","",""
"SIMTXT.BIN",726,"","","",""
"SIMTXT.BIN",727,"","","",""
"SIMTXT.BIN",728,"","","",""
"SIMTXT.BIN",729,"","","",""
"SIMTXT.BIN",730,"","","",""
"SIMTXT.BIN",731,"","","",""
"SIMTXT.BIN",732,"","","",""
"SIMTXT.BIN",733,"","","",""
"SIMTXT.BIN",734,"","","",""
"SIMTXT.BIN",735,"","","",""
"SIMTXT.BIN",736,"","","",""
"SIMTXT.BIN",737,"","","",""
"SIMTXT.BIN",738,"","","",""
"SIMTXT.BIN",739,"","","",""
"SIMTXT.BIN",740,"","","",""
"SIMTXT.BIN",741,"","","",""
"SIMTXT.BIN",742,"","","",""
"SIMTXT.BIN",743,"","","",""
"SIMTXT.BIN",744,"","","",""
"SIMTXT.BIN",800,"","Shield Strength:","",""
"SIMTXT.BIN",801,"Shield Strength:","Equalize","",""
"SIMTXT.BIN",802,"Equalize","","",""
"SIMTXT.BIN",803,"","%d of %d","alt:param:number",""
"SIMTXT.BIN",804,"%d of %d","%d of %d","param:number|alt:param:number",""
"SIMTXT.BIN",805,"%d of %d","%d of %d","param:number|alt:param:number",""
"SIMTXT.BIN",806,"%d of %d","","param:number",""
"SIMTXT.BIN",900,"","Damage Rpt:","",""
"SIMTXT.BIN",901,"Damage Rpt:","","",""
"SIMTXT.BIN",902,"","","",""
"SIMTXT.BIN",903,"","","",""
"SIMTXT.BIN",904,"","","",""
"SIMTXT.BIN",905,"","","",""
"SIMTXT.BIN",906,"","","",""
"SIMTXT.BIN",907,"","Attacker:","",""
"SIMTXT.BIN",908,"Attacker:","Enemy:","",""
"SIMTXT.BIN",909,"Enemy:","","",""
"SIMTXT.BIN",1000,"","Terrain Info:","",""
"SIMTXT.BIN",1001,"Terrain Info:","","",""
"SIMTXT.BIN",1002,"","","",""
"SIMTXT.BIN",1003,"","[ Terrain unknown ]","",""
"SIMTXT.BIN",1004,"[ Terrain unknown ]","Loc:","",""
"SIMTXT.BIN",1005,"Loc:","Height:","",""
"SIMTXT.BIN",1006,"Height:","Move Cost:","",""
"SIMTXT.BIN",1007,"Move Cost:","Hex:","",""
"SIMTXT.BIN",1008,"Hex:","Bonus:","",""
"SIMTXT.BIN",1009,"Bonus:","Bonus (Off):","",""
"SIMTXT.BIN",1010,"Bonus (Off):","Bonus (Def):","",""
"SIMTXT.BIN",1011,"Bonus (Def):","Ore:","",""
"SIMTXT.BIN",1012,"Ore:","units","",""
"SIMTXT.BIN",1013,"units","n/a","",""
"SIMTXT.BIN",1014,"n/a","Starting turn #%d","alt:param:number",""
"SIMTXT.BIN",1100,"Starting turn #%d","Objective:","param:number",""
"SIMTXT.BIN",1101,"Objective:","Leave battlefield and return to Herc Base?","",""
"SIMTXT.BIN",1200,"Leave battlefield and return to Herc Base?","Activate component: %s ?","alt:param:string",""
"SIMTXT.BIN",1201,"Activate component: %s ?","Enter Herc Carrier for the remainder of the battle?","param:string",""
"SIMTXT.BIN",1202,"Enter Herc Carrier for the remainder of the battle?","All Hercs in Herc Carrier.  Returning to Herc Base.","",""
"SIMTXT.BIN",1203,"All Hercs in Herc Carrier.  Returning to Herc Base.","%s has had stability boosted by a command Bioderm.","alt:param:string",""
"SIMTXT.BIN",1204,"%s has had stability boosted by a command Bioderm.","%s was killed by atmosphere exposure.","param:string|alt:param:string",""
"SIMTXT.BIN",1205,"%s was killed by atmosphere exposure.","%s was killed due to a direct hit to the Life Support system.","param:string|alt:param:string",""
"SIMTXT.BIN",1206,"%s was killed due to a direct hit to the Life Support system.","%s was killed due to complete Genetic Stability loss.","param:string|alt:param:string",""
"SIMTXT.BIN",1207,"%s was killed due to complete Genetic Stability loss.","%s was killed due to Stimgland Toxin.","param:string|alt:param:string",""
"SIMTXT.BIN",1208,"%s was killed due to Stimgland Toxin.","Hea:","param:string",""
"SIMTXT.BIN",1300,"Hea:","Sta:","",""
"SIMTXT.BIN",1301,"Sta:","Tox:","",""
"SIMTXT.BIN",1302,"Tox:","R:","",""
"SIMTXT.BIN",1303,"R:","B:","",""
"SIMTXT.BIN",1304,"B:","","",""
"SIMTXT.BIN",1400,"","Planet Info:","",""
"SIMTXT.BIN",1401,"Planet Info:","","",""
"SIMTXT.BIN",1402,"","Player #%d: %s","alt:param:number",""
"SIMTXT.BIN",1403,"Player #%d: %s","Cybrid Action:","param:number",""
"SIMTXT.BIN",1404,"Cybrid Action:","Auto Action:","",""
"SIMTXT.BIN",1405,"Auto Action:","Chat","",""
"SIMTXT.BIN",1406,"Chat","Send to all","",""
"SIMTXT.BIN",1407,"Send to all","Display chat box 	(Enter)","",""
"SIMTXT.BIN",1408,"Display chat box 	(Enter)","Synchronizing...","",""
"SIMTXT.BIN",1409,"Synchronizing...","(Waiting for all other players)","",""
"SIMTXT.BIN",1410,"(Waiting for all other players)","Tarsus seems to have disabled the Self Detonator pod.","",""
"SIMTXT.BIN",1411,"Tarsus seems to have disabled the Self Detonator pod.","","",""
"SIMTXT.BIN",1500,"","Done","",""
"SIMTXT.BIN",1501,"Done","","",""
"SIMTXT.BIN",1502,"","","",""
"SIMTXT.BIN",1503,"","","",""
"SIMTXT.BIN",1504,"","   Battle Summary","",""
"SIMTXT.BIN",1505,"   Battle Summary","Victor: %s","alt:param:string",""
"SIMTXT.BIN",1506,"Victor: %s","Player:","param:string",""
"SIMTXT.BIN",1507,"Player:","Lost:","",""
"SIMTXT.BIN",1508,"Lost:","N/A","",""
"SIMTXT.BIN",1509,"N/A","","",""
"SIMTXT.BIN",1510,"","","",""
"WORLDTXT.BIN",1,"Parsus ","The same tri-nitrogen compound responsible for the brilliant terrain discoloration on Parsus causes a buildup of inert gases in Bioderm respiratory tissues.  This would eventually create a condition similar to nitrogen narcosis, quickly asphyxiating a Bioderm operating without minimal Life Support. 
Though much of the topography on Parsus is made up of gradual changes in elevation, there are enough cliffs to provide adequate defense. Smoother ground allows easier movement.  Rough or jagged terrain is more difficult to cross, and upsets targeting.","",""
"WORLDTXT.BIN",2,"Beran ","The planet Beran is an anomaly.  Its orbit has an average radius of 300 million miles, yet it is a completely developed Terra class world with atmosphere and vegetation.  There is evidence to suggest that Beran and Brell may be terraformed planets. 
Changes in elevation on Beran are gradual, providing little obstructive cover. There are enough trees and boulders, however, to provide some defense. Hercs should move well over hard rock, while icy terrain and swamps provide poor fighting conditions.","",""
"WORLDTXT.BIN",3,"Mardalla ","Mardalla is the larger of Beran's two moons, and younger by 500 million years. This moon's age may be insufficient for the generation of complex ore deposits.  Its size and an unusually dense core enable it to retain a hospitable gravity, an electromagnetic field and even a minimal atmosphere.  Because Mardalla is heavily composed of toxic metallic compounds, its atmosphere would soon poison a Bioderm that is not protected by a Life support system.  Its high metallic content is also responsible for terrain discoloration. 
Deep pits in Mardalla's surface provide excellent cover for hit-and-run tactics, provided the enemy is not within movement range. Some plant life and boulders can be used defensively.  Some metallic compounds within the terrain melted during this planet's formation, leaving a smooth surface that is easily traversed.","",""
"WORLDTXT.BIN",4,"Tirith ","Tirith is smaller and older than its neighbor moon, Mardalla.  This moon's heavily cratered surface attests to its advanced age.  It has been proposed that Tirith is actually a meteor captured by Beran's gravity.  In this event, the potential exists for a greater number of ore deposits being present than a normal moon. 
Extremely gradual changes in elevation offer few strategic opportunities.  Huge craters may provide some defense but will upset targeting.  Smooth terrain affords easier movement, while jagged or rough terrain hinders movement and targeting ability.","",""
"WORLDTXT.BIN",5,"Brell ","The planet Brell is an even greater mystery than its neighbor, Beran. Brell is over 500 million miles from its sun, yet it hosts an even lusher ecology than Beran.  The mountainous jungle terrain of this world is fed by a network of rivers.  Early data concerning Brell indicated a planet covered by desert.  If this is true, Brell may have been terraformed by the Cybrids. 
Varied elevations on Brell provide some degree of cover.  Much of the larger plant life offers some defense as well.  Water is difficult to move through and is a defensive disadvantage.  Jagged terrain hinders movement and targeting ability.","",""
"WORLDTXT.BIN",6,"Ora ","Ora was the site of the Mox Tarsus mining colony.  Its erratic terrain and heavy Cybrid infestation have made this moon difficult to mine. 
Varied elevations on Ora provide some strategic cover.  Smoother ground allows easier movement. Rough or jagged terrain is more difficult to cross, and upsets targeting.","",""
"WORLDTXT.BIN",7,"Dirol ","Dirol is another example of a planet that is probably a captured asteroid. It is dense enough to exert a Terra-class gravitational field.  Most of Dirol's surface is covered with ice, possibly composed of frozen gases. 
Varied elevations on Dirol's glaciers provide some strategic cover, though movement on ice is slower and hinders targeting.","",""
"WORLDTXT.BIN",8,"Hyperion ","Continuous volcanic activity, combined with Hyperion's proximity to the star Ionis, keep the planet's surface temperature high enough to quickly kill a Bioderm without minimal Life Support. 
Hyperion's topography provides some degree of cover.  Many of the larger cinder cones can be used defensively as well.","",""
"WORLDTXT.BIN",9,"Dorn ","The planet Dorn was most likely a Terra-class world at one time. Oxidation and nitrate depletion have destroyed any native life, though Dorn's atmosphere will remain breathable for several millenia. Sudden changes in elevation may be the result of internal instability.  Dorn's two moons are Odon and Dobo. 
Extremes in elevations have earned Dorn the nickname ""Maze world."" These natural formations provide strategic advantages.  Dead trees and boulders could also be used defensively, if needed.  Polarized amber, found only on Dorn, may somehow aid weapon performance.","",""
"WORLDTXT.BIN",10,"Odon ","Veins of a pyrite-based compound can be found running throughout Odon. In the ""Corporate mythos"" of the splinter faction that discovered this system, Odon and Dobo were the sons of a great leader, Dorn, who was assassinated by his rivals.  The sons avenged his death by destroying all of Dorn's enemies, and then stood vigil at his tomb until his return.  In the Newspeech of that time, the name Odon meant ""the golden one."" 
Odon's surface is now baked and dry, destroying any life it once had. The deep gouges in the planet's surface could prove to be death traps due to the hindering effects of the uneven terrain.  Boulders and dead trees may provide enough protection to take control of the surface.","",""
"WORLDTXT.BIN",11,"Dobo ","In the ""Corporate mythos"" of the splinter faction that discovered this system, Odon and Dobo were the sons of a great leader, Dorn, who was assassinated by his rivals.  The sons avenged his death by destroying all of Dorn's enemies, and then stood vigil at his tomb until his return.  In the Newspeech of that time, the name Dobo meant ""the aggressive one."" 
Deep ravines and pits on this world may provide quick cover in some situations.","",""
"WORLDTXT.BIN",12,"Xhiron ","The atmosphere of Xhiron is composed primarily of methane and particulate corrosives. Fissures in the planet's surface continuously produce toxic gases, evidence of this world's unstable interior. Xhiron's six moons are Basmalt, Tahn, Kabulov, Ursk, Muynak, and Morav. 
Xhiron's frozen gas glaciers present excellent strategic opportunities for hit-and-run tactics. Their elevation prevents line of sight, and crossing over them is difficult due to gravity and icy terrain.","",""
"WORLDTXT.BIN",13,"Basmalt ","Like Dorn, Basmalt was probably a completely Terra-class world.  A shift in this planet's orbit resulted in the destruction of any native life.  Continuous tectonic activity has resulted in a mostly uniform topography.  Basmalt's atmosphere is considered toxic. 
Basmalt's gradual changes in elevation provide little cover.  Movement along its rocky ridges proves easier than its sandy floor.  Ancient alien artifacts on this planet may have a positive effect on weapons systems.","",""
"WORLDTXT.BIN",14,"Tahn ","Tahn is a large enough moon to retain a sufficient gravity field and a breathable atmosphere.  It has a lush jungle environment dense enough to discourage colonization in some cases.  Heavy Cybrid infestation is indicated.  This moon is apparently of particular interest to the Cybrids, perhaps because of its electromagnetic fields. 
Changes in elevation on Tahn are more gradual than they appear.  Trees and related plant life are the major defensive elements this world has to offer.  Bodies of water are made more difficult to cross by exposed rocks.","",""
"WORLDTXT.BIN",15,"Kabulov ","Extreme caution is advised in exploring this moon.  Little is known about Kabulov because of its extremely inhibiting electromagnetic field.  It has been speculated that an unknown element exists at this moon's core. 
Most of Kabulov appears flat, with occasional unbroken mountain ridges.","",""
"WORLDTXT.BIN",16,"Ursk ","Ursk is covered in a sheet of frozen methane and trace minerals.  Its rugged beauty is offset by an inhibiting electromagnetic field and poisonous atmosphere. 
Varied elevations on Ursk's glaciers provide some strategic cover, though movement on ice is slower and hinders targeting.","",""
"WORLDTXT.BIN",17,"Muynak ","In geologic terms, Muynak is a very recently formed moon.  Shifting plate tectonics continually release lava flows across its surface.  Muynak's compact wave electromagnetic field has made analysis difficult. 
Gradual changes in elevation offer little cover.  Many of the larger cinder cones can be used defensively.","",""
"WORLDTXT.BIN",18,"Morav ","Morav was seen as an ideal colonization site before Cybrid infestation was discovered. In Newspeech, the name ""Morav"" meant ""Paradise."" 
Morav is covered by shallow intersecting rivers.  Its gentle terrain offers little protection, though much of the larger plant life could be used as cover.","",""
"WORLDTXT.BIN",19,"Salikh ","Salikh may have lost any breathable atmosphere it once had during its initial formation.  Any water remaining would be at the sub-microscopic level. 
Changes in elevation on Salikh are greater than they appear.  Mesas and spires on this world provide excellent strategic opportunities.","",""
"WORLDTXT.BIN",20,"Praab ","Praab is a tiny jungle planet that should be covered in ice.  The presence of an electromagnetic field with an inhibiting wave signature greatly hindered initial analysis. 
Praab's mountainous terrain offers some strategic elements, though changes in elevation are too gradual to offer much cover.  Trees and boulders offer some protection, and a series of bizarre monoliths found only on Praab seem to be positively polarized.","",""
"WORLDTXT.BIN",21,"Gehenna ","Robotic probes were destroyed before reaching this planet.  Long range spectral analysis indicates a severely corrosive atmosphere due to the presence of unknown compounds. Heavy volcanic activity is also indicated.  This planet's codename, and those of its moons, refer to ancient legends of an underworld.","",""
"WORLDTXT.BIN",22,"Charon ","Robotic probes were destroyed before reaching this moon.  Long range spectral analysis indicates an extremely corrosive atmosphere due to the presence of unknown compounds.","",""
"WORLDTXT.BIN",23,"Acheron ","Robotic probes were destroyed before reaching this moon.  Long range spectral analysis indicates an extremely corrosive atmosphere and an unusually strong gravitational pull.","",""
"WORLDTXT.BIN",50,"Paracelsus ","Paracelsus was the first system explored after Mankind colonized Terra Nova.  ","",""
"WORLDTXT.BIN",51,"Ionis ","This is a system","",""
"WORLDTXT.BIN",52,"M138 ","This is a system","",""
"WORLDTXT.BIN",53,"This site has little or no gravity.  There will be a huge increase in movement, jump capability and maneuverability.","This site has little or no gravity.  There will be a huge increase in movement, jump capability and maneuverability.","",""
"WORLDTXT.BIN",54,"This site has little or no gravity.  There will be a huge increase in movement, jump capability and maneuverability.","Gravity on this world is less than one-quarter that of normal gravity.  There will be a great increase in movement, jump capability and maneuverability.","",""
"WORLDTXT.BIN",55,"This site has little or no gravity.  There will be a huge increase in movement, jump capability and maneuverability.","Gravity on this world is less than one-quarter that of normal gravity.  There will be a great increase in movement, jump capability and maneuverability.","",""
"WORLDTXT.BIN",56,"This site has little or no gravity.  There will be a huge increase in movement, jump capability and maneuverability.","Gravity on this world is less than one-quarter that of normal gravity.  There will be a great increase in movement, jump capability and maneuverability.","",""
"WORLDTXT.BIN",57,"This site has little or no gravity.  There will be a huge increase in movement, jump capability and maneuverability.","Gravity on this world is less than one-quarter that of normal gravity.  There will be a great increase in movement, jump capability and maneuverability.","",""
"WORLDTXT.BIN",58,"This site has little or no gravity.  There will be a huge increase in movement, jump capability and maneuverability.","Gravity on this world is less than one-quarter that of normal gravity.  There will be a great increase in movement, jump capability and maneuverability.","",""
"WORLDTXT.BIN",59,"This site has little or no gravity.  There will be a huge increase in movement, jump capability and maneuverability.","Gravity on this world is less than one-quarter that of normal gravity.  There will be a great increase in movement, jump capability and maneuverability.","",""
"WORLDTXT.BIN",60,"This site has little or no gravity.  There will be a huge increase in movement, jump capability and maneuverability.","Gravity on this world is less than one-quarter that of normal gravity.  There will be a great increase in movement, jump capability and maneuverability.","",""
"WORLDTXT.BIN",61,"This site has little or no gravity.  There will be a huge increase in movement, jump capability and maneuverability.","Gravity on this world is less than one-quarter that of normal gravity.  There will be a great increase in movement, jump capability and maneuverability.","",""
"WORLDTXT.BIN",62,"This site has little or no gravity.  There will be a huge increase in movement, jump capability and maneuverability.","Gravity on this world is less than one-quarter that of normal gravity.  There will be a great increase in movement, jump capability and maneuverability.","",""
"WORLDTXT.BIN",63,"This site has little or no gravity.  There will be a huge increase in movement, jump capability and maneuverability.","Gravity on this world is less than one-quarter that of normal gravity.  There will be a great increase in movement, jump capability and maneuverability.","",""
"WORLDTXT.BIN",64,"Gravity on this world is less than one-quarter that of normal gravity.  There will be a great increase in movement, jump capability and maneuverability.","Gravity on this world is one-quarter that of normal gravity.  There will be a great increase in movement, jump capability and maneuverability.","",""
"WORLDTXT.BIN",65,"Gravity on this world is less than one-quarter that of normal gravity.  There will be a great increase in movement, jump capability and maneuverability.","Gravity on this world is one-quarter that of normal gravity.  There will be a great increase in movement, jump capability and maneuverability.","",""
"WORLDTXT.BIN",66,"Gravity on this world is less than one-quarter that of normal gravity.  There will be a great increase in movement, jump capability and maneuverability.","Gravity on this world is one-quarter that of normal gravity.  There will be a great increase in movement, jump capability and maneuverability.","",""
"WORLDTXT.BIN",67,"Gravity on this world is less than one-quarter that of normal gravity.  There will be a great increase in movement, jump capability and maneuverability.","Gravity on this world is one-quarter that of normal gravity.  There will be a great increase in movement, jump capability and maneuverability.","",""
"WORLDTXT.BIN",68,"Gravity on this world is less than one-quarter that of normal gravity.  There will be a great increase in movement, jump capability and maneuverability.","Gravity on this world is one-quarter that of normal gravity.  There will be a great increase in movement, jump capability and maneuverability.","",""
"WORLDTXT.BIN",69,"Gravity on this world is less than one-quarter that of normal gravity.  There will be a great increase in movement, jump capability and maneuverability.","Gravity on this world is one-quarter that of normal gravity.  There will be a great increase in movement, jump capability and maneuverability.","",""
"WORLDTXT.BIN",70,"Gravity on this world is less than one-quarter that of normal gravity.  There will be a great increase in movement, jump capability and maneuverability.","Gravity on this world is one-quarter that of normal gravity.  There will be a great increase in movement, jump capability and maneuverability.","",""
"WORLDTXT.BIN",71,"Gravity on this world is less than one-quarter that of normal gravity.  There will be a great increase in movement, jump capability and maneuverability.","Gravity on this world is one-quarter that of normal gravity.  There will be a great increase in movement, jump capability and maneuverability.","",""
"WORLDTXT.BIN",72,"Gravity on this world is less than one-quarter that of normal gravity.  There will be a great increase in movement, jump capability and maneuverability.","Gravity on this world is one-quarter that of normal gravity.  There will be a great increase in movement, jump capability and maneuverability.","",""
"WORLDTXT.BIN",73,"Gravity on this world is less than one-quarter that of normal gravity.  There will be a great increase in movement, jump capability and maneuverability.","Gravity on this world is one-quarter that of normal gravity.  There will be a great increase in movement, jump capability and maneuverability.","",""
"WORLDTXT.BIN",74,"Gravity on this world is less than one-quarter that of normal gravity.  There will be a great increase in movement, jump capability and maneuverability.","Gravity on this world is one-quarter that of normal gravity.  There will be a great increase in movement, jump capability and maneuverability.","",""
"WORLDTXT.BIN",75,"Gravity on this world is less than one-quarter that of normal gravity.  There will be a great increase in movement, jump capability and maneuverability.","Gravity on this world is one-quarter that of normal gravity.  There will be a great increase in movement, jump capability and maneuverability.","",""
"WORLDTXT.BIN",76,"Gravity on this world is less than one-quarter that of normal gravity.  There will be a great increase in movement, jump capability and maneuverability.","Gravity on this world is one-quarter that of normal gravity.  There will be a great increase in movement, jump capability and maneuverability.","",""
"WORLDTXT.BIN",77,"Gravity on this world is less than one-quarter that of normal gravity.  There will be a great increase in movement, jump capability and maneuverability.","Gravity on this world is one-quarter that of normal gravity.  There will be a great increase in movement, jump capability and maneuverability.","",""
"WORLDTXT.BIN",78,"Gravity on this world is one-quarter that of normal gravity.  There will be a great increase in movement, jump capability and maneuverability.","Gravity on this world is less than half that of normal gravity.  There will be a significant increase in movement, jump capability and maneuverability.","",""
"WORLDTXT.BIN",79,"Gravity on this world is less than half that of normal gravity.  There will be a significant increase in movement, jump capability and maneuverability.","Gravity on this world is almost half that of normal gravity.  There will be a significant increase in movement, jump capability and maneuverability.","",""
"WORLDTXT.BIN",80,"Gravity on this world is less than half that of normal gravity.  There will be a significant increase in movement, jump capability and maneuverability.","Gravity on this world is almost half that of normal gravity.  There will be a significant increase in movement, jump capability and maneuverability.","",""
"WORLDTXT.BIN",81,"Gravity on this world is less than half that of normal gravity.  There will be a significant increase in movement, jump capability and maneuverability.","Gravity on this world is almost half that of normal gravity.  There will be a significant increase in movement, jump capability and maneuverability.","",""
"WORLDTXT.BIN",82,"Gravity on this world is less than half that of normal gravity.  There will be a significant increase in movement, jump capability and maneuverability.","Gravity on this world is almost half that of normal gravity.  There will be a significant increase in movement, jump capability and maneuverability.","",""
"WORLDTXT.BIN",83,"Gravity on this world is less than half that of normal gravity.  There will be a significant increase in movement, jump capability and maneuverability.","Gravity on this world is almost half that of normal gravity.  There will be a significant increase in movement, jump capability and maneuverability.","",""
"WORLDTXT.BIN",84,"Gravity on this world is less than half that of normal gravity.  There will be a significant increase in movement, jump capability and maneuverability.","Gravity on this world is almost half that of normal gravity.  There will be a significant increase in movement, jump capability and maneuverability.","",""
"WORLDTXT.BIN",85,"Gravity on this world is less than half that of normal gravity.  There will be a significant increase in movement, jump capability and maneuverability.","Gravity on this world is almost half that of normal gravity.  There will be a significant increase in movement, jump capability and maneuverability.","",""
"WORLDTXT.BIN",86,"Gravity on this world is less than half that of normal gravity.  There will be a significant increase in movement, jump capability and maneuverability.","Gravity on this world is almost half that of normal gravity.  There will be a significant increase in movement, jump capability and maneuverability.","",""
"WORLDTXT.BIN",87,"Gravity on this world is less than half that of normal gravity.  There will be a significant increase in movement, jump capability and maneuverability.","Gravity on this world is almost half that of normal gravity.  There will be a significant increase in movement, jump capability and maneuverability.","",""
"WORLDTXT.BIN",88,"Gravity on this world is less than half that of normal gravity.  There will be a significant increase in movement, jump capability and maneuverability.","Gravity on this world is almost half that of normal gravity.  There will be a significant increase in movement, jump capability and maneuverability.","",""
"WORLDTXT.BIN",89,"Gravity on this world is less than half that of normal gravity.  There will be a significant increase in movement, jump capability and maneuverability.","Gravity on this world is almost half that of normal gravity.  There will be a significant increase in movement, jump capability and maneuverability.","",""
"WORLDTXT.BIN",90,"Gravity on this world is less than half that of normal gravity.  There will be a significant increase in movement, jump capability and maneuverability.","Gravity on this world is almost half that of normal gravity.  There will be a significant increase in movement, jump capability and maneuverability.","",""
"WORLDTXT.BIN",91,"Gravity on this world is almost half that of normal gravity.  There will be a significant increase in movement, jump capability and maneuverability.","Gravity on this world is half that of normal gravity.  There will be a significant increase in movement, jump capability and maneuverability.","",""
"WORLDTXT.BIN",92,"Gravity on this world is almost half that of normal gravity.  There will be a significant increase in movement, jump capability and maneuverability.","Gravity on this world is half that of normal gravity.  There will be a significant increase in movement, jump capability and maneuverability.","",""
"WORLDTXT.BIN",93,"Gravity on this world is almost half that of normal gravity.  There will be a significant increase in movement, jump capability and maneuverability.","Gravity on this world is half that of normal gravity.  There will be a significant increase in movement, jump capability and maneuverability.","",""
"WORLDTXT.BIN",94,"Gravity on this world is almost half that of normal gravity.  There will be a significant increase in movement, jump capability and maneuverability.","Gravity on this world is half that of normal gravity.  There will be a significant increase in movement, jump capability and maneuverability.","",""
"WORLDTXT.BIN",95,"Gravity on this world is almost half that of normal gravity.  There will be a significant increase in movement, jump capability and maneuverability.","Gravity on this world is half that of normal gravity.  There will be a significant increase in movement, jump capability and maneuverability.","",""
"WORLDTXT.BIN",96,"Gravity on this world is almost half that of normal gravity.  There will be a significant increase in movement, jump capability and maneuverability.","Gravity on this world is half that of normal gravity.  There will be a significant increase in movement, jump capability and maneuverability.","",""
"WORLDTXT.BIN",97,"Gravity on this world is almost half that of normal gravity.  There will be a significant increase in movement, jump capability and maneuverability.","Gravity on this world is half that of normal gravity.  There will be a significant increase in movement, jump capability and maneuverability.","",""
"WORLDTXT.BIN",98,"Gravity on this world is almost half that of normal gravity.  There will be a significant increase in movement, jump capability and maneuverability.","Gravity on this world is half that of normal gravity.  There will be a significant increase in movement, jump capability and maneuverability.","",""
"WORLDTXT.BIN",99,"Gravity on this world is almost half that of normal gravity.  There will be a significant increase in movement, jump capability and maneuverability.","Gravity on this world is half that of normal gravity.  There will be a significant increase in movement, jump capability and maneuverability.","",""
"WORLDTXT.BIN",100,"Gravity on this world is almost half that of normal gravity.  There will be a significant increase in movement, jump capability and maneuverability.","Gravity on this world is half that of normal gravity.  There will be a significant increase in movement, jump capability and maneuverability.","",""
"WORLDTXT.BIN",101,"Gravity on this world is almost half that of normal gravity.  There will be a significant increase in movement, jump capability and maneuverability.","Gravity on this world is half that of normal gravity.  There will be a significant increase in movement, jump capability and maneuverability.","",""
"WORLDTXT.BIN",102,"Gravity on this world is almost half that of normal gravity.  There will be a significant increase in movement, jump capability and maneuverability.","Gravity on this world is half that of normal gravity.  There will be a significant increase in movement, jump capability and maneuverability.","",""
"WORLDTXT.BIN",103,"Gravity on this world is half that of normal gravity.  There will be a significant increase in movement, jump capability and maneuverability.","Gravity on this world is little more than half that of normal gravity.  There will be a significant increase in movement, jump capability and maneuverability.","",""
"WORLDTXT.BIN",104,"Gravity on this world is little more than half that of normal gravity.  There will be a significant increase in movement, jump capability and maneuverability.","Gravity on this world approaches three-quarters that of normal gravity.  There will be a significant increase in movement, jump capability and maneuverability.","",""
"WORLDTXT.BIN",105,"Gravity on this world is little more than half that of normal gravity.  There will be a significant increase in movement, jump capability and maneuverability.","Gravity on this world approaches three-quarters that of normal gravity.  There will be a significant increase in movement, jump capability and maneuverability.","",""
"WORLDTXT.BIN",106,"Gravity on this world is little more than half that of normal gravity.  There will be a significant increase in movement, jump capability and maneuverability.","Gravity on this world approaches three-quarters that of normal gravity.  There will be a significant increase in movement, jump capability and maneuverability.","",""
"WORLDTXT.BIN",107,"Gravity on this world is little more than half that of normal gravity.  There will be a significant increase in movement, jump capability and maneuverability.","Gravity on this world approaches three-quarters that of normal gravity.  There will be a significant increase in movement, jump capability and maneuverability.","",""
"WORLDTXT.BIN",108,"Gravity on this world is little more than half that of normal gravity.  There will be a significant increase in movement, jump capability and maneuverability.","Gravity on this world approaches three-quarters that of normal gravity.  There will be a significant increase in movement, jump capability and maneuverability.","",""
"WORLDTXT.BIN",109,"Gravity on this world is little more than half that of normal gravity.  There will be a significant increase in movement, jump capability and maneuverability.","Gravity on this world approaches three-quarters that of normal gravity.  There will be a significant increase in movement, jump capability and maneuverability.","",""
"WORLDTXT.BIN",110,"Gravity on this world is little more than half that of normal gravity.  There will be a significant increase in movement, jump capability and maneuverability.","Gravity on this world approaches three-quarters that of normal gravity.  There will be a significant increase in movement, jump capability and maneuverability.","",""
"WORLDTXT.BIN",111,"Gravity on this world is little more than half that of normal gravity.  There will be a significant increase in movement, jump capability and maneuverability.","Gravity on this world approaches three-quarters that of normal gravity.  There will be a significant increase in movement, jump capability and maneuverability.","",""
"WORLDTXT.BIN",112,"Gravity on this world is little more than half that of normal gravity.  There will be a significant increase in movement, jump capability and maneuverability.","Gravity on this world approaches three-quarters that of normal gravity.  There will be a significant increase in movement, jump capability and maneuverability.","",""
"WORLDTXT.BIN",113,"Gravity on this world is little more than half that of normal gravity.  There will be a significant increase in movement, jump capability and maneuverability.","Gravity on this world approaches three-quarters that of normal gravity.  There will be a significant increase in movement, jump capability and maneuverability.","",""
"WORLDTXT.BIN",114,"Gravity on this world is little more than half that of normal gravity.  There will be a significant increase in movement, jump capability and maneuverability.","Gravity on this world approaches three-quarters that of normal gravity.  There will be a significant increase in movement, jump capability and maneuverability.","",""
"WORLDTXT.BIN",115,"Gravity on this world is little more than half that of normal gravity.  There will be a significant increase in movement, jump capability and maneuverability.","Gravity on this world approaches three-quarters that of normal gravity.  There will be a significant increase in movement, jump capability and maneuverability.","",""
"WORLDTXT.BIN",116,"Gravity on this world approaches three-quarters that of normal gravity.  There will be a significant increase in movement, jump capability and maneuverability.","Gravity on this world is three-quarters that of normal gravity.  There will be a significant increase in movement, jump capability and maneuverability.","",""
"WORLDTXT.BIN",117,"Gravity on this world approaches three-quarters that of normal gravity.  There will be a significant increase in movement, jump capability and maneuverability.","Gravity on this world is three-quarters that of normal gravity.  There will be a significant increase in movement, jump capability and maneuverability.","",""
"WORLDTXT.BIN",118,"Gravity on this world approaches three-quarters that of normal gravity.  There will be a significant increase in movement, jump capability and maneuverability.","Gravity on this world is three-quarters that of normal gravity.  There will be a significant increase in movement, jump capability and maneuverability.","",""
"WORLDTXT.BIN",119,"Gravity on this world approaches three-quarters that of normal gravity.  There will be a significant increase in movement, jump capability and maneuverability.","Gravity on this world is three-quarters that of normal gravity.  There will be a significant increase in movement, jump capability and maneuverability.","",""
"WORLDTXT.BIN",120,"Gravity on this world approaches three-quarters that of normal gravity.  There will be a significant increase in movement, jump capability and maneuverability.","Gravity on this world is three-quarters that of normal gravity.  There will be a significant increase in movement, jump capability and maneuverability.","",""
"WORLDTXT.BIN",121,"Gravity on this world approaches three-quarters that of normal gravity.  There will be a significant increase in movement, jump capability and maneuverability.","Gravity on this world is three-quarters that of normal gravity.  There will be a significant increase in movement, jump capability and maneuverability.","",""
"WORLDTXT.BIN",122,"Gravity on this world approaches three-quarters that of normal gravity.  There will be a significant increase in movement, jump capability and maneuverability.","Gravity on this world is three-quarters that of normal gravity.  There will be a significant increase in movement, jump capability and maneuverability.","",""
"WORLDTXT.BIN",123,"Gravity on this world approaches three-quarters that of normal gravity.  There will be a significant increase in movement, jump capability and maneuverability.","Gravity on this world is three-quarters that of normal gravity.  There will be a significant increase in movement, jump capability and maneuverability.","",""
"WORLDTXT.BIN",124,"Gravity on this world approaches three-quarters that of normal gravity.  There will be a significant increase in movement, jump capability and maneuverability.","Gravity on this world is three-quarters that of normal gravity.  There will be a significant increase in movement, jump capability and maneuverability.","",""
"WORLDTXT.BIN",125,"Gravity on this world approaches three-quarters that of normal gravity.  There will be a significant increase in movement, jump capability and maneuverability.","Gravity on this world is three-quarters that of normal gravity.  There will be a significant increase in movement, jump capability and maneuverability.","",""
"WORLDTXT.BIN",126,"Gravity on this world approaches three-quarters that of normal gravity.  There will be a significant increase in movement, jump capability and maneuverability.","Gravity on this world is three-quarters that of normal gravity.  There will be a significant increase in movement, jump capability and maneuverability.","",""
"WORLDTXT.BIN",127,"Gravity on this world approaches three-quarters that of normal gravity.  There will be a significant increase in movement, jump capability and maneuverability.","Gravity on this world is three-quarters that of normal gravity.  There will be a significant increase in movement, jump capability and maneuverability.","",""
"WORLDTXT.BIN",128,"Gravity on this world is three-quarters that of normal gravity.  There will be a significant increase in movement, jump capability and maneuverability.","Gravity on this world is more than three-quarters that of normal gravity.  There will be an increase in movement, jump capability and maneuverability.","",""
"WORLDTXT.BIN",129,"Gravity on this world is more than three-quarters that of normal gravity.  There will be an increase in movement, jump capability and maneuverability.","Gravity on this world is less than normal.  There will be an increase in movement, jump capability and maneuverability.","",""
"WORLDTXT.BIN",130,"Gravity on this world is more than three-quarters that of normal gravity.  There will be an increase in movement, jump capability and maneuverability.","Gravity on this world is less than normal.  There will be an increase in movement, jump capability and maneuverability.","",""
"WORLDTXT.BIN",131,"Gravity on this world is more than three-quarters that of normal gravity.  There will be an increase in movement, jump capability and maneuverability.","Gravity on this world is less than normal.  There will be an increase in movement, jump capability and maneuverability.","",""
"WORLDTXT.BIN",132,"Gravity on this world is more than three-quarters that of normal gravity.  There will be an increase in movement, jump capability and maneuverability.","Gravity on this world is less than normal.  There will be an increase in movement, jump capability and maneuverability.","",""
"WORLDTXT.BIN",133,"Gravity on this world is more than three-quarters that of normal gravity.  There will be an increase in movement, jump capability and maneuverability.","Gravity on this world is less than normal.  There will be an increase in movement, jump capability and maneuverability.","",""
"WORLDTXT.BIN",134,"Gravity on this world is more than three-quarters that of normal gravity.  There will be an increase in movement, jump capability and maneuverability.","Gravity on this world is less than normal.  There will be an increase in movement, jump capability and maneuverability.","",""
"WORLDTXT.BIN",135,"Gravity on this world is more than three-quarters that of normal gravity.  There will be an increase in movement, jump capability and maneuverability.","Gravity on this world is less than normal.  There will be an increase in movement, jump capability and maneuverability.","",""
"WORLDTXT.BIN",136,"Gravity on this world is more than three-quarters that of normal gravity.  There will be an increase in movement, jump capability and maneuverability.","Gravity on this world is less than normal.  There will be an increase in movement, jump capability and maneuverability.","",""
"WORLDTXT.BIN",137,"Gravity on this world is more than three-quarters that of normal gravity.  There will be an increase in movement, jump capability and maneuverability.","Gravity on this world is less than normal.  There will be an increase in movement, jump capability and maneuverability.","",""
"WORLDTXT.BIN",138,"Gravity on this world is more than three-quarters that of normal gravity.  There will be an increase in movement, jump capability and maneuverability.","Gravity on this world is less than normal.  There will be an increase in movement, jump capability and maneuverability.","",""
"WORLDTXT.BIN",139,"Gravity on this world is more than three-quarters that of normal gravity.  There will be an increase in movement, jump capability and maneuverability.","Gravity on this world is less than normal.  There will be an increase in movement, jump capability and maneuverability.","",""
"WORLDTXT.BIN",140,"Gravity on this world is more than three-quarters that of normal gravity.  There will be an increase in movement, jump capability and maneuverability.","Gravity on this world is less than normal.  There will be an increase in movement, jump capability and maneuverability.","",""
"WORLDTXT.BIN",141,"Gravity on this world is less than normal.  There will be an increase in movement, jump capability and maneuverability.","This world's gravity is considered to be within normal parameters.","",""
"WORLDTXT.BIN",142,"Gravity on this world is less than normal.  There will be an increase in movement, jump capability and maneuverability.","This world's gravity is considered to be within normal parameters.","",""
"WORLDTXT.BIN",143,"Gravity on this world is less than normal.  There will be an increase in movement, jump capability and maneuverability.","This world's gravity is considered to be within normal parameters.","",""
"WORLDTXT.BIN",144,"Gravity on this world is less than normal.  There will be an increase in movement, jump capability and maneuverability.","This world's gravity is considered to be within normal parameters.","",""
"WORLDTXT.BIN",145,"Gravity on this world is less than normal.  There will be an increase in movement, jump capability and maneuverability.","This world's gravity is considered to be within normal parameters.","",""
"WORLDTXT.BIN",146,"Gravity on this world is less than normal.  There will be an increase in movement, jump capability and maneuverability.","This world's gravity is considered to be within normal parameters.","",""
"WORLDTXT.BIN",147,"Gravity on this world is less than normal.  There will be an increase in movement, jump capability and maneuverability.","This world's gravity is considered to be within normal parameters.","",""
"WORLDTXT.BIN",148,"Gravity on this world is less than normal.  There will be an increase in movement, jump capability and maneuverability.","This world's gravity is considered to be within normal parameters.","",""
"WORLDTXT.BIN",149,"Gravity on this world is less than normal.  There will be an increase in movement, jump capability and maneuverability.","This world's gravity is considered to be within normal parameters.","",""
"WORLDTXT.BIN",150,"Gravity on this world is less than normal.  There will be an increase in movement, jump capability and maneuverability.","This world's gravity is considered to be within normal parameters.","",""
"WORLDTXT.BIN",151,"Gravity on this world is less than normal.  There will be an increase in movement, jump capability and maneuverability.","This world's gravity is considered to be within normal parameters.","",""
"WORLDTXT.BIN",152,"Gravity on this world is less than normal.  There will be an increase in movement, jump capability and maneuverability.","This world's gravity is considered to be within normal parameters.","",""
"WORLDTXT.BIN",153,"This world's gravity is considered to be within normal parameters.","Gravity on this world is greater than normal, reducing movement, jump capability and maneuverability.","",""
"WORLDTXT.BIN",154,"Gravity on this world is greater than normal, reducing movement, jump capability and maneuverability.","Gravity on this world approaches one and one-quarter that of normal gravity, reducing movement, jump capability and maneuverability.","",""
"WORLDTXT.BIN",155,"Gravity on this world is greater than normal, reducing movement, jump capability and maneuverability.","Gravity on this world approaches one and one-quarter that of normal gravity, reducing movement, jump capability and maneuverability.","",""
"WORLDTXT.BIN",156,"Gravity on this world is greater than normal, reducing movement, jump capability and maneuverability.","Gravity on this world approaches one and one-quarter that of normal gravity, reducing movement, jump capability and maneuverability.","",""
"WORLDTXT.BIN",157,"Gravity on this world is greater than normal, reducing movement, jump capability and maneuverability.","Gravity on this world approaches one and one-quarter that of normal gravity, reducing movement, jump capability and maneuverability.","",""
"WORLDTXT.BIN",158,"Gravity on this world is greater than normal, reducing movement, jump capability and maneuverability.","Gravity on this world approaches one and one-quarter that of normal gravity, reducing movement, jump capability and maneuverability.","",""
"WORLDTXT.BIN",159,"Gravity on this world is greater than normal, reducing movement, jump capability and maneuverability.","Gravity on this world approaches one and one-quarter that of normal gravity, reducing movement, jump capability and maneuverability.","",""
"WORLDTXT.BIN",160,"Gravity on this world is greater than normal, reducing movement, jump capability and maneuverability.","Gravity on this world approaches one and one-quarter that of normal gravity, reducing movement, jump capability and maneuverability.","",""
"WORLDTXT.BIN",161,"Gravity on this world is greater than normal, reducing movement, jump capability and maneuverability.","Gravity on this world approaches one and one-quarter that of normal gravity, reducing movement, jump capability and maneuverability.","",""
"WORLDTXT.BIN",162,"Gravity on this world is greater than normal, reducing movement, jump capability and maneuverability.","Gravity on this world approaches one and one-quarter that of normal gravity, reducing movement, jump capability and maneuverability.","",""
"WORLDTXT.BIN",163,"Gravity on this world is greater than normal, reducing movement, jump capability and maneuverability.","Gravity on this world approaches one and one-quarter that of normal gravity, reducing movement, jump capability and maneuverability.","",""
"WORLDTXT.BIN",164,"Gravity on this world is greater than normal, reducing movement, jump capability and maneuverability.","Gravity on this world approaches one and one-quarter that of normal gravity, reducing movement, jump capability and maneuverability.","",""
"WORLDTXT.BIN",165,"Gravity on this world is greater than normal, reducing movement, jump capability and maneuverability.","Gravity on this world approaches one and one-quarter that of normal gravity, reducing movement, jump capability and maneuverability.","",""
"WORLDTXT.BIN",166,"Gravity on this world approaches one and one-quarter that of normal gravity, reducing movement, jump capability and maneuverability.","Gravity on this world is one and one-quarter that of normal gravity, reducing movement, jump capability and maneuverability.","",""
"WORLDTXT.BIN",167,"Gravity on this world approaches one and one-quarter that of normal gravity, reducing movement, jump capability and maneuverability.","Gravity on this world is one and one-quarter that of normal gravity, reducing movement, jump capability and maneuverability.","",""
"WORLDTXT.BIN",168,"Gravity on this world approaches one and one-quarter that of normal gravity, reducing movement, jump capability and maneuverability.","Gravity on this world is one and one-quarter that of normal gravity, reducing movement, jump capability and maneuverability.","",""
"WORLDTXT.BIN",169,"Gravity on this world approaches one and one-quarter that of normal gravity, reducing movement, jump capability and maneuverability.","Gravity on this world is one and one-quarter that of normal gravity, reducing movement, jump capability and maneuverability.","",""
"WORLDTXT.BIN",170,"Gravity on this world approaches one and one-quarter that of normal gravity, reducing movement, jump capability and maneuverability.","Gravity on this world is one and one-quarter that of normal gravity, reducing movement, jump capability and maneuverability.","",""
"WORLDTXT.BIN",171,"Gravity on this world approaches one and one-quarter that of normal gravity, reducing movement, jump capability and maneuverability.","Gravity on this world is one and one-quarter that of normal gravity, reducing movement, jump capability and maneuverability.","",""
"WORLDTXT.BIN",172,"Gravity on this world approaches one and one-quarter that of normal gravity, reducing movement, jump capability and maneuverability.","Gravity on this world is one and one-quarter that of normal gravity, reducing movement, jump capability and maneuverability.","",""
"WORLDTXT.BIN",173,"Gravity on this world approaches one and one-quarter that of normal gravity, reducing movement, jump capability and maneuverability.","Gravity on this world is one and one-quarter that of normal gravity, reducing movement, jump capability and maneuverability.","",""
"WORLDTXT.BIN",174,"Gravity on this world approaches one and one-quarter that of normal gravity, reducing movement, jump capability and maneuverability.","Gravity on this world is one and one-quarter that of normal gravity, reducing movement, jump capability and maneuverability.","",""
"WORLDTXT.BIN",175,"Gravity on this world approaches one and one-quarter that of normal gravity, reducing movement, jump capability and maneuverability.","Gravity on this world is one and one-quarter that of normal gravity, reducing movement, jump capability and maneuverability.","",""
"WORLDTXT.BIN",176,"Gravity on this world approaches one and one-quarter that of normal gravity, reducing movement, jump capability and maneuverability.","Gravity on this world is one and one-quarter that of normal gravity, reducing movement, jump capability and maneuverability.","",""
"WORLDTXT.BIN",177,"Gravity on this world approaches one and one-quarter that of normal gravity, reducing movement, jump capability and maneuverability.","Gravity on this world is one and one-quarter that of normal gravity, reducing movement, jump capability and maneuverability.","",""
"WORLDTXT.BIN",178,"Gravity on this world is one and one-quarter that of normal gravity, reducing movement, jump capability and maneuverability.","Gravity on this world is more than one and one-quarter that of normal gravity, reducing movement, jump capability and maneuverability.","",""
"WORLDTXT.BIN",179,"Gravity on this world is more than one and one-quarter that of normal gravity, reducing movement, jump capability and maneuverability.","Gravity on this world is nearly one and one-half that of normal gravity, reducing movement, jump capability and maneuverability.","",""
"WORLDTXT.BIN",180,"Gravity on this world is more than one and one-quarter that of normal gravity, reducing movement, jump capability and maneuverability.","Gravity on this world is nearly one and one-half that of normal gravity, reducing movement, jump capability and maneuverability.","",""
"WORLDTXT.BIN",181,"Gravity on this world is more than one and one-quarter that of normal gravity, reducing movement, jump capability and maneuverability.","Gravity on this world is nearly one and one-half that of normal gravity, reducing movement, jump capability and maneuverability.","",""
"WORLDTXT.BIN",182,"Gravity on this world is more than one and one-quarter that of normal gravity, reducing movement, jump capability and maneuverability.","Gravity on this world is nearly one and one-half that of normal gravity, reducing movement, jump capability and maneuverability.","",""
"WORLDTXT.BIN",183,"Gravity on this world is more than one and one-quarter that of normal gravity, reducing movement, jump capability and maneuverability.","Gravity on this world is nearly one and one-half that of normal gravity, reducing movement, jump capability and maneuverability.","",""
"WORLDTXT.BIN",184,"Gravity on this world is more than one and one-quarter that of normal gravity, reducing movement, jump capability and maneuverability.","Gravity on this world is nearly one and one-half that of normal gravity, reducing movement, jump capability and maneuverability.","",""
"WORLDTXT.BIN",185,"Gravity on this world is more than one and one-quarter that of normal gravity, reducing movement, jump capability and maneuverability.","Gravity on this world is nearly one and one-half that of normal gravity, reducing movement, jump capability and maneuverability.","",""
"WORLDTXT.BIN",186,"Gravity on this world is more than one and one-quarter that of normal gravity, reducing movement, jump capability and maneuverability.","Gravity on this world is nearly one and one-half that of normal gravity, reducing movement, jump capability and maneuverability.","",""
"WORLDTXT.BIN",187,"Gravity on this world is more than one and one-quarter that of normal gravity, reducing movement, jump capability and maneuverability.","Gravity on this world is nearly one and one-half that of normal gravity, reducing movement, jump capability and maneuverability.","",""
"WORLDTXT.BIN",188,"Gravity on this world is more than one and one-quarter that of normal gravity, reducing movement, jump capability and maneuverability.","Gravity on this world is nearly one and one-half that of normal gravity, reducing movement, jump capability and maneuverability.","",""
"WORLDTXT.BIN",189,"Gravity on this world is more than one and one-quarter that of normal gravity, reducing movement, jump capability and maneuverability.","Gravity on this world is nearly one and one-half that of normal gravity, reducing movement, jump capability and maneuverability.","",""
"WORLDTXT.BIN",190,"Gravity on this world is more than one and one-quarter that of normal gravity, reducing movement, jump capability and maneuverability.","Gravity on this world is nearly one and one-half that of normal gravity, reducing movement, jump capability and maneuverability.","",""
"WORLDTXT.BIN",191,"Gravity on this world is nearly one and one-half that of normal gravity, reducing movement, jump capability and maneuverability.","Gravity on this world is one and one-half that of normal gravity, reducing movement, jump capability and maneuverability.","",""
"WORLDTXT.BIN",192,"Gravity on this world is nearly one and one-half that of normal gravity, reducing movement, jump capability and maneuverability.","Gravity on this world is one and one-half that of normal gravity, reducing movement, jump capability and maneuverability.","",""
"WORLDTXT.BIN",193,"Gravity on this world is nearly one and one-half that of normal gravity, reducing movement, jump capability and maneuverability.","Gravity on this world is one and one-half that of normal gravity, reducing movement, jump capability and maneuverability.","",""
"WORLDTXT.BIN",194,"Gravity on this world is nearly one and one-half that of normal gravity, reducing movement, jump capability and maneuverability.","Gravity on this world is one and one-half that of normal gravity, reducing movement, jump capability and maneuverability.","",""
"WORLDTXT.BIN",195,"Gravity on this world is nearly one and one-half that of normal gravity, reducing movement, jump capability and maneuverability.","Gravity on this world is one and one-half that of normal gravity, reducing movement, jump capability and maneuverability.","",""
"WORLDTXT.BIN",196,"Gravity on this world is nearly one and one-half that of normal gravity, reducing movement, jump capability and maneuverability.","Gravity on this world is one and one-half that of normal gravity, reducing movement, jump capability and maneuverability.","",""
"WORLDTXT.BIN",197,"Gravity on this world is nearly one and one-half that of normal gravity, reducing movement, jump capability and maneuverability.","Gravity on this world is one and one-half that of normal gravity, reducing movement, jump capability and maneuverability.","",""
"WORLDTXT.BIN",198,"Gravity on this world is nearly one and one-half that of normal gravity, reducing movement, jump capability and maneuverability.","Gravity on this world is one and one-half that of normal gravity, reducing movement, jump capability and maneuverability.","",""
"WORLDTXT.BIN",199,"Gravity on this world is nearly one and one-half that of normal gravity, reducing movement, jump capability and maneuverability.","Gravity on this world is one and one-half that of normal gravity, reducing movement, jump capability and maneuverability.","",""
"WORLDTXT.BIN",200,"Gravity on this world is nearly one and one-half that of normal gravity, reducing movement, jump capability and maneuverability.","Gravity on this world is one and one-half that of normal gravity, reducing movement, jump capability and maneuverability.","",""
"WORLDTXT.BIN",201,"Gravity on this world is nearly one and one-half that of normal gravity, reducing movement, jump capability and maneuverability.","Gravity on this world is one and one-half that of normal gravity, reducing movement, jump capability and maneuverability.","",""
"WORLDTXT.BIN",202,"Gravity on this world is nearly one and one-half that of normal gravity, reducing movement, jump capability and maneuverability.","Gravity on this world is one and one-half that of normal gravity, reducing movement, jump capability and maneuverability.","",""
"WORLDTXT.BIN",203,"Gravity on this world is one and one-half that of normal gravity, reducing movement, jump capability and maneuverability.","Gravity on this world is more than one and one-half that of normal gravity, reducing movement, jump capability and maneuverability.","",""
"WORLDTXT.BIN",204,"Gravity on this world is more than one and one-half that of normal gravity, reducing movement, jump capability and maneuverability.","Gravity on this world is nearly one and three-quarters that of normal gravity, significantly reducing movement, jump capability and maneuverability.","",""
"WORLDTXT.BIN",205,"Gravity on this world is more than one and one-half that of normal gravity, reducing movement, jump capability and maneuverability.","Gravity on this world is nearly one and three-quarters that of normal gravity, significantly reducing movement, jump capability and maneuverability.","",""
"WORLDTXT.BIN",206,"Gravity on this world is more than one and one-half that of normal gravity, reducing movement, jump capability and maneuverability.","Gravity on this world is nearly one and three-quarters that of normal gravity, significantly reducing movement, jump capability and maneuverability.","",""
"WORLDTXT.BIN",207,"Gravity on this world is more than one and one-half that of normal gravity, reducing movement, jump capability and maneuverability.","Gravity on this world is nearly one and three-quarters that of normal gravity, significantly reducing movement, jump capability and maneuverability.","",""
"WORLDTXT.BIN",208,"Gravity on this world is more than one and one-half that of normal gravity, reducing movement, jump capability and maneuverability.","Gravity on this world is nearly one and three-quarters that of normal gravity, significantly reducing movement, jump capability and maneuverability.","",""
"WORLDTXT.BIN",209,"Gravity on this world is more than one and one-half that of normal gravity, reducing movement, jump capability and maneuverability.","Gravity on this world is nearly one and three-quarters that of normal gravity, significantly reducing movement, jump capability and maneuverability.","",""
"WORLDTXT.BIN",210,"Gravity on this world is more than one and one-half that of normal gravity, reducing movement, jump capability and maneuverability.","Gravity on this world is nearly one and three-quarters that of normal gravity, significantly reducing movement, jump capability and maneuverability.","",""
"WORLDTXT.BIN",211,"Gravity on this world is more than one and one-half that of normal gravity, reducing movement, jump capability and maneuverability.","Gravity on this world is nearly one and three-quarters that of normal gravity, significantly reducing movement, jump capability and maneuverability.","",""
"WORLDTXT.BIN",212,"Gravity on this world is more than one and one-half that of normal gravity, reducing movement, jump capability and maneuverability.","Gravity on this world is nearly one and three-quarters that of normal gravity, significantly reducing movement, jump capability and maneuverability.","",""
"WORLDTXT.BIN",213,"Gravity on this world is more than one and one-half that of normal gravity, reducing movement, jump capability and maneuverability.","Gravity on this world is nearly one and three-quarters that of normal gravity, significantly reducing movement, jump capability and maneuverability.","",""
"WORLDTXT.BIN",214,"Gravity on this world is more than one and one-half that of normal gravity, reducing movement, jump capability and maneuverability.","Gravity on this world is nearly one and three-quarters that of normal gravity, significantly reducing movement, jump capability and maneuverability.","",""
"WORLDTXT.BIN",215,"Gravity on this world is more than one and one-half that of normal gravity, reducing movement, jump capability and maneuverability.","Gravity on this world is nearly one and three-quarters that of normal gravity, significantly reducing movement, jump capability and maneuverability.","",""
"WORLDTXT.BIN",216,"Gravity on this world is nearly one and three-quarters that of normal gravity, significantly reducing movement, jump capability and maneuverability.","Gravity on this world is one and three-quarters that of normal gravity, significantly reducing movement, jump capability and maneuverability.","",""
"WORLDTXT.BIN",217,"Gravity on this world is nearly one and three-quarters that of normal gravity, significantly reducing movement, jump capability and maneuverability.","Gravity on this world is one and three-quarters that of normal gravity, significantly reducing movement, jump capability and maneuverability.","",""
"WORLDTXT.BIN",218,"Gravity on this world is nearly one and three-quarters that of normal gravity, significantly reducing movement, jump capability and maneuverability.","Gravity on this world is one and three-quarters that of normal gravity, significantly reducing movement, jump capability and maneuverability.","",""
"WORLDTXT.BIN",219,"Gravity on this world is nearly one and three-quarters that of normal gravity, significantly reducing movement, jump capability and maneuverability.","Gravity on this world is one and three-quarters that of normal gravity, significantly reducing movement, jump capability and maneuverability.","",""
"WORLDTXT.BIN",220,"Gravity on this world is nearly one and three-quarters that of normal gravity, significantly reducing movement, jump capability and maneuverability.","Gravity on this world is one and three-quarters that of normal gravity, significantly reducing movement, jump capability and maneuverability.","",""
"WORLDTXT.BIN",221,"Gravity on this world is nearly one and three-quarters that of normal gravity, significantly reducing movement, jump capability and maneuverability.","Gravity on this world is one and three-quarters that of normal gravity, significantly reducing movement, jump capability and maneuverability.","",""
"WORLDTXT.BIN",222,"Gravity on this world is nearly one and three-quarters that of normal gravity, significantly reducing movement, jump capability and maneuverability.","Gravity on this world is one and three-quarters that of normal gravity, significantly reducing movement, jump capability and maneuverability.","",""
"WORLDTXT.BIN",223,"Gravity on this world is nearly one and three-quarters that of normal gravity, significantly reducing movement, jump capability and maneuverability.","Gravity on this world is one and three-quarters that of normal gravity, significantly reducing movement, jump capability and maneuverability.","",""
"WORLDTXT.BIN",224,"Gravity on this world is nearly one and three-quarters that of normal gravity, significantly reducing movement, jump capability and maneuverability.","Gravity on this world is one and three-quarters that of normal gravity, significantly reducing movement, jump capability and maneuverability.","",""
"WORLDTXT.BIN",225,"Gravity on this world is nearly one and three-quarters that of normal gravity, significantly reducing movement, jump capability and maneuverability.","Gravity on this world is one and three-quarters that of normal gravity, significantly reducing movement, jump capability and maneuverability.","",""
"WORLDTXT.BIN",226,"Gravity on this world is nearly one and three-quarters that of normal gravity, significantly reducing movement, jump capability and maneuverability.","Gravity on this world is one and three-quarters that of normal gravity, significantly reducing movement, jump capability and maneuverability.","",""
"WORLDTXT.BIN",227,"Gravity on this world is nearly one and three-quarters that of normal gravity, significantly reducing movement, jump capability and maneuverability.","Gravity on this world is one and three-quarters that of normal gravity, significantly reducing movement, jump capability and maneuverability.","",""
"WORLDTXT.BIN",228,"Gravity on this world is one and three-quarters that of normal gravity, significantly reducing movement, jump capability and maneuverability.","Gravity on this world is more than one and three-quarters that of normal gravity, significantly reducing movement, jump capability and maneuverability.","",""
"WORLDTXT.BIN",229,"Gravity on this world is more than one and three-quarters that of normal gravity, significantly reducing movement, jump capability and maneuverability.","Gravity on this world is almost twice that of normal gravity, significantly reducing movement, jump capability and maneuverability.","",""
"WORLDTXT.BIN",230,"Gravity on this world is more than one and three-quarters that of normal gravity, significantly reducing movement, jump capability and maneuverability.","Gravity on this world is almost twice that of normal gravity, significantly reducing movement, jump capability and maneuverability.","",""
"WORLDTXT.BIN",231,"Gravity on this world is more than one and three-quarters that of normal gravity, significantly reducing movement, jump capability and maneuverability.","Gravity on this world is almost twice that of normal gravity, significantly reducing movement, jump capability and maneuverability.","",""
"WORLDTXT.BIN",232,"Gravity on this world is more than one and three-quarters that of normal gravity, significantly reducing movement, jump capability and maneuverability.","Gravity on this world is almost twice that of normal gravity, significantly reducing movement, jump capability and maneuverability.","",""
"WORLDTXT.BIN",233,"Gravity on this world is more than one and three-quarters that of normal gravity, significantly reducing movement, jump capability and maneuverability.","Gravity on this world is almost twice that of normal gravity, significantly reducing movement, jump capability and maneuverability.","",""
"WORLDTXT.BIN",234,"Gravity on this world is more than one and three-quarters that of normal gravity, significantly reducing movement, jump capability and maneuverability.","Gravity on this world is almost twice that of normal gravity, significantly reducing movement, jump capability and maneuverability.","",""
"WORLDTXT.BIN",235,"Gravity on this world is more than one and three-quarters that of normal gravity, significantly reducing movement, jump capability and maneuverability.","Gravity on this world is almost twice that of normal gravity, significantly reducing movement, jump capability and maneuverability.","",""
"WORLDTXT.BIN",236,"Gravity on this world is more than one and three-quarters that of normal gravity, significantly reducing movement, jump capability and maneuverability.","Gravity on this world is almost twice that of normal gravity, significantly reducing movement, jump capability and maneuverability.","",""
"WORLDTXT.BIN",237,"Gravity on this world is more than one and three-quarters that of normal gravity, significantly reducing movement, jump capability and maneuverability.","Gravity on this world is almost twice that of normal gravity, significantly reducing movement, jump capability and maneuverability.","",""
"WORLDTXT.BIN",238,"Gravity on this world is more than one and three-quarters that of normal gravity, significantly reducing movement, jump capability and maneuverability.","Gravity on this world is almost twice that of normal gravity, significantly reducing movement, jump capability and maneuverability.","",""
"WORLDTXT.BIN",239,"Gravity on this world is more than one and three-quarters that of normal gravity, significantly reducing movement, jump capability and maneuverability.","Gravity on this world is almost twice that of normal gravity, significantly reducing movement, jump capability and maneuverability.","",""
"WORLDTXT.BIN",240,"Gravity on this world is more than one and three-quarters that of normal gravity, significantly reducing movement, jump capability and maneuverability.","Gravity on this world is almost twice that of normal gravity, significantly reducing movement, jump capability and maneuverability.","",""
"WORLDTXT.BIN",241,"Gravity on this world is almost twice that of normal gravity, significantly reducing movement, jump capability and maneuverability.","Gravity here is twice that of normal gravity, significantly reducing movement, jump capability and maneuverability.","",""
"WORLDTXT.BIN",242,"Gravity on this world is almost twice that of normal gravity, significantly reducing movement, jump capability and maneuverability.","Gravity here is twice that of normal gravity, significantly reducing movement, jump capability and maneuverability.","",""
"WORLDTXT.BIN",243,"Gravity on this world is almost twice that of normal gravity, significantly reducing movement, jump capability and maneuverability.","Gravity here is twice that of normal gravity, significantly reducing movement, jump capability and maneuverability.","",""
"WORLDTXT.BIN",244,"Gravity on this world is almost twice that of normal gravity, significantly reducing movement, jump capability and maneuverability.","Gravity here is twice that of normal gravity, significantly reducing movement, jump capability and maneuverability.","",""
"WORLDTXT.BIN",245,"Gravity on this world is almost twice that of normal gravity, significantly reducing movement, jump capability and maneuverability.","Gravity here is twice that of normal gravity, significantly reducing movement, jump capability and maneuverability.","",""
"WORLDTXT.BIN",246,"Gravity on this world is almost twice that of normal gravity, significantly reducing movement, jump capability and maneuverability.","Gravity here is twice that of normal gravity, significantly reducing movement, jump capability and maneuverability.","",""
"WORLDTXT.BIN",247,"Gravity on this world is almost twice that of normal gravity, significantly reducing movement, jump capability and maneuverability.","Gravity here is twice that of normal gravity, significantly reducing movement, jump capability and maneuverability.","",""
"WORLDTXT.BIN",248,"Gravity on this world is almost twice that of normal gravity, significantly reducing movement, jump capability and maneuverability.","Gravity here is twice that of normal gravity, significantly reducing movement, jump capability and maneuverability.","",""
"WORLDTXT.BIN",249,"Gravity on this world is almost twice that of normal gravity, significantly reducing movement, jump capability and maneuverability.","Gravity here is twice that of normal gravity, significantly reducing movement, jump capability and maneuverability.","",""
"WORLDTXT.BIN",250,"Gravity on this world is almost twice that of normal gravity, significantly reducing movement, jump capability and maneuverability.","Gravity here is twice that of normal gravity, significantly reducing movement, jump capability and maneuverability.","",""
"WORLDTXT.BIN",251,"Gravity on this world is almost twice that of normal gravity, significantly reducing movement, jump capability and maneuverability.","Gravity here is twice that of normal gravity, significantly reducing movement, jump capability and maneuverability.","",""
"WORLDTXT.BIN",252,"Gravity on this world is almost twice that of normal gravity, significantly reducing movement, jump capability and maneuverability.","Gravity here is twice that of normal gravity, significantly reducing movement, jump capability and maneuverability.","",""
"WORLDTXT.BIN",253,"Gravity here is twice that of normal gravity, significantly reducing movement, jump capability and maneuverability.","Gravity here is more than twice that of normal gravity, significantly reducing movement, jump capability and maneuverability.","",""
"WORLDTXT.BIN",254,"Gravity here is more than twice that of normal gravity, significantly reducing movement, jump capability and maneuverability.","Gravity on this world approaches two and one-quarter times that of normal gravity, reducing movement, jump capability and maneuverability.","",""
"WORLDTXT.BIN",255,"Gravity here is more than twice that of normal gravity, significantly reducing movement, jump capability and maneuverability.","Gravity on this world approaches two and one-quarter times that of normal gravity, reducing movement, jump capability and maneuverability.","",""
"WORLDTXT.BIN",256,"Gravity here is more than twice that of normal gravity, significantly reducing movement, jump capability and maneuverability.","Gravity on this world approaches two and one-quarter times that of normal gravity, reducing movement, jump capability and maneuverability.","",""
"WORLDTXT.BIN",257,"Gravity here is more than twice that of normal gravity, significantly reducing movement, jump capability and maneuverability.","Gravity on this world approaches two and one-quarter times that of normal gravity, reducing movement, jump capability and maneuverability.","",""
"WORLDTXT.BIN",258,"Gravity here is more than twice that of normal gravity, significantly reducing movement, jump capability and maneuverability.","Gravity on this world approaches two and one-quarter times that of normal gravity, reducing movement, jump capability and maneuverability.","",""
"WORLDTXT.BIN",259,"Gravity here is more than twice that of normal gravity, significantly reducing movement, jump capability and maneuverability.","Gravity on this world approaches two and one-quarter times that of normal gravity, reducing movement, jump capability and maneuverability.","",""
"WORLDTXT.BIN",260,"Gravity here is more than twice that of normal gravity, significantly reducing movement, jump capability and maneuverability.","Gravity on this world approaches two and one-quarter times that of normal gravity, reducing movement, jump capability and maneuverability.","",""
"WORLDTXT.BIN",261,"Gravity here is more than twice that of normal gravity, significantly reducing movement, jump capability and maneuverability.","Gravity on this world approaches two and one-quarter times that of normal gravity, reducing movement, jump capability and maneuverability.","",""
"WORLDTXT.BIN",262,"Gravity here is more than twice that of normal gravity, significantly reducing movement, jump capability and maneuverability.","Gravity on this world approaches two and one-quarter times that of normal gravity, reducing movement, jump capability and maneuverability.","",""
"WORLDTXT.BIN",263,"Gravity here is more than twice that of normal gravity, significantly reducing movement, jump capability and maneuverability.","Gravity on this world approaches two and one-quarter times that of normal gravity, reducing movement, jump capability and maneuverability.","",""
"WORLDTXT.BIN",264,"Gravity here is more than twice that of normal gravity, significantly reducing movement, jump capability and maneuverability.","Gravity on this world approaches two and one-quarter times that of normal gravity, reducing movement, jump capability and maneuverability.","",""
"WORLDTXT.BIN",265,"Gravity here is more than twice that of normal gravity, significantly reducing movement, jump capability and maneuverability.","Gravity on this world approaches two and one-quarter times that of normal gravity, reducing movement, jump capability and maneuverability.","",""
"WORLDTXT.BIN",266,"Gravity on this world approaches two and one-quarter times that of normal gravity, reducing movement, jump capability and maneuverability.","Gravity here is almost three times that of normal gravity, greatly reducing movement, jump capability and maneuverability.","",""
"WORLDTXT.BIN",267,"Gravity on this world approaches two and one-quarter times that of normal gravity, reducing movement, jump capability and maneuverability.","Gravity here is almost three times that of normal gravity, greatly reducing movement, jump capability and maneuverability.","",""
"WORLDTXT.BIN",268,"Gravity on this world approaches two and one-quarter times that of normal gravity, reducing movement, jump capability and maneuverability.","Gravity here is almost three times that of normal gravity, greatly reducing movement, jump capability and maneuverability.","",""
"WORLDTXT.BIN",269,"Gravity on this world approaches two and one-quarter times that of normal gravity, reducing movement, jump capability and maneuverability.","Gravity here is almost three times that of normal gravity, greatly reducing movement, jump capability and maneuverability.","",""
"WORLDTXT.BIN",270,"Gravity on this world approaches two and one-quarter times that of normal gravity, reducing movement, jump capability and maneuverability.","Gravity here is almost three times that of normal gravity, greatly reducing movement, jump capability and maneuverability.","",""
"WORLDTXT.BIN",271,"Gravity on this world approaches two and one-quarter times that of normal gravity, reducing movement, jump capability and maneuverability.","Gravity here is almost three times that of normal gravity, greatly reducing movement, jump capability and maneuverability.","",""
"WORLDTXT.BIN",272,"Gravity on this world approaches two and one-quarter times that of normal gravity, reducing movement, jump capability and maneuverability.","Gravity here is almost three times that of normal gravity, greatly reducing movement, jump capability and maneuverability.","",""
"WORLDTXT.BIN",273,"Gravity on this world approaches two and one-quarter times that of normal gravity, reducing movement, jump capability and maneuverability.","Gravity here is almost three times that of normal gravity, greatly reducing movement, jump capability and maneuverability.","",""
"WORLDTXT.BIN",274,"Gravity on this world approaches two and one-quarter times that of normal gravity, reducing movement, jump capability and maneuverability.","Gravity here is almost three times that of normal gravity, greatly reducing movement, jump capability and maneuverability.","",""
"WORLDTXT.BIN",275,"Gravity on this world approaches two and one-quarter times that of normal gravity, reducing movement, jump capability and maneuverability.","Gravity here is almost three times that of normal gravity, greatly reducing movement, jump capability and maneuverability.","",""
"WORLDTXT.BIN",276,"Gravity on this world approaches two and one-quarter times that of normal gravity, reducing movement, jump capability and maneuverability.","Gravity here is almost three times that of normal gravity, greatly reducing movement, jump capability and maneuverability.","",""
"WORLDTXT.BIN",277,"Gravity on this world approaches two and one-quarter times that of normal gravity, reducing movement, jump capability and maneuverability.","Gravity here is almost three times that of normal gravity, greatly reducing movement, jump capability and maneuverability.","",""
"WORLDTXT.BIN",278,"Gravity here is almost three times that of normal gravity, greatly reducing movement, jump capability and maneuverability.","Gravity here is three times that of normal gravity, greatly reducing movement, jump capability and maneuverability.","",""
"WORLDTXT.BIN",279,"Gravity here is almost three times that of normal gravity, greatly reducing movement, jump capability and maneuverability.","Gravity here is three times that of normal gravity, greatly reducing movement, jump capability and maneuverability.","",""
"WORLDTXT.BIN",280,"Gravity here is almost three times that of normal gravity, greatly reducing movement, jump capability and maneuverability.","Gravity here is three times that of normal gravity, greatly reducing movement, jump capability and maneuverability.","",""
"WORLDTXT.BIN",281,"Gravity here is almost three times that of normal gravity, greatly reducing movement, jump capability and maneuverability.","Gravity here is three times that of normal gravity, greatly reducing movement, jump capability and maneuverability.","",""
"WORLDTXT.BIN",282,"Gravity here is almost three times that of normal gravity, greatly reducing movement, jump capability and maneuverability.","Gravity here is three times that of normal gravity, greatly reducing movement, jump capability and maneuverability.","",""
"WORLDTXT.BIN",283,"Gravity here is almost three times that of normal gravity, greatly reducing movement, jump capability and maneuverability.","Gravity here is three times that of normal gravity, greatly reducing movement, jump capability and maneuverability.","",""
"WORLDTXT.BIN",284,"Gravity here is almost three times that of normal gravity, greatly reducing movement, jump capability and maneuverability.","Gravity here is three times that of normal gravity, greatly reducing movement, jump capability and maneuverability.","",""
"WORLDTXT.BIN",285,"Gravity here is almost three times that of normal gravity, greatly reducing movement, jump capability and maneuverability.","Gravity here is three times that of normal gravity, greatly reducing movement, jump capability and maneuverability.","",""
"WORLDTXT.BIN",286,"Gravity here is almost three times that of normal gravity, greatly reducing movement, jump capability and maneuverability.","Gravity here is three times that of normal gravity, greatly reducing movement, jump capability and maneuverability.","",""
"WORLDTXT.BIN",287,"Gravity here is almost three times that of normal gravity, greatly reducing movement, jump capability and maneuverability.","Gravity here is three times that of normal gravity, greatly reducing movement, jump capability and maneuverability.","",""
"WORLDTXT.BIN",288,"Gravity here is almost three times that of normal gravity, greatly reducing movement, jump capability and maneuverability.","Gravity here is three times that of normal gravity, greatly reducing movement, jump capability and maneuverability.","",""
"WORLDTXT.BIN",289,"Gravity here is almost three times that of normal gravity, greatly reducing movement, jump capability and maneuverability.","Gravity here is three times that of normal gravity, greatly reducing movement, jump capability and maneuverability.","",""
"WORLDTXT.BIN",290,"Gravity here is almost three times that of normal gravity, greatly reducing movement, jump capability and maneuverability.","Gravity here is three times that of normal gravity, greatly reducing movement, jump capability and maneuverability.","",""
"WORLDTXT.BIN",291,"Gravity here is almost three times that of normal gravity, greatly reducing movement, jump capability and maneuverability.","Gravity here is three times that of normal gravity, greatly reducing movement, jump capability and maneuverability.","",""
"WORLDTXT.BIN",292,"Gravity here is almost three times that of normal gravity, greatly reducing movement, jump capability and maneuverability.","Gravity here is three times that of normal gravity, greatly reducing movement, jump capability and maneuverability.","",""
"WORLDTXT.BIN",293,"Gravity here is almost three times that of normal gravity, greatly reducing movement, jump capability and maneuverability.","Gravity here is three times that of normal gravity, greatly reducing movement, jump capability and maneuverability.","",""
"WORLDTXT.BIN",294,"Gravity here is almost three times that of normal gravity, greatly reducing movement, jump capability and maneuverability.","Gravity here is three times that of normal gravity, greatly reducing movement, jump capability and maneuverability.","",""
"WORLDTXT.BIN",295,"Gravity here is almost three times that of normal gravity, greatly reducing movement, jump capability and maneuverability.","Gravity here is three times that of normal gravity, greatly reducing movement, jump capability and maneuverability.","",""
"WORLDTXT.BIN",296,"Gravity here is almost three times that of normal gravity, greatly reducing movement, jump capability and maneuverability.","Gravity here is three times that of normal gravity, greatly reducing movement, jump capability and maneuverability.","",""
"WORLDTXT.BIN",297,"Gravity here is almost three times that of normal gravity, greatly reducing movement, jump capability and maneuverability.","Gravity here is three times that of normal gravity, greatly reducing movement, jump capability and maneuverability.","",""
"WORLDTXT.BIN",298,"Gravity here is almost three times that of normal gravity, greatly reducing movement, jump capability and maneuverability.","Gravity here is three times that of normal gravity, greatly reducing movement, jump capability and maneuverability.","",""
"WORLDTXT.BIN",299,"Gravity here is almost three times that of normal gravity, greatly reducing movement, jump capability and maneuverability.","Gravity here is three times that of normal gravity, greatly reducing movement, jump capability and maneuverability.","",""
"WORLDTXT.BIN",300,"Gravity here is almost three times that of normal gravity, greatly reducing movement, jump capability and maneuverability.","Gravity here is three times that of normal gravity, greatly reducing movement, jump capability and maneuverability.","",""
"WORLDTXT.BIN",301,"Gravity here is almost three times that of normal gravity, greatly reducing movement, jump capability and maneuverability.","Gravity here is three times that of normal gravity, greatly reducing movement, jump capability and maneuverability.","",""
"WORLDTXT.BIN",302,"Gravity here is almost three times that of normal gravity, greatly reducing movement, jump capability and maneuverability.","Gravity here is three times that of normal gravity, greatly reducing movement, jump capability and maneuverability.","",""
"WORLDTXT.BIN",303,"Gravity here is almost three times that of normal gravity, greatly reducing movement, jump capability and maneuverability.","Gravity here is three times that of normal gravity, greatly reducing movement, jump capability and maneuverability.","",""
"WORLDTXT.BIN",304,"Gravity here is almost three times that of normal gravity, greatly reducing movement, jump capability and maneuverability.","Gravity here is three times that of normal gravity, greatly reducing movement, jump capability and maneuverability.","",""
"WORLDTXT.BIN",305,"Gravity here is almost three times that of normal gravity, greatly reducing movement, jump capability and maneuverability.","Gravity here is three times that of normal gravity, greatly reducing movement, jump capability and maneuverability.","",""
"WORLDTXT.BIN",306,"Gravity here is almost three times that of normal gravity, greatly reducing movement, jump capability and maneuverability.","Gravity here is three times that of normal gravity, greatly reducing movement, jump capability and maneuverability.","",""
"WORLDTXT.BIN",307,"Gravity here is almost three times that of normal gravity, greatly reducing movement, jump capability and maneuverability.","Gravity here is three times that of normal gravity, greatly reducing movement, jump capability and maneuverability.","",""
"WORLDTXT.BIN",308,"Gravity here is almost three times that of normal gravity, greatly reducing movement, jump capability and maneuverability.","Gravity here is three times that of normal gravity, greatly reducing movement, jump capability and maneuverability.","",""
"WORLDTXT.BIN",309,"Gravity here is almost three times that of normal gravity, greatly reducing movement, jump capability and maneuverability.","Gravity here is three times that of normal gravity, greatly reducing movement, jump capability and maneuverability.","",""
"WORLDTXT.BIN",310,"Gravity here is almost three times that of normal gravity, greatly reducing movement, jump capability and maneuverability.","Gravity here is three times that of normal gravity, greatly reducing movement, jump capability and maneuverability.","",""
"WORLDTXT.BIN",311,"Gravity here is almost three times that of normal gravity, greatly reducing movement, jump capability and maneuverability.","Gravity here is three times that of normal gravity, greatly reducing movement, jump capability and maneuverability.","",""
"WORLDTXT.BIN",312,"Gravity here is almost three times that of normal gravity, greatly reducing movement, jump capability and maneuverability.","Gravity here is three times that of normal gravity, greatly reducing movement, jump capability and maneuverability.","",""
"WORLDTXT.BIN",313,"Gravity here is almost three times that of normal gravity, greatly reducing movement, jump capability and maneuverability.","Gravity here is three times that of normal gravity, greatly reducing movement, jump capability and maneuverability.","",""
"WORLDTXT.BIN",314,"Gravity here is almost three times that of normal gravity, greatly reducing movement, jump capability and maneuverability.","Gravity here is three times that of normal gravity, greatly reducing movement, jump capability and maneuverability.","",""
"WORLDTXT.BIN",315,"Gravity here is almost three times that of normal gravity, greatly reducing movement, jump capability and maneuverability.","Gravity here is three times that of normal gravity, greatly reducing movement, jump capability and maneuverability.","",""
"WORLDTXT.BIN",316,"Gravity here is almost three times that of normal gravity, greatly reducing movement, jump capability and maneuverability.","Gravity here is three times that of normal gravity, greatly reducing movement, jump capability and maneuverability.","",""
"WORLDTXT.BIN",317,"Gravity here is almost three times that of normal gravity, greatly reducing movement, jump capability and maneuverability.","Gravity here is three times that of normal gravity, greatly reducing movement, jump capability and maneuverability.","",""
"WORLDTXT.BIN",318,"Gravity here is almost three times that of normal gravity, greatly reducing movement, jump capability and maneuverability.","Gravity here is three times that of normal gravity, greatly reducing movement, jump capability and maneuverability.","",""
"WORLDTXT.BIN",319,"Gravity here is almost three times that of normal gravity, greatly reducing movement, jump capability and maneuverability.","Gravity here is three times that of normal gravity, greatly reducing movement, jump capability and maneuverability.","",""
"WORLDTXT.BIN",320,"Gravity here is almost three times that of normal gravity, greatly reducing movement, jump capability and maneuverability.","Gravity here is three times that of normal gravity, greatly reducing movement, jump capability and maneuverability.","",""
"WORLDTXT.BIN",321,"Gravity here is almost three times that of normal gravity, greatly reducing movement, jump capability and maneuverability.","Gravity here is three times that of normal gravity, greatly reducing movement, jump capability and maneuverability.","",""
"WORLDTXT.BIN",322,"Gravity here is almost three times that of normal gravity, greatly reducing movement, jump capability and maneuverability.","Gravity here is three times that of normal gravity, greatly reducing movement, jump capability and maneuverability.","",""
"WORLDTXT.BIN",323,"Gravity here is almost three times that of normal gravity, greatly reducing movement, jump capability and maneuverability.","Gravity here is three times that of normal gravity, greatly reducing movement, jump capability and maneuverability.","",""
"WORLDTXT.BIN",324,"Gravity here is almost three times that of normal gravity, greatly reducing movement, jump capability and maneuverability.","Gravity here is three times that of normal gravity, greatly reducing movement, jump capability and maneuverability.","",""
"WORLDTXT.BIN",325,"Gravity here is almost three times that of normal gravity, greatly reducing movement, jump capability and maneuverability.","Gravity here is three times that of normal gravity, greatly reducing movement, jump capability and maneuverability.","",""
"WORLDTXT.BIN",326,"Gravity here is almost three times that of normal gravity, greatly reducing movement, jump capability and maneuverability.","Gravity here is three times that of normal gravity, greatly reducing movement, jump capability and maneuverability.","",""
"WORLDTXT.BIN",327,"Gravity here is almost three times that of normal gravity, greatly reducing movement, jump capability and maneuverability.","Gravity here is three times that of normal gravity, greatly reducing movement, jump capability and maneuverability.","",""
"WORLDTXT.BIN",328,"Gravity here is almost three times that of normal gravity, greatly reducing movement, jump capability and maneuverability.","Gravity here is three times that of normal gravity, greatly reducing movement, jump capability and maneuverability.","",""
"WORLDTXT.BIN",329,"Gravity here is almost three times that of normal gravity, greatly reducing movement, jump capability and maneuverability.","Gravity here is three times that of normal gravity, greatly reducing movement, jump capability and maneuverability.","",""
"WORLDTXT.BIN",330,"Gravity here is almost three times that of normal gravity, greatly reducing movement, jump capability and maneuverability.","Gravity here is three times that of normal gravity, greatly reducing movement, jump capability and maneuverability.","",""
"WORLDTXT.BIN",331,"Gravity here is almost three times that of normal gravity, greatly reducing movement, jump capability and maneuverability.","Gravity here is three times that of normal gravity, greatly reducing movement, jump capability and maneuverability.","",""
"WORLDTXT.BIN",332,"Gravity here is almost three times that of normal gravity, greatly reducing movement, jump capability and maneuverability.","Gravity here is three times that of normal gravity, greatly reducing movement, jump capability and maneuverability.","",""
"WORLDTXT.BIN",333,"Gravity here is almost three times that of normal gravity, greatly reducing movement, jump capability and maneuverability.","Gravity here is three times that of normal gravity, greatly reducing movement, jump capability and maneuverability.","",""
"WORLDTXT.BIN",334,"Gravity here is almost three times that of normal gravity, greatly reducing movement, jump capability and maneuverability.","Gravity here is three times that of normal gravity, greatly reducing movement, jump capability and maneuverability.","",""
"WORLDTXT.BIN",335,"Gravity here is almost three times that of normal gravity, greatly reducing movement, jump capability and maneuverability.","Gravity here is three times that of normal gravity, greatly reducing movement, jump capability and maneuverability.","",""
"WORLDTXT.BIN",336,"Gravity here is almost three times that of normal gravity, greatly reducing movement, jump capability and maneuverability.","Gravity here is three times that of normal gravity, greatly reducing movement, jump capability and maneuverability.","",""
"WORLDTXT.BIN",337,"Gravity here is almost three times that of normal gravity, greatly reducing movement, jump capability and maneuverability.","Gravity here is three times that of normal gravity, greatly reducing movement, jump capability and maneuverability.","",""
"WORLDTXT.BIN",338,"Gravity here is almost three times that of normal gravity, greatly reducing movement, jump capability and maneuverability.","Gravity here is three times that of normal gravity, greatly reducing movement, jump capability and maneuverability.","",""
"WORLDTXT.BIN",339,"Gravity here is almost three times that of normal gravity, greatly reducing movement, jump capability and maneuverability.","Gravity here is three times that of normal gravity, greatly reducing movement, jump capability and maneuverability.","",""
"WORLDTXT.BIN",340,"Gravity here is almost three times that of normal gravity, greatly reducing movement, jump capability and maneuverability.","Gravity here is three times that of normal gravity, greatly reducing movement, jump capability and maneuverability.","",""
"WORLDTXT.BIN",341,"Gravity here is almost three times that of normal gravity, greatly reducing movement, jump capability and maneuverability.","Gravity here is three times that of normal gravity, greatly reducing movement, jump capability and maneuverability.","",""
"WORLDTXT.BIN",342,"Gravity here is almost three times that of normal gravity, greatly reducing movement, jump capability and maneuverability.","Gravity here is three times that of normal gravity, greatly reducing movement, jump capability and maneuverability.","",""
"WORLDTXT.BIN",343,"Gravity here is almost three times that of normal gravity, greatly reducing movement, jump capability and maneuverability.","Gravity here is three times that of normal gravity, greatly reducing movement, jump capability and maneuverability.","",""
"WORLDTXT.BIN",344,"Gravity here is almost three times that of normal gravity, greatly reducing movement, jump capability and maneuverability.","Gravity here is three times that of normal gravity, greatly reducing movement, jump capability and maneuverability.","",""
"WORLDTXT.BIN",345,"Gravity here is almost three times that of normal gravity, greatly reducing movement, jump capability and maneuverability.","Gravity here is three times that of normal gravity, greatly reducing movement, jump capability and maneuverability.","",""
"WORLDTXT.BIN",346,"Gravity here is almost three times that of normal gravity, greatly reducing movement, jump capability and maneuverability.","Gravity here is three times that of normal gravity, greatly reducing movement, jump capability and maneuverability.","",""
"WORLDTXT.BIN",347,"Gravity here is almost three times that of normal gravity, greatly reducing movement, jump capability and maneuverability.","Gravity here is three times that of normal gravity, greatly reducing movement, jump capability and maneuverability.","",""
"WORLDTXT.BIN",348,"Gravity here is almost three times that of normal gravity, greatly reducing movement, jump capability and maneuverability.","Gravity here is three times that of normal gravity, greatly reducing movement, jump capability and maneuverability.","",""
"WORLDTXT.BIN",349,"Gravity here is almost three times that of normal gravity, greatly reducing movement, jump capability and maneuverability.","Gravity here is three times that of normal gravity, greatly reducing movement, jump capability and maneuverability.","",""
"WORLDTXT.BIN",350,"Gravity here is almost three times that of normal gravity, greatly reducing movement, jump capability and maneuverability.","Gravity here is three times that of normal gravity, greatly reducing movement, jump capability and maneuverability.","",""
"WORLDTXT.BIN",351,"Gravity here is almost three times that of normal gravity, greatly reducing movement, jump capability and maneuverability.","Gravity here is three times that of normal gravity, greatly reducing movement, jump capability and maneuverability.","",""
"WORLDTXT.BIN",352,"Gravity here is almost three times that of normal gravity, greatly reducing movement, jump capability and maneuverability.","Gravity here is three times that of normal gravity, greatly reducing movement, jump capability and maneuverability.","",""
"WORLDTXT.BIN",353,"Gravity here is three times that of normal gravity, greatly reducing movement, jump capability and maneuverability.","Gravity here is more than three times that of normal gravity, greatly reducing movement, jump capability and maneuverability.","",""
"WORLDTXT.BIN",354,"Gravity here is more than three times that of normal gravity, greatly reducing movement, jump capability and maneuverability.","Gravity here is almost four times that of normal gravity, greatly reducing movement, jump capability and maneuverability.","",""
"WORLDTXT.BIN",355,"Gravity here is almost four times that of normal gravity, greatly reducing movement, jump capability and maneuverability.","Gravity here is four times that of normal gravity, greatly reducing movement, jump capability and maneuverability.","",""
"WORLDTXT.BIN",356,"Gravity here is almost four times that of normal gravity, greatly reducing movement, jump capability and maneuverability.","Gravity here is four times that of normal gravity, greatly reducing movement, jump capability and maneuverability.","",""
"WORLDTXT.BIN",357,"Gravity here is almost four times that of normal gravity, greatly reducing movement, jump capability and maneuverability.","Gravity here is four times that of normal gravity, greatly reducing movement, jump capability and maneuverability.","",""
"WORLDTXT.BIN",358,"Gravity here is almost four times that of normal gravity, greatly reducing movement, jump capability and maneuverability.","Gravity here is four times that of normal gravity, greatly reducing movement, jump capability and maneuverability.","",""
"WORLDTXT.BIN",359,"Gravity here is almost four times that of normal gravity, greatly reducing movement, jump capability and maneuverability.","Gravity here is four times that of normal gravity, greatly reducing movement, jump capability and maneuverability.","",""
"WORLDTXT.BIN",360,"Gravity here is almost four times that of normal gravity, greatly reducing movement, jump capability and maneuverability.","Gravity here is four times that of normal gravity, greatly reducing movement, jump capability and maneuverability.","",""
"WORLDTXT.BIN",361,"Gravity here is almost four times that of normal gravity, greatly reducing movement, jump capability and maneuverability.","Gravity here is four times that of normal gravity, greatly reducing movement, jump capability and maneuverability.","",""
"WORLDTXT.BIN",362,"Gravity here is almost four times that of normal gravity, greatly reducing movement, jump capability and maneuverability.","Gravity here is four times that of normal gravity, greatly reducing movement, jump capability and maneuverability.","",""
"WORLDTXT.BIN",363,"Gravity here is almost four times that of normal gravity, greatly reducing movement, jump capability and maneuverability.","Gravity here is four times that of normal gravity, greatly reducing movement, jump capability and maneuverability.","",""
"WORLDTXT.BIN",364,"Gravity here is almost four times that of normal gravity, greatly reducing movement, jump capability and maneuverability.","Gravity here is four times that of normal gravity, greatly reducing movement, jump capability and maneuverability.","",""
"WORLDTXT.BIN",365,"Gravity here is almost four times that of normal gravity, greatly reducing movement, jump capability and maneuverability.","Gravity here is four times that of normal gravity, greatly reducing movement, jump capability and maneuverability.","",""
"WORLDTXT.BIN",366,"Gravity here is almost four times that of normal gravity, greatly reducing movement, jump capability and maneuverability.","Gravity here is four times that of normal gravity, greatly reducing movement, jump capability and maneuverability.","",""
"WORLDTXT.BIN",367,"Gravity here is almost four times that of normal gravity, greatly reducing movement, jump capability and maneuverability.","Gravity here is four times that of normal gravity, greatly reducing movement, jump capability and maneuverability.","",""
"WORLDTXT.BIN",368,"Gravity here is almost four times that of normal gravity, greatly reducing movement, jump capability and maneuverability.","Gravity here is four times that of normal gravity, greatly reducing movement, jump capability and maneuverability.","",""
"WORLDTXT.BIN",369,"Gravity here is almost four times that of normal gravity, greatly reducing movement, jump capability and maneuverability.","Gravity here is four times that of normal gravity, greatly reducing movement, jump capability and maneuverability.","",""
"WORLDTXT.BIN",370,"Gravity here is almost four times that of normal gravity, greatly reducing movement, jump capability and maneuverability.","Gravity here is four times that of normal gravity, greatly reducing movement, jump capability and maneuverability.","",""
"WORLDTXT.BIN",371,"Gravity here is almost four times that of normal gravity, greatly reducing movement, jump capability and maneuverability.","Gravity here is four times that of normal gravity, greatly reducing movement, jump capability and maneuverability.","",""
"WORLDTXT.BIN",372,"Gravity here is almost four times that of normal gravity, greatly reducing movement, jump capability and maneuverability.","Gravity here is four times that of normal gravity, greatly reducing movement, jump capability and maneuverability.","",""
"WORLDTXT.BIN",373,"Gravity here is almost four times that of normal gravity, greatly reducing movement, jump capability and maneuverability.","Gravity here is four times that of normal gravity, greatly reducing movement, jump capability and maneuverability.","",""
"WORLDTXT.BIN",374,"Gravity here is almost four times that of normal gravity, greatly reducing movement, jump capability and maneuverability.","Gravity here is four times that of normal gravity, greatly reducing movement, jump capability and maneuverability.","",""
"WORLDTXT.BIN",375,"Gravity here is almost four times that of normal gravity, greatly reducing movement, jump capability and maneuverability.","Gravity here is four times that of normal gravity, greatly reducing movement, jump capability and maneuverability.","",""
"WORLDTXT.BIN",376,"Gravity here is almost four times that of normal gravity, greatly reducing movement, jump capability and maneuverability.","Gravity here is four times that of normal gravity, greatly reducing movement, jump capability and maneuverability.","",""
"WORLDTXT.BIN",377,"Gravity here is almost four times that of normal gravity, greatly reducing movement, jump capability and maneuverability.","Gravity here is four times that of normal gravity, greatly reducing movement, jump capability and maneuverability.","",""
"WORLDTXT.BIN",378,"Gravity here is almost four times that of normal gravity, greatly reducing movement, jump capability and maneuverability.","Gravity here is four times that of normal gravity, greatly reducing movement, jump capability and maneuverability.","",""
"WORLDTXT.BIN",379,"Gravity here is almost four times that of normal gravity, greatly reducing movement, jump capability and maneuverability.","Gravity here is four times that of normal gravity, greatly reducing movement, jump capability and maneuverability.","",""
"WORLDTXT.BIN",380,"Gravity here is almost four times that of normal gravity, greatly reducing movement, jump capability and maneuverability.","Gravity here is four times that of normal gravity, greatly reducing movement, jump capability and maneuverability.","",""
"WORLDTXT.BIN",381,"Gravity here is almost four times that of normal gravity, greatly reducing movement, jump capability and maneuverability.","Gravity here is four times that of normal gravity, greatly reducing movement, jump capability and maneuverability.","",""
"WORLDTXT.BIN",382,"Gravity here is almost four times that of normal gravity, greatly reducing movement, jump capability and maneuverability.","Gravity here is four times that of normal gravity, greatly reducing movement, jump capability and maneuverability.","",""
"WORLDTXT.BIN",383,"Gravity here is almost four times that of normal gravity, greatly reducing movement, jump capability and maneuverability.","Gravity here is four times that of normal gravity, greatly reducing movement, jump capability and maneuverability.","",""
"WORLDTXT.BIN",384,"Gravity here is almost four times that of normal gravity, greatly reducing movement, jump capability and maneuverability.","Gravity here is four times that of normal gravity, greatly reducing movement, jump capability and maneuverability.","",""
"WORLDTXT.BIN",385,"Gravity here is almost four times that of normal gravity, greatly reducing movement, jump capability and maneuverability.","Gravity here is four times that of normal gravity, greatly reducing movement, jump capability and maneuverability.","",""
"WORLDTXT.BIN",386,"Gravity here is almost four times that of normal gravity, greatly reducing movement, jump capability and maneuverability.","Gravity here is four times that of normal gravity, greatly reducing movement, jump capability and maneuverability.","",""
"WORLDTXT.BIN",387,"Gravity here is almost four times that of normal gravity, greatly reducing movement, jump capability and maneuverability.","Gravity here is four times that of normal gravity, greatly reducing movement, jump capability and maneuverability.","",""
"WORLDTXT.BIN",388,"Gravity here is almost four times that of normal gravity, greatly reducing movement, jump capability and maneuverability.","Gravity here is four times that of normal gravity, greatly reducing movement, jump capability and maneuverability.","",""
"WORLDTXT.BIN",389,"Gravity here is almost four times that of normal gravity, greatly reducing movement, jump capability and maneuverability.","Gravity here is four times that of normal gravity, greatly reducing movement, jump capability and maneuverability.","",""
"WORLDTXT.BIN",390,"Gravity here is almost four times that of normal gravity, greatly reducing movement, jump capability and maneuverability.","Gravity here is four times that of normal gravity, greatly reducing movement, jump capability and maneuverability.","",""
"WORLDTXT.BIN",391,"Gravity here is almost four times that of normal gravity, greatly reducing movement, jump capability and maneuverability.","Gravity here is four times that of normal gravity, greatly reducing movement, jump capability and maneuverability.","",""
"WORLDTXT.BIN",392,"Gravity here is almost four times that of normal gravity, greatly reducing movement, jump capability and maneuverability.","Gravity here is four times that of normal gravity, greatly reducing movement, jump capability and maneuverability.","",""
"WORLDTXT.BIN",393,"Gravity here is almost four times that of normal gravity, greatly reducing movement, jump capability and maneuverability.","Gravity here is four times that of normal gravity, greatly reducing movement, jump capability and maneuverability.","",""
"WORLDTXT.BIN",394,"Gravity here is almost four times that of normal gravity, greatly reducing movement, jump capability and maneuverability.","Gravity here is four times that of normal gravity, greatly reducing movement, jump capability and maneuverability.","",""
"WORLDTXT.BIN",395,"Gravity here is almost four times that of normal gravity, greatly reducing movement, jump capability and maneuverability.","Gravity here is four times that of normal gravity, greatly reducing movement, jump capability and maneuverability.","",""
"WORLDTXT.BIN",396,"Gravity here is almost four times that of normal gravity, greatly reducing movement, jump capability and maneuverability.","Gravity here is four times that of normal gravity, greatly reducing movement, jump capability and maneuverability.","",""
"WORLDTXT.BIN",397,"Gravity here is almost four times that of normal gravity, greatly reducing movement, jump capability and maneuverability.","Gravity here is four times that of normal gravity, greatly reducing movement, jump capability and maneuverability.","",""
"WORLDTXT.BIN",398,"Gravity here is almost four times that of normal gravity, greatly reducing movement, jump capability and maneuverability.","Gravity here is four times that of normal gravity, greatly reducing movement, jump capability and maneuverability.","",""
"WORLDTXT.BIN",399,"Gravity here is almost four times that of normal gravity, greatly reducing movement, jump capability and maneuverability.","Gravity here is four times that of normal gravity, greatly reducing movement, jump capability and maneuverability.","",""
"WORLDTXT.BIN",400,"Gravity here is almost four times that of normal gravity, greatly reducing movement, jump capability and maneuverability.","Gravity here is four times that of normal gravity, greatly reducing movement, jump capability and maneuverability.","",""
"WORLDTXT.BIN",401,"Gravity here is almost four times that of normal gravity, greatly reducing movement, jump capability and maneuverability.","Gravity here is four times that of normal gravity, greatly reducing movement, jump capability and maneuverability.","",""
"WORLDTXT.BIN",402,"Gravity here is almost four times that of normal gravity, greatly reducing movement, jump capability and maneuverability.","Gravity here is four times that of normal gravity, greatly reducing movement, jump capability and maneuverability.","",""
"WORLDTXT.BIN",403,"Gravity here is almost four times that of normal gravity, greatly reducing movement, jump capability and maneuverability.","Gravity here is four times that of normal gravity, greatly reducing movement, jump capability and maneuverability.","",""
"WORLDTXT.BIN",404,"Gravity here is almost four times that of normal gravity, greatly reducing movement, jump capability and maneuverability.","Gravity here is four times that of normal gravity, greatly reducing movement, jump capability and maneuverability.","",""
"WORLDTXT.BIN",405,"Gravity here is almost four times that of normal gravity, greatly reducing movement, jump capability and maneuverability.","Gravity here is four times that of normal gravity, greatly reducing movement, jump capability and maneuverability.","",""
"WORLDTXT.BIN",406,"Gravity here is almost four times that of normal gravity, greatly reducing movement, jump capability and maneuverability.","Gravity here is four times that of normal gravity, greatly reducing movement, jump capability and maneuverability.","",""
"WORLDTXT.BIN",407,"Gravity here is almost four times that of normal gravity, greatly reducing movement, jump capability and maneuverability.","Gravity here is four times that of normal gravity, greatly reducing movement, jump capability and maneuverability.","",""
"WORLDTXT.BIN",408,"Gravity here is almost four times that of normal gravity, greatly reducing movement, jump capability and maneuverability.","Gravity here is four times that of normal gravity, greatly reducing movement, jump capability and maneuverability.","",""
"WORLDTXT.BIN",409,"Gravity here is almost four times that of normal gravity, greatly reducing movement, jump capability and maneuverability.","Gravity here is four times that of normal gravity, greatly reducing movement, jump capability and maneuverability.","",""
"WORLDTXT.BIN",410,"Gravity here is almost four times that of normal gravity, greatly reducing movement, jump capability and maneuverability.","Gravity here is four times that of normal gravity, greatly reducing movement, jump capability and maneuverability.","",""
"WORLDTXT.BIN",411,"Gravity here is almost four times that of normal gravity, greatly reducing movement, jump capability and maneuverability.","Gravity here is four times that of normal gravity, greatly reducing movement, jump capability and maneuverability.","",""
"WORLDTXT.BIN",412,"Gravity here is almost four times that of normal gravity, greatly reducing movement, jump capability and maneuverability.","Gravity here is four times that of normal gravity, greatly reducing movement, jump capability and maneuverability.","",""
"WORLDTXT.BIN",413,"Gravity here is almost four times that of normal gravity, greatly reducing movement, jump capability and maneuverability.","Gravity here is four times that of normal gravity, greatly reducing movement, jump capability and maneuverability.","",""
"WORLDTXT.BIN",414,"Gravity here is almost four times that of normal gravity, greatly reducing movement, jump capability and maneuverability.","Gravity here is four times that of normal gravity, greatly reducing movement, jump capability and maneuverability.","",""
"WORLDTXT.BIN",415,"Gravity here is almost four times that of normal gravity, greatly reducing movement, jump capability and maneuverability.","Gravity here is four times that of normal gravity, greatly reducing movement, jump capability and maneuverability.","",""
"WORLDTXT.BIN",416,"Gravity here is almost four times that of normal gravity, greatly reducing movement, jump capability and maneuverability.","Gravity here is four times that of normal gravity, greatly reducing movement, jump capability and maneuverability.","",""
"WORLDTXT.BIN",417,"Gravity here is almost four times that of normal gravity, greatly reducing movement, jump capability and maneuverability.","Gravity here is four times that of normal gravity, greatly reducing movement, jump capability and maneuverability.","",""
"WORLDTXT.BIN",418,"Gravity here is almost four times that of normal gravity, greatly reducing movement, jump capability and maneuverability.","Gravity here is four times that of normal gravity, greatly reducing movement, jump capability and maneuverability.","",""
"WORLDTXT.BIN",419,"Gravity here is almost four times that of normal gravity, greatly reducing movement, jump capability and maneuverability.","Gravity here is four times that of normal gravity, greatly reducing movement, jump capability and maneuverability.","",""
"WORLDTXT.BIN",420,"Gravity here is almost four times that of normal gravity, greatly reducing movement, jump capability and maneuverability.","Gravity here is four times that of normal gravity, greatly reducing movement, jump capability and maneuverability.","",""
"WORLDTXT.BIN",421,"Gravity here is almost four times that of normal gravity, greatly reducing movement, jump capability and maneuverability.","Gravity here is four times that of normal gravity, greatly reducing movement, jump capability and maneuverability.","",""
"WORLDTXT.BIN",422,"Gravity here is almost four times that of normal gravity, greatly reducing movement, jump capability and maneuverability.","Gravity here is four times that of normal gravity, greatly reducing movement, jump capability and maneuverability.","",""
"WORLDTXT.BIN",423,"Gravity here is almost four times that of normal gravity, greatly reducing movement, jump capability and maneuverability.","Gravity here is four times that of normal gravity, greatly reducing movement, jump capability and maneuverability.","",""
"WORLDTXT.BIN",424,"Gravity here is almost four times that of normal gravity, greatly reducing movement, jump capability and maneuverability.","Gravity here is four times that of normal gravity, greatly reducing movement, jump capability and maneuverability.","",""
"WORLDTXT.BIN",425,"Gravity here is almost four times that of normal gravity, greatly reducing movement, jump capability and maneuverability.","Gravity here is four times that of normal gravity, greatly reducing movement, jump capability and maneuverability.","",""
"WORLDTXT.BIN",426,"Gravity here is almost four times that of normal gravity, greatly reducing movement, jump capability and maneuverability.","Gravity here is four times that of normal gravity, greatly reducing movement, jump capability and maneuverability.","",""
"WORLDTXT.BIN",427,"Gravity here is almost four times that of normal gravity, greatly reducing movement, jump capability and maneuverability.","Gravity here is four times that of normal gravity, greatly reducing movement, jump capability and maneuverability.","",""
"WORLDTXT.BIN",428,"Gravity here is almost four times that of normal gravity, greatly reducing movement, jump capability and maneuverability.","Gravity here is four times that of normal gravity, greatly reducing movement, jump capability and maneuverability.","",""
"WORLDTXT.BIN",429,"Gravity here is almost four times that of normal gravity, greatly reducing movement, jump capability and maneuverability.","Gravity here is four times that of normal gravity, greatly reducing movement, jump capability and maneuverability.","",""
"WORLDTXT.BIN",430,"Gravity here is almost four times that of normal gravity, greatly reducing movement, jump capability and maneuverability.","Gravity here is four times that of normal gravity, greatly reducing movement, jump capability and maneuverability.","",""
"WORLDTXT.BIN",431,"Gravity here is almost four times that of normal gravity, greatly reducing movement, jump capability and maneuverability.","Gravity here is four times that of normal gravity, greatly reducing movement, jump capability and maneuverability.","",""
"WORLDTXT.BIN",432,"Gravity here is almost four times that of normal gravity, greatly reducing movement, jump capability and maneuverability.","Gravity here is four times that of normal gravity, greatly reducing movement, jump capability and maneuverability.","",""
"WORLDTXT.BIN",433,"Gravity here is almost four times that of normal gravity, greatly reducing movement, jump capability and maneuverability.","Gravity here is four times that of normal gravity, greatly reducing movement, jump capability and maneuverability.","",""
"WORLDTXT.BIN",434,"Gravity here is almost four times that of normal gravity, greatly reducing movement, jump capability and maneuverability.","Gravity here is four times that of normal gravity, greatly reducing movement, jump capability and maneuverability.","",""
"WORLDTXT.BIN",435,"Gravity here is almost four times that of normal gravity, greatly reducing movement, jump capability and maneuverability.","Gravity here is four times that of normal gravity, greatly reducing movement, jump capability and maneuverability.","",""
"WORLDTXT.BIN",436,"Gravity here is almost four times that of normal gravity, greatly reducing movement, jump capability and maneuverability.","Gravity here is four times that of normal gravity, greatly reducing movement, jump capability and maneuverability.","",""
"WORLDTXT.BIN",437,"Gravity here is almost four times that of normal gravity, greatly reducing movement, jump capability and maneuverability.","Gravity here is four times that of normal gravity, greatly reducing movement, jump capability and maneuverability.","",""
"WORLDTXT.BIN",438,"Gravity here is almost four times that of normal gravity, greatly reducing movement, jump capability and maneuverability.","Gravity here is four times that of normal gravity, greatly reducing movement, jump capability and maneuverability.","",""
"WORLDTXT.BIN",439,"Gravity here is almost four times that of normal gravity, greatly reducing movement, jump capability and maneuverability.","Gravity here is four times that of normal gravity, greatly reducing movement, jump capability and maneuverability.","",""
"WORLDTXT.BIN",440,"Gravity here is almost four times that of normal gravity, greatly reducing movement, jump capability and maneuverability.","Gravity here is four times that of normal gravity, greatly reducing movement, jump capability and maneuverability.","",""
"WORLDTXT.BIN",441,"Gravity here is almost four times that of normal gravity, greatly reducing movement, jump capability and maneuverability.","Gravity here is four times that of normal gravity, greatly reducing movement, jump capability and maneuverability.","",""
"WORLDTXT.BIN",442,"Gravity here is almost four times that of normal gravity, greatly reducing movement, jump capability and maneuverability.","Gravity here is four times that of normal gravity, greatly reducing movement, jump capability and maneuverability.","",""
"WORLDTXT.BIN",443,"Gravity here is almost four times that of normal gravity, greatly reducing movement, jump capability and maneuverability.","Gravity here is four times that of normal gravity, greatly reducing movement, jump capability and maneuverability.","",""
"WORLDTXT.BIN",444,"Gravity here is almost four times that of normal gravity, greatly reducing movement, jump capability and maneuverability.","Gravity here is four times that of normal gravity, greatly reducing movement, jump capability and maneuverability.","",""
"WORLDTXT.BIN",445,"Gravity here is almost four times that of normal gravity, greatly reducing movement, jump capability and maneuverability.","Gravity here is four times that of normal gravity, greatly reducing movement, jump capability and maneuverability.","",""
"WORLDTXT.BIN",446,"Gravity here is almost four times that of normal gravity, greatly reducing movement, jump capability and maneuverability.","Gravity here is four times that of normal gravity, greatly reducing movement, jump capability and maneuverability.","",""
"WORLDTXT.BIN",447,"Gravity here is almost four times that of normal gravity, greatly reducing movement, jump capability and maneuverability.","Gravity here is four times that of normal gravity, greatly reducing movement, jump capability and maneuverability.","",""
"WORLDTXT.BIN",448,"Gravity here is almost four times that of normal gravity, greatly reducing movement, jump capability and maneuverability.","Gravity here is four times that of normal gravity, greatly reducing movement, jump capability and maneuverability.","",""
"WORLDTXT.BIN",449,"Gravity here is almost four times that of normal gravity, greatly reducing movement, jump capability and maneuverability.","Gravity here is four times that of normal gravity, greatly reducing movement, jump capability and maneuverability.","",""
"WORLDTXT.BIN",450,"Gravity here is almost four times that of normal gravity, greatly reducing movement, jump capability and maneuverability.","Gravity here is four times that of normal gravity, greatly reducing movement, jump capability and maneuverability.","",""
"WORLDTXT.BIN",451,"Gravity here is almost four times that of normal gravity, greatly reducing movement, jump capability and maneuverability.","Gravity here is four times that of normal gravity, greatly reducing movement, jump capability and maneuverability.","",""
"WORLDTXT.BIN",452,"Gravity here is almost four times that of normal gravity, greatly reducing movement, jump capability and maneuverability.","Gravity here is four times that of normal gravity, greatly reducing movement, jump capability and maneuverability.","",""
"WORLDTXT.BIN",453,"Gravity here is four times that of normal gravity, greatly reducing movement, jump capability and maneuverability.","Gravity here is more than four times that of normal gravity, greatly reducing movement, jump capability and maneuverability.","",""
"WORLDTXT.BIN",454,"Gravity here is more than four times that of normal gravity, greatly reducing movement, jump capability and maneuverability.","Gravity here is almost five times that of normal gravity.  Movement, jump capability and maneuverability will be greatly inhibited.","",""
"WORLDTXT.BIN",455,"Gravity here is almost five times that of normal gravity.  Movement, jump capability and maneuverability will be greatly inhibited.","Gravity here is five times that of normal gravity.  Movement, jump capability and maneuverability will be greatly inhibited.","",""
"WORLDTXT.BIN",456,"Gravity here is almost five times that of normal gravity.  Movement, jump capability and maneuverability will be greatly inhibited.","Gravity here is five times that of normal gravity.  Movement, jump capability and maneuverability will be greatly inhibited.","",""
"WORLDTXT.BIN",457,"Gravity here is almost five times that of normal gravity.  Movement, jump capability and maneuverability will be greatly inhibited.","Gravity here is five times that of normal gravity.  Movement, jump capability and maneuverability will be greatly inhibited.","",""
"WORLDTXT.BIN",458,"Gravity here is almost five times that of normal gravity.  Movement, jump capability and maneuverability will be greatly inhibited.","Gravity here is five times that of normal gravity.  Movement, jump capability and maneuverability will be greatly inhibited.","",""
"WORLDTXT.BIN",459,"Gravity here is almost five times that of normal gravity.  Movement, jump capability and maneuverability will be greatly inhibited.","Gravity here is five times that of normal gravity.  Movement, jump capability and maneuverability will be greatly inhibited.","",""
"WORLDTXT.BIN",460,"Gravity here is almost five times that of normal gravity.  Movement, jump capability and maneuverability will be greatly inhibited.","Gravity here is five times that of normal gravity.  Movement, jump capability and maneuverability will be greatly inhibited.","",""
"WORLDTXT.BIN",461,"Gravity here is almost five times that of normal gravity.  Movement, jump capability and maneuverability will be greatly inhibited.","Gravity here is five times that of normal gravity.  Movement, jump capability and maneuverability will be greatly inhibited.","",""
"WORLDTXT.BIN",462,"Gravity here is almost five times that of normal gravity.  Movement, jump capability and maneuverability will be greatly inhibited.","Gravity here is five times that of normal gravity.  Movement, jump capability and maneuverability will be greatly inhibited.","",""
"WORLDTXT.BIN",463,"Gravity here is almost five times that of normal gravity.  Movement, jump capability and maneuverability will be greatly inhibited.","Gravity here is five times that of normal gravity.  Movement, jump capability and maneuverability will be greatly inhibited.","",""
"WORLDTXT.BIN",464,"Gravity here is almost five times that of normal gravity.  Movement, jump capability and maneuverability will be greatly inhibited.","Gravity here is five times that of normal gravity.  Movement, jump capability and maneuverability will be greatly inhibited.","",""
"WORLDTXT.BIN",465,"Gravity here is almost five times that of normal gravity.  Movement, jump capability and maneuverability will be greatly inhibited.","Gravity here is five times that of normal gravity.  Movement, jump capability and maneuverability will be greatly inhibited.","",""
"WORLDTXT.BIN",466,"Gravity here is almost five times that of normal gravity.  Movement, jump capability and maneuverability will be greatly inhibited.","Gravity here is five times that of normal gravity.  Movement, jump capability and maneuverability will be greatly inhibited.","",""
"WORLDTXT.BIN",467,"Gravity here is almost five times that of normal gravity.  Movement, jump capability and maneuverability will be greatly inhibited.","Gravity here is five times that of normal gravity.  Movement, jump capability and maneuverability will be greatly inhibited.","",""
"WORLDTXT.BIN",468,"Gravity here is almost five times that of normal gravity.  Movement, jump capability and maneuverability will be greatly inhibited.","Gravity here is five times that of normal gravity.  Movement, jump capability and maneuverability will be greatly inhibited.","",""
"WORLDTXT.BIN",469,"Gravity here is almost five times that of normal gravity.  Movement, jump capability and maneuverability will be greatly inhibited.","Gravity here is five times that of normal gravity.  Movement, jump capability and maneuverability will be greatly inhibited.","",""
"WORLDTXT.BIN",470,"Gravity here is almost five times that of normal gravity.  Movement, jump capability and maneuverability will be greatly inhibited.","Gravity here is five times that of normal gravity.  Movement, jump capability and maneuverability will be greatly inhibited.","",""
"WORLDTXT.BIN",471,"Gravity here is almost five times that of normal gravity.  Movement, jump capability and maneuverability will be greatly inhibited.","Gravity here is five times that of normal gravity.  Movement, jump capability and maneuverability will be greatly inhibited.","",""
"WORLDTXT.BIN",472,"Gravity here is almost five times that of normal gravity.  Movement, jump capability and maneuverability will be greatly inhibited.","Gravity here is five times that of normal gravity.  Movement, jump capability and maneuverability will be greatly inhibited.","",""
"WORLDTXT.BIN",473,"Gravity here is almost five times that of normal gravity.  Movement, jump capability and maneuverability will be greatly inhibited.","Gravity here is five times that of normal gravity.  Movement, jump capability and maneuverability will be greatly inhibited.","",""
"WORLDTXT.BIN",474,"Gravity here is almost five times that of normal gravity.  Movement, jump capability and maneuverability will be greatly inhibited.","Gravity here is five times that of normal gravity.  Movement, jump capability and maneuverability will be greatly inhibited.","",""
"WORLDTXT.BIN",475,"Gravity here is almost five times that of normal gravity.  Movement, jump capability and maneuverability will be greatly inhibited.","Gravity here is five times that of normal gravity.  Movement, jump capability and maneuverability will be greatly inhibited.","",""
"WORLDTXT.BIN",476,"Gravity here is almost five times that of normal gravity.  Movement, jump capability and maneuverability will be greatly inhibited.","Gravity here is five times that of normal gravity.  Movement, jump capability and maneuverability will be greatly inhibited.","",""
"WORLDTXT.BIN",477,"Gravity here is almost five times that of normal gravity.  Movement, jump capability and maneuverability will be greatly inhibited.","Gravity here is five times that of normal gravity.  Movement, jump capability and maneuverability will be greatly inhibited.","",""
"WORLDTXT.BIN",478,"Gravity here is almost five times that of normal gravity.  Movement, jump capability and maneuverability will be greatly inhibited.","Gravity here is five times that of normal gravity.  Movement, jump capability and maneuverability will be greatly inhibited.","",""
"WORLDTXT.BIN",479,"Gravity here is almost five times that of normal gravity.  Movement, jump capability and maneuverability will be greatly inhibited.","Gravity here is five times that of normal gravity.  Movement, jump capability and maneuverability will be greatly inhibited.","",""
"WORLDTXT.BIN",480,"Gravity here is almost five times that of normal gravity.  Movement, jump capability and maneuverability will be greatly inhibited.","Gravity here is five times that of normal gravity.  Movement, jump capability and maneuverability will be greatly inhibited.","",""
"WORLDTXT.BIN",481,"Gravity here is almost five times that of normal gravity.  Movement, jump capability and maneuverability will be greatly inhibited.","Gravity here is five times that of normal gravity.  Movement, jump capability and maneuverability will be greatly inhibited.","",""
"WORLDTXT.BIN",482,"Gravity here is almost five times that of normal gravity.  Movement, jump capability and maneuverability will be greatly inhibited.","Gravity here is five times that of normal gravity.  Movement, jump capability and maneuverability will be greatly inhibited.","",""
"WORLDTXT.BIN",483,"Gravity here is almost five times that of normal gravity.  Movement, jump capability and maneuverability will be greatly inhibited.","Gravity here is five times that of normal gravity.  Movement, jump capability and maneuverability will be greatly inhibited.","",""
"WORLDTXT.BIN",484,"Gravity here is almost five times that of normal gravity.  Movement, jump capability and maneuverability will be greatly inhibited.","Gravity here is five times that of normal gravity.  Movement, jump capability and maneuverability will be greatly inhibited.","",""
"WORLDTXT.BIN",485,"Gravity here is almost five times that of normal gravity.  Movement, jump capability and maneuverability will be greatly inhibited.","Gravity here is five times that of normal gravity.  Movement, jump capability and maneuverability will be greatly inhibited.","",""
"WORLDTXT.BIN",486,"Gravity here is almost five times that of normal gravity.  Movement, jump capability and maneuverability will be greatly inhibited.","Gravity here is five times that of normal gravity.  Movement, jump capability and maneuverability will be greatly inhibited.","",""
"WORLDTXT.BIN",487,"Gravity here is almost five times that of normal gravity.  Movement, jump capability and maneuverability will be greatly inhibited.","Gravity here is five times that of normal gravity.  Movement, jump capability and maneuverability will be greatly inhibited.","",""
"WORLDTXT.BIN",488,"Gravity here is almost five times that of normal gravity.  Movement, jump capability and maneuverability will be greatly inhibited.","Gravity here is five times that of normal gravity.  Movement, jump capability and maneuverability will be greatly inhibited.","",""
"WORLDTXT.BIN",489,"Gravity here is almost five times that of normal gravity.  Movement, jump capability and maneuverability will be greatly inhibited.","Gravity here is five times that of normal gravity.  Movement, jump capability and maneuverability will be greatly inhibited.","",""
"WORLDTXT.BIN",490,"Gravity here is almost five times that of normal gravity.  Movement, jump capability and maneuverability will be greatly inhibited.","Gravity here is five times that of normal gravity.  Movement, jump capability and maneuverability will be greatly inhibited.","",""
"WORLDTXT.BIN",491,"Gravity here is almost five times that of normal gravity.  Movement, jump capability and maneuverability will be greatly inhibited.","Gravity here is five times that of normal gravity.  Movement, jump capability and maneuverability will be greatly inhibited.","",""
"WORLDTXT.BIN",492,"Gravity here is almost five times that of normal gravity.  Movement, jump capability and maneuverability will be greatly inhibited.","Gravity here is five times that of normal gravity.  Movement, jump capability and maneuverability will be greatly inhibited.","",""
"WORLDTXT.BIN",493,"Gravity here is almost five times that of normal gravity.  Movement, jump capability and maneuverability will be greatly inhibited.","Gravity here is five times that of normal gravity.  Movement, jump capability and maneuverability will be greatly inhibited.","",""
"WORLDTXT.BIN",494,"Gravity here is almost five times that of normal gravity.  Movement, jump capability and maneuverability will be greatly inhibited.","Gravity here is five times that of normal gravity.  Movement, jump capability and maneuverability will be greatly inhibited.","",""
"WORLDTXT.BIN",495,"Gravity here is almost five times that of normal gravity.  Movement, jump capability and maneuverability will be greatly inhibited.","Gravity here is five times that of normal gravity.  Movement, jump capability and maneuverability will be greatly inhibited.","",""
"WORLDTXT.BIN",496,"Gravity here is almost five times that of normal gravity.  Movement, jump capability and maneuverability will be greatly inhibited.","Gravity here is five times that of normal gravity.  Movement, jump capability and maneuverability will be greatly inhibited.","",""
"WORLDTXT.BIN",497,"Gravity here is almost five times that of normal gravity.  Movement, jump capability and maneuverability will be greatly inhibited.","Gravity here is five times that of normal gravity.  Movement, jump capability and maneuverability will be greatly inhibited.","",""
"WORLDTXT.BIN",498,"Gravity here is almost five times that of normal gravity.  Movement, jump capability and maneuverability will be greatly inhibited.","Gravity here is five times that of normal gravity.  Movement, jump capability and maneuverability will be greatly inhibited.","",""
"WORLDTXT.BIN",499,"Gravity here is almost five times that of normal gravity.  Movement, jump capability and maneuverability will be greatly inhibited.","Gravity here is five times that of normal gravity.  Movement, jump capability and maneuverability will be greatly inhibited.","",""
"WORLDTXT.BIN",500,"Gravity here is almost five times that of normal gravity.  Movement, jump capability and maneuverability will be greatly inhibited.","Gravity here is five times that of normal gravity.  Movement, jump capability and maneuverability will be greatly inhibited.","",""
"WORLDTXT.BIN",501,"Gravity here is almost five times that of normal gravity.  Movement, jump capability and maneuverability will be greatly inhibited.","Gravity here is five times that of normal gravity.  Movement, jump capability and maneuverability will be greatly inhibited.","",""
"WORLDTXT.BIN",502,"Gravity here is almost five times that of normal gravity.  Movement, jump capability and maneuverability will be greatly inhibited.","Gravity here is five times that of normal gravity.  Movement, jump capability and maneuverability will be greatly inhibited.","",""
"WORLDTXT.BIN",503,"Gravity here is almost five times that of normal gravity.  Movement, jump capability and maneuverability will be greatly inhibited.","Gravity here is five times that of normal gravity.  Movement, jump capability and maneuverability will be greatly inhibited.","",""
"WORLDTXT.BIN",504,"Gravity here is almost five times that of normal gravity.  Movement, jump capability and maneuverability will be greatly inhibited.","Gravity here is five times that of normal gravity.  Movement, jump capability and maneuverability will be greatly inhibited.","",""
"WORLDTXT.BIN",505,"Gravity here is almost five times that of normal gravity.  Movement, jump capability and maneuverability will be greatly inhibited.","Gravity here is five times that of normal gravity.  Movement, jump capability and maneuverability will be greatly inhibited.","",""
"WORLDTXT.BIN",506,"Gravity here is almost five times that of normal gravity.  Movement, jump capability and maneuverability will be greatly inhibited.","Gravity here is five times that of normal gravity.  Movement, jump capability and maneuverability will be greatly inhibited.","",""
"WORLDTXT.BIN",507,"Gravity here is almost five times that of normal gravity.  Movement, jump capability and maneuverability will be greatly inhibited.","Gravity here is five times that of normal gravity.  Movement, jump capability and maneuverability will be greatly inhibited.","",""
"WORLDTXT.BIN",508,"Gravity here is almost five times that of normal gravity.  Movement, jump capability and maneuverability will be greatly inhibited.","Gravity here is five times that of normal gravity.  Movement, jump capability and maneuverability will be greatly inhibited.","",""
"WORLDTXT.BIN",509,"Gravity here is almost five times that of normal gravity.  Movement, jump capability and maneuverability will be greatly inhibited.","Gravity here is five times that of normal gravity.  Movement, jump capability and maneuverability will be greatly inhibited.","",""
"WORLDTXT.BIN",510,"Gravity here is almost five times that of normal gravity.  Movement, jump capability and maneuverability will be greatly inhibited.","Gravity here is five times that of normal gravity.  Movement, jump capability and maneuverability will be greatly inhibited.","",""
"WORLDTXT.BIN",511,"Gravity here is almost five times that of normal gravity.  Movement, jump capability and maneuverability will be greatly inhibited.","Gravity here is five times that of normal gravity.  Movement, jump capability and maneuverability will be greatly inhibited.","",""
"WORLDTXT.BIN",512,"Gravity here is almost five times that of normal gravity.  Movement, jump capability and maneuverability will be greatly inhibited.","Gravity here is five times that of normal gravity.  Movement, jump capability and maneuverability will be greatly inhibited.","",""
"WORLDTXT.BIN",513,"Gravity here is almost five times that of normal gravity.  Movement, jump capability and maneuverability will be greatly inhibited.","Gravity here is five times that of normal gravity.  Movement, jump capability and maneuverability will be greatly inhibited.","",""
"WORLDTXT.BIN",514,"Gravity here is almost five times that of normal gravity.  Movement, jump capability and maneuverability will be greatly inhibited.","Gravity here is five times that of normal gravity.  Movement, jump capability and maneuverability will be greatly inhibited.","",""
"WORLDTXT.BIN",515,"Gravity here is almost five times that of normal gravity.  Movement, jump capability and maneuverability will be greatly inhibited.","Gravity here is five times that of normal gravity.  Movement, jump capability and maneuverability will be greatly inhibited.","",""
"WORLDTXT.BIN",516,"Gravity here is almost five times that of normal gravity.  Movement, jump capability and maneuverability will be greatly inhibited.","Gravity here is five times that of normal gravity.  Movement, jump capability and maneuverability will be greatly inhibited.","",""
"WORLDTXT.BIN",517,"Gravity here is almost five times that of normal gravity.  Movement, jump capability and maneuverability will be greatly inhibited.","Gravity here is five times that of normal gravity.  Movement, jump capability and maneuverability will be greatly inhibited.","",""
"WORLDTXT.BIN",518,"Gravity here is almost five times that of normal gravity.  Movement, jump capability and maneuverability will be greatly inhibited.","Gravity here is five times that of normal gravity.  Movement, jump capability and maneuverability will be greatly inhibited.","",""
"WORLDTXT.BIN",519,"Gravity here is almost five times that of normal gravity.  Movement, jump capability and maneuverability will be greatly inhibited.","Gravity here is five times that of normal gravity.  Movement, jump capability and maneuverability will be greatly inhibited.","",""
"WORLDTXT.BIN",520,"Gravity here is almost five times that of normal gravity.  Movement, jump capability and maneuverability will be greatly inhibited.","Gravity here is five times that of normal gravity.  Movement, jump capability and maneuverability will be greatly inhibited.","",""
"WORLDTXT.BIN",521,"Gravity here is almost five times that of normal gravity.  Movement, jump capability and maneuverability will be greatly inhibited.","Gravity here is five times that of normal gravity.  Movement, jump capability and maneuverability will be greatly inhibited.","",""
"WORLDTXT.BIN",522,"Gravity here is almost five times that of normal gravity.  Movement, jump capability and maneuverability will be greatly inhibited.","Gravity here is five times that of normal gravity.  Movement, jump capability and maneuverability will be greatly inhibited.","",""
"WORLDTXT.BIN",523,"Gravity here is almost five times that of normal gravity.  Movement, jump capability and maneuverability will be greatly inhibited.","Gravity here is five times that of normal gravity.  Movement, jump capability and maneuverability will be greatly inhibited.","",""
"WORLDTXT.BIN",524,"Gravity here is almost five times that of normal gravity.  Movement, jump capability and maneuverability will be greatly inhibited.","Gravity here is five times that of normal gravity.  Movement, jump capability and maneuverability will be greatly inhibited.","",""
"WORLDTXT.BIN",525,"Gravity here is almost five times that of normal gravity.  Movement, jump capability and maneuverability will be greatly inhibited.","Gravity here is five times that of normal gravity.  Movement, jump capability and maneuverability will be greatly inhibited.","",""
"WORLDTXT.BIN",526,"Gravity here is almost five times that of normal gravity.  Movement, jump capability and maneuverability will be greatly inhibited.","Gravity here is five times that of normal gravity.  Movement, jump capability and maneuverability will be greatly inhibited.","",""
"WORLDTXT.BIN",527,"Gravity here is almost five times that of normal gravity.  Movement, jump capability and maneuverability will be greatly inhibited.","Gravity here is five times that of normal gravity.  Movement, jump capability and maneuverability will be greatly inhibited.","",""
"WORLDTXT.BIN",528,"Gravity here is almost five times that of normal gravity.  Movement, jump capability and maneuverability will be greatly inhibited.","Gravity here is five times that of normal gravity.  Movement, jump capability and maneuverability will be greatly inhibited.","",""
"WORLDTXT.BIN",529,"Gravity here is almost five times that of normal gravity.  Movement, jump capability and maneuverability will be greatly inhibited.","Gravity here is five times that of normal gravity.  Movement, jump capability and maneuverability will be greatly inhibited.","",""
"WORLDTXT.BIN",530,"Gravity here is almost five times that of normal gravity.  Movement, jump capability and maneuverability will be greatly inhibited.","Gravity here is five times that of normal gravity.  Movement, jump capability and maneuverability will be greatly inhibited.","",""
"WORLDTXT.BIN",531,"Gravity here is almost five times that of normal gravity.  Movement, jump capability and maneuverability will be greatly inhibited.","Gravity here is five times that of normal gravity.  Movement, jump capability and maneuverability will be greatly inhibited.","",""
"WORLDTXT.BIN",532,"Gravity here is almost five times that of normal gravity.  Movement, jump capability and maneuverability will be greatly inhibited.","Gravity here is five times that of normal gravity.  Movement, jump capability and maneuverability will be greatly inhibited.","",""
"WORLDTXT.BIN",533,"Gravity here is almost five times that of normal gravity.  Movement, jump capability and maneuverability will be greatly inhibited.","Gravity here is five times that of normal gravity.  Movement, jump capability and maneuverability will be greatly inhibited.","",""
"WORLDTXT.BIN",534,"Gravity here is almost five times that of normal gravity.  Movement, jump capability and maneuverability will be greatly inhibited.","Gravity here is five times that of normal gravity.  Movement, jump capability and maneuverability will be greatly inhibited.","",""
"WORLDTXT.BIN",535,"Gravity here is almost five times that of normal gravity.  Movement, jump capability and maneuverability will be greatly inhibited.","Gravity here is five times that of normal gravity.  Movement, jump capability and maneuverability will be greatly inhibited.","",""
"WORLDTXT.BIN",536,"Gravity here is almost five times that of normal gravity.  Movement, jump capability and maneuverability will be greatly inhibited.","Gravity here is five times that of normal gravity.  Movement, jump capability and maneuverability will be greatly inhibited.","",""
"WORLDTXT.BIN",537,"Gravity here is almost five times that of normal gravity.  Movement, jump capability and maneuverability will be greatly inhibited.","Gravity here is five times that of normal gravity.  Movement, jump capability and maneuverability will be greatly inhibited.","",""
"WORLDTXT.BIN",538,"Gravity here is almost five times that of normal gravity.  Movement, jump capability and maneuverability will be greatly inhibited.","Gravity here is five times that of normal gravity.  Movement, jump capability and maneuverability will be greatly inhibited.","",""
"WORLDTXT.BIN",539,"Gravity here is almost five times that of normal gravity.  Movement, jump capability and maneuverability will be greatly inhibited.","Gravity here is five times that of normal gravity.  Movement, jump capability and maneuverability will be greatly inhibited.","",""
"WORLDTXT.BIN",540,"Gravity here is almost five times that of normal gravity.  Movement, jump capability and maneuverability will be greatly inhibited.","Gravity here is five times that of normal gravity.  Movement, jump capability and maneuverability will be greatly inhibited.","",""
"WORLDTXT.BIN",541,"Gravity here is almost five times that of normal gravity.  Movement, jump capability and maneuverability will be greatly inhibited.","Gravity here is five times that of normal gravity.  Movement, jump capability and maneuverability will be greatly inhibited.","",""
"WORLDTXT.BIN",542,"Gravity here is almost five times that of normal gravity.  Movement, jump capability and maneuverability will be greatly inhibited.","Gravity here is five times that of normal gravity.  Movement, jump capability and maneuverability will be greatly inhibited.","",""
"WORLDTXT.BIN",543,"Gravity here is almost five times that of normal gravity.  Movement, jump capability and maneuverability will be greatly inhibited.","Gravity here is five times that of normal gravity.  Movement, jump capability and maneuverability will be greatly inhibited.","",""
"WORLDTXT.BIN",544,"Gravity here is almost five times that of normal gravity.  Movement, jump capability and maneuverability will be greatly inhibited.","Gravity here is five times that of normal gravity.  Movement, jump capability and maneuverability will be greatly inhibited.","",""
"WORLDTXT.BIN",545,"Gravity here is almost five times that of normal gravity.  Movement, jump capability and maneuverability will be greatly inhibited.","Gravity here is five times that of normal gravity.  Movement, jump capability and maneuverability will be greatly inhibited.","",""
"WORLDTXT.BIN",546,"Gravity here is almost five times that of normal gravity.  Movement, jump capability and maneuverability will be greatly inhibited.","Gravity here is five times that of normal gravity.  Movement, jump capability and maneuverability will be greatly inhibited.","",""
"WORLDTXT.BIN",547,"Gravity here is almost five times that of normal gravity.  Movement, jump capability and maneuverability will be greatly inhibited.","Gravity here is five times that of normal gravity.  Movement, jump capability and maneuverability will be greatly inhibited.","",""
"WORLDTXT.BIN",548,"Gravity here is almost five times that of normal gravity.  Movement, jump capability and maneuverability will be greatly inhibited.","Gravity here is five times that of normal gravity.  Movement, jump capability and maneuverability will be greatly inhibited.","",""
"WORLDTXT.BIN",549,"Gravity here is almost five times that of normal gravity.  Movement, jump capability and maneuverability will be greatly inhibited.","Gravity here is five times that of normal gravity.  Movement, jump capability and maneuverability will be greatly inhibited.","",""
"WORLDTXT.BIN",550,"Gravity here is almost five times that of normal gravity.  Movement, jump capability and maneuverability will be greatly inhibited.","Gravity here is five times that of normal gravity.  Movement, jump capability and maneuverability will be greatly inhibited.","",""
"WORLDTXT.BIN",551,"Gravity here is almost five times that of normal gravity.  Movement, jump capability and maneuverability will be greatly inhibited.","Gravity here is five times that of normal gravity.  Movement, jump capability and maneuverability will be greatly inhibited.","",""
"WORLDTXT.BIN",552,"Gravity here is almost five times that of normal gravity.  Movement, jump capability and maneuverability will be greatly inhibited.","Gravity here is five times that of normal gravity.  Movement, jump capability and maneuverability will be greatly inhibited.","",""
"WORLDTXT.BIN",553,"Gravity here is five times that of normal gravity.  Movement, jump capability and maneuverability will be greatly inhibited.","","",""
"WORLDTXT.BIN",554,"","We do not believe there to be any Cybrids on this world.","",""
"WORLDTXT.BIN",555,"We do not believe there to be any Cybrids on this world.","Intelligence reports a very low Cybrid presence.","",""
"WORLDTXT.BIN",556,"Intelligence reports a very low Cybrid presence.","Cybrids are present, but not in great strength.","",""
"WORLDTXT.BIN",557,"Cybrids are present, but not in great strength.","We know there to be a distinct Cybrid presence.","",""
"WORLDTXT.BIN",558,"We know there to be a distinct Cybrid presence.","Cybrid presence is significant.","",""
"WORLDTXT.BIN",559,"Cybrid presence is significant.","This area is infested with Cybrids.","",""
"WORLDTXT.BIN",560,"This area is infested with Cybrids.","This area is completely infested with Cybrids.","",""
"WORLDTXT.BIN",561,"This area is completely infested with Cybrids.","Expect above normal Cybrid presence.","",""
"WORLDTXT.BIN",562,"Expect above normal Cybrid presence.","We have only detected small Cybrid classes.","",""
"WORLDTXT.BIN",563,"Expect above normal Cybrid presence.","We have only detected small Cybrid classes.","",""
"WORLDTXT.BIN",564,"Expect above normal Cybrid presence.","We have only detected small Cybrid classes.","",""
"WORLDTXT.BIN",565,"Expect above normal Cybrid presence.","We have only detected small Cybrid classes.","",""
"WORLDTXT.BIN",566,"Expect above normal Cybrid presence.","We have only detected small Cybrid classes.","",""
"WORLDTXT.BIN",567,"Expect above normal Cybrid presence.","We have only detected small Cybrid classes.","",""
"WORLDTXT.BIN",568,"Expect above normal Cybrid presence.","We have only detected small Cybrid classes.","",""
"WORLDTXT.BIN",569,"Expect above normal Cybrid presence.","We have only detected small Cybrid classes.","",""
"WORLDTXT.BIN",570,"Expect above normal Cybrid presence.","We have only detected small Cybrid classes.","",""
"WORLDTXT.BIN",571,"Expect above normal Cybrid presence.","We have only detected small Cybrid classes.","",""
"WORLDTXT.BIN",572,"Expect above normal Cybrid presence.","We have only detected small Cybrid classes.","",""
"WORLDTXT.BIN",573,"Expect above normal Cybrid presence.","We have only detected small Cybrid classes.","",""
"WORLDTXT.BIN",574,"Expect above normal Cybrid presence.","We have only detected small Cybrid classes.","",""
"WORLDTXT.BIN",575,"Expect above normal Cybrid presence.","We have only detected small Cybrid classes.","",""
"WORLDTXT.BIN",576,"Expect above normal Cybrid presence.","We have only detected small Cybrid classes.","",""
"WORLDTXT.BIN",577,"Expect above normal Cybrid presence.","We have only detected small Cybrid classes.","",""
"WORLDTXT.BIN",578,"Expect above normal Cybrid presence.","We have only detected small Cybrid classes.","",""
"WORLDTXT.BIN",579,"Expect above normal Cybrid presence.","We have only detected small Cybrid classes.","",""
"WORLDTXT.BIN",580,"Expect above normal Cybrid presence.","We have only detected small Cybrid classes.","",""
"WORLDTXT.BIN",581,"Expect above normal Cybrid presence.","We have only detected small Cybrid classes.","",""
"WORLDTXT.BIN",582,"Expect above normal Cybrid presence.","We have only detected small Cybrid classes.","",""
"WORLDTXT.BIN",583,"Expect above normal Cybrid presence.","We have only detected small Cybrid classes.","",""
"WORLDTXT.BIN",584,"Expect above normal Cybrid presence.","We have only detected small Cybrid classes.","",""
"WORLDTXT.BIN",585,"Expect above normal Cybrid presence.","We have only detected small Cybrid classes.","",""
"WORLDTXT.BIN",586,"Expect above normal Cybrid presence.","We have only detected small Cybrid classes.","",""
"WORLDTXT.BIN",587,"Expect above normal Cybrid presence.","We have only detected small Cybrid classes.","",""
"WORLDTXT.BIN",588,"Expect above normal Cybrid presence.","We have only detected small Cybrid classes.","",""
"WORLDTXT.BIN",589,"Expect above normal Cybrid presence.","We have only detected small Cybrid classes.","",""
"WORLDTXT.BIN",590,"Expect above normal Cybrid presence.","We have only detected small Cybrid classes.","",""
"WORLDTXT.BIN",591,"Expect above normal Cybrid presence.","We have only detected small Cybrid classes.","",""
"WORLDTXT.BIN",592,"Expect above normal Cybrid presence.","We have only detected small Cybrid classes.","",""
"WORLDTXT.BIN",593,"Expect above normal Cybrid presence.","We have only detected small Cybrid classes.","",""
"WORLDTXT.BIN",594,"Expect above normal Cybrid presence.","We have only detected small Cybrid classes.","",""
"WORLDTXT.BIN",595,"Expect above normal Cybrid presence.","We have only detected small Cybrid classes.","",""
"WORLDTXT.BIN",596,"Expect above normal Cybrid presence.","We have only detected small Cybrid classes.","",""
"WORLDTXT.BIN",597,"Expect above normal Cybrid presence.","We have only detected small Cybrid classes.","",""
"WORLDTXT.BIN",598,"Expect above normal Cybrid presence.","We have only detected small Cybrid classes.","",""
"WORLDTXT.BIN",599,"Expect above normal Cybrid presence.","We have only detected small Cybrid classes.","",""
"WORLDTXT.BIN",600,"Expect above normal Cybrid presence.","We have only detected small Cybrid classes.","",""
"WORLDTXT.BIN",601,"Expect above normal Cybrid presence.","We have only detected small Cybrid classes.","",""
"WORLDTXT.BIN",602,"Expect above normal Cybrid presence.","We have only detected small Cybrid classes.","",""
"WORLDTXT.BIN",603,"Expect above normal Cybrid presence.","We have only detected small Cybrid classes.","",""
"WORLDTXT.BIN",604,"Expect above normal Cybrid presence.","We have only detected small Cybrid classes.","",""
"WORLDTXT.BIN",605,"Expect above normal Cybrid presence.","We have only detected small Cybrid classes.","",""
"WORLDTXT.BIN",606,"Expect above normal Cybrid presence.","We have only detected small Cybrid classes.","",""
"WORLDTXT.BIN",607,"Expect above normal Cybrid presence.","We have only detected small Cybrid classes.","",""
"WORLDTXT.BIN",608,"Expect above normal Cybrid presence.","We have only detected small Cybrid classes.","",""
"WORLDTXT.BIN",609,"Expect above normal Cybrid presence.","We have only detected small Cybrid classes.","",""
"WORLDTXT.BIN",610,"Expect above normal Cybrid presence.","We have only detected small Cybrid classes.","",""
"WORLDTXT.BIN",611,"Expect above normal Cybrid presence.","We have only detected small Cybrid classes.","",""
"WORLDTXT.BIN",612,"Expect above normal Cybrid presence.","We have only detected small Cybrid classes.","",""
"WORLDTXT.BIN",613,"Expect above normal Cybrid presence.","We have only detected small Cybrid classes.","",""
"WORLDTXT.BIN",614,"Expect above normal Cybrid presence.","We have only detected small Cybrid classes.","",""
"WORLDTXT.BIN",615,"Expect above normal Cybrid presence.","We have only detected small Cybrid classes.","",""
"WORLDTXT.BIN",616,"Expect above normal Cybrid presence.","We have only detected small Cybrid classes.","",""
"WORLDTXT.BIN",617,"Expect above normal Cybrid presence.","We have only detected small Cybrid classes.","",""
"WORLDTXT.BIN",618,"Expect above normal Cybrid presence.","We have only detected small Cybrid classes.","",""
"WORLDTXT.BIN",619,"Expect above normal Cybrid presence.","We have only detected small Cybrid classes.","",""
"WORLDTXT.BIN",620,"Expect above normal Cybrid presence.","We have only detected small Cybrid classes.","",""
"WORLDTXT.BIN",621,"Expect above normal Cybrid presence.","We have only detected small Cybrid classes.","",""
"WORLDTXT.BIN",622,"Expect above normal Cybrid presence.","We have only detected small Cybrid classes.","",""
"WORLDTXT.BIN",623,"Expect above normal Cybrid presence.","We have only detected small Cybrid classes.","",""
"WORLDTXT.BIN",624,"Expect above normal Cybrid presence.","We have only detected small Cybrid classes.","",""
"WORLDTXT.BIN",625,"Expect above normal Cybrid presence.","We have only detected small Cybrid classes.","",""
"WORLDTXT.BIN",626,"Expect above normal Cybrid presence.","We have only detected small Cybrid classes.","",""
"WORLDTXT.BIN",627,"Expect above normal Cybrid presence.","We have only detected small Cybrid classes.","",""
"WORLDTXT.BIN",628,"Expect above normal Cybrid presence.","We have only detected small Cybrid classes.","",""
"WORLDTXT.BIN",629,"Expect above normal Cybrid presence.","We have only detected small Cybrid classes.","",""
"WORLDTXT.BIN",630,"Expect above normal Cybrid presence.","We have only detected small Cybrid classes.","",""
"WORLDTXT.BIN",631,"Expect above normal Cybrid presence.","We have only detected small Cybrid classes.","",""
"WORLDTXT.BIN",632,"Expect above normal Cybrid presence.","We have only detected small Cybrid classes.","",""
"WORLDTXT.BIN",633,"Expect above normal Cybrid presence.","We have only detected small Cybrid classes.","",""
"WORLDTXT.BIN",634,"Expect above normal Cybrid presence.","We have only detected small Cybrid classes.","",""
"WORLDTXT.BIN",635,"Expect above normal Cybrid presence.","We have only detected small Cybrid classes.","",""
"WORLDTXT.BIN",636,"Expect above normal Cybrid presence.","We have only detected small Cybrid classes.","",""
"WORLDTXT.BIN",637,"Expect above normal Cybrid presence.","We have only detected small Cybrid classes.","",""
"WORLDTXT.BIN",638,"Expect above normal Cybrid presence.","We have only detected small Cybrid classes.","",""
"WORLDTXT.BIN",639,"Expect above normal Cybrid presence.","We have only detected small Cybrid classes.","",""
"WORLDTXT.BIN",640,"Expect above normal Cybrid presence.","We have only detected small Cybrid classes.","",""
"WORLDTXT.BIN",641,"Expect above normal Cybrid presence.","We have only detected small Cybrid classes.","",""
"WORLDTXT.BIN",642,"Expect above normal Cybrid presence.","We have only detected small Cybrid classes.","",""
"WORLDTXT.BIN",643,"Expect above normal Cybrid presence.","We have only detected small Cybrid classes.","",""
"WORLDTXT.BIN",644,"Expect above normal Cybrid presence.","We have only detected small Cybrid classes.","",""
"WORLDTXT.BIN",645,"Expect above normal Cybrid presence.","We have only detected small Cybrid classes.","",""
"WORLDTXT.BIN",646,"Expect above normal Cybrid presence.","We have only detected small Cybrid classes.","",""
"WORLDTXT.BIN",647,"Expect above normal Cybrid presence.","We have only detected small Cybrid classes.","",""
"WORLDTXT.BIN",648,"Expect above normal Cybrid presence.","We have only detected small Cybrid classes.","",""
"WORLDTXT.BIN",649,"Expect above normal Cybrid presence.","We have only detected small Cybrid classes.","",""
"WORLDTXT.BIN",650,"Expect above normal Cybrid presence.","We have only detected small Cybrid classes.","",""
"WORLDTXT.BIN",651,"Expect above normal Cybrid presence.","We have only detected small Cybrid classes.","",""
"WORLDTXT.BIN",652,"Expect above normal Cybrid presence.","We have only detected small Cybrid classes.","",""
"WORLDTXT.BIN",653,"Expect above normal Cybrid presence.","We have only detected small Cybrid classes.","",""
"WORLDTXT.BIN",654,"Expect above normal Cybrid presence.","We have only detected small Cybrid classes.","",""
"WORLDTXT.BIN",655,"Expect above normal Cybrid presence.","We have only detected small Cybrid classes.","",""
"WORLDTXT.BIN",656,"Expect above normal Cybrid presence.","We have only detected small Cybrid classes.","",""
"WORLDTXT.BIN",657,"Expect above normal Cybrid presence.","We have only detected small Cybrid classes.","",""
"WORLDTXT.BIN",658,"Expect above normal Cybrid presence.","We have only detected small Cybrid classes.","",""
"WORLDTXT.BIN",659,"Expect above normal Cybrid presence.","We have only detected small Cybrid classes.","",""
"WORLDTXT.BIN",660,"Expect above normal Cybrid presence.","We have only detected small Cybrid classes.","",""
"WORLDTXT.BIN",661,"Expect above normal Cybrid presence.","We have only detected small Cybrid classes.","",""
"WORLDTXT.BIN",662,"Expect above normal Cybrid presence.","We have only detected small Cybrid classes.","",""
"WORLDTXT.BIN",663,"Expect above normal Cybrid presence.","We have only detected small Cybrid classes.","",""
"WORLDTXT.BIN",664,"Expect above normal Cybrid presence.","We have only detected small Cybrid classes.","",""
"WORLDTXT.BIN",665,"Expect above normal Cybrid presence.","We have only detected small Cybrid classes.","",""
"WORLDTXT.BIN",666,"Expect above normal Cybrid presence.","We have only detected small Cybrid classes.","",""
"WORLDTXT.BIN",667,"Expect above normal Cybrid presence.","We have only detected small Cybrid classes.","",""
"WORLDTXT.BIN",668,"Expect above normal Cybrid presence.","We have only detected small Cybrid classes.","",""
"WORLDTXT.BIN",669,"Expect above normal Cybrid presence.","We have only detected small Cybrid classes.","",""
"WORLDTXT.BIN",670,"Expect above normal Cybrid presence.","We have only detected small Cybrid classes.","",""
"WORLDTXT.BIN",671,"Expect above normal Cybrid presence.","We have only detected small Cybrid classes.","",""
"WORLDTXT.BIN",672,"Expect above normal Cybrid presence.","We have only detected small Cybrid classes.","",""
"WORLDTXT.BIN",673,"Expect above normal Cybrid presence.","We have only detected small Cybrid classes.","",""
"WORLDTXT.BIN",674,"Expect above normal Cybrid presence.","We have only detected small Cybrid classes.","",""
"WORLDTXT.BIN",675,"Expect above normal Cybrid presence.","We have only detected small Cybrid classes.","",""
"WORLDTXT.BIN",676,"Expect above normal Cybrid presence.","We have only detected small Cybrid classes.","",""
"WORLDTXT.BIN",677,"Expect above normal Cybrid presence.","We have only detected small Cybrid classes.","",""
"WORLDTXT.BIN",678,"Expect above normal Cybrid presence.","We have only detected small Cybrid classes.","",""
"WORLDTXT.BIN",679,"Expect above normal Cybrid presence.","We have only detected small Cybrid classes.","",""
"WORLDTXT.BIN",680,"Expect above normal Cybrid presence.","We have only detected small Cybrid classes.","",""
"WORLDTXT.BIN",681,"Expect above normal Cybrid presence.","We have only detected small Cybrid classes.","",""
"WORLDTXT.BIN",682,"Expect above normal Cybrid presence.","We have only detected small Cybrid classes.","",""
"WORLDTXT.BIN",683,"Expect above normal Cybrid presence.","We have only detected small Cybrid classes.","",""
"WORLDTXT.BIN",684,"Expect above normal Cybrid presence.","We have only detected small Cybrid classes.","",""
"WORLDTXT.BIN",685,"Expect above normal Cybrid presence.","We have only detected small Cybrid classes.","",""
"WORLDTXT.BIN",686,"Expect above normal Cybrid presence.","We have only detected small Cybrid classes.","",""
"WORLDTXT.BIN",687,"Expect above normal Cybrid presence.","We have only detected small Cybrid classes.","",""
"WORLDTXT.BIN",688,"Expect above normal Cybrid presence.","We have only detected small Cybrid classes.","",""
"WORLDTXT.BIN",689,"Expect above normal Cybrid presence.","We have only detected small Cybrid classes.","",""
"WORLDTXT.BIN",690,"Expect above normal Cybrid presence.","We have only detected small Cybrid classes.","",""
"WORLDTXT.BIN",691,"Expect above normal Cybrid presence.","We have only detected small Cybrid classes.","",""
"WORLDTXT.BIN",692,"Expect above normal Cybrid presence.","We have only detected small Cybrid classes.","",""
"WORLDTXT.BIN",693,"Expect above normal Cybrid presence.","We have only detected small Cybrid classes.","",""
"WORLDTXT.BIN",694,"Expect above normal Cybrid presence.","We have only detected small Cybrid classes.","",""
"WORLDTXT.BIN",695,"Expect above normal Cybrid presence.","We have only detected small Cybrid classes.","",""
"WORLDTXT.BIN",696,"Expect above normal Cybrid presence.","We have only detected small Cybrid classes.","",""
"WORLDTXT.BIN",697,"Expect above normal Cybrid presence.","We have only detected small Cybrid classes.","",""
"WORLDTXT.BIN",698,"Expect above normal Cybrid presence.","We have only detected small Cybrid classes.","",""
"WORLDTXT.BIN",699,"Expect above normal Cybrid presence.","We have only detected small Cybrid classes.","",""
"WORLDTXT.BIN",700,"Expect above normal Cybrid presence.","We have only detected small Cybrid classes.","",""
"WORLDTXT.BIN",701,"Expect above normal Cybrid presence.","We have only detected small Cybrid classes.","",""
"WORLDTXT.BIN",702,"Expect above normal Cybrid presence.","We have only detected small Cybrid classes.","",""
"WORLDTXT.BIN",703,"Expect above normal Cybrid presence.","We have only detected small Cybrid classes.","",""
"WORLDTXT.BIN",704,"Expect above normal Cybrid presence.","We have only detected small Cybrid classes.","",""
"WORLDTXT.BIN",705,"Expect above normal Cybrid presence.","We have only detected small Cybrid classes.","",""
"WORLDTXT.BIN",706,"Expect above normal Cybrid presence.","We have only detected small Cybrid classes.","",""
"WORLDTXT.BIN",707,"Expect above normal Cybrid presence.","We have only detected small Cybrid classes.","",""
"WORLDTXT.BIN",708,"Expect above normal Cybrid presence.","We have only detected small Cybrid classes.","",""
"WORLDTXT.BIN",709,"Expect above normal Cybrid presence.","We have only detected small Cybrid classes.","",""
"WORLDTXT.BIN",710,"Expect above normal Cybrid presence.","We have only detected small Cybrid classes.","",""
"WORLDTXT.BIN",711,"Expect above normal Cybrid presence.","We have only detected small Cybrid classes.","",""
"WORLDTXT.BIN",712,"Expect above normal Cybrid presence.","We have only detected small Cybrid classes.","",""
"WORLDTXT.BIN",713,"Expect above normal Cybrid presence.","We have only detected small Cybrid classes.","",""
"WORLDTXT.BIN",714,"Expect above normal Cybrid presence.","We have only detected small Cybrid classes.","",""
"WORLDTXT.BIN",715,"Expect above normal Cybrid presence.","We have only detected small Cybrid classes.","",""
"WORLDTXT.BIN",716,"Expect above normal Cybrid presence.","We have only detected small Cybrid classes.","",""
"WORLDTXT.BIN",717,"Expect above normal Cybrid presence.","We have only detected small Cybrid classes.","",""
"WORLDTXT.BIN",718,"Expect above normal Cybrid presence.","We have only detected small Cybrid classes.","",""
"WORLDTXT.BIN",719,"Expect above normal Cybrid presence.","We have only detected small Cybrid classes.","",""
"WORLDTXT.BIN",720,"Expect above normal Cybrid presence.","We have only detected small Cybrid classes.","",""
"WORLDTXT.BIN",721,"Expect above normal Cybrid presence.","We have only detected small Cybrid classes.","",""
"WORLDTXT.BIN",722,"Expect above normal Cybrid presence.","We have only detected small Cybrid classes.","",""
"WORLDTXT.BIN",723,"Expect above normal Cybrid presence.","We have only detected small Cybrid classes.","",""
"WORLDTXT.BIN",724,"Expect above normal Cybrid presence.","We have only detected small Cybrid classes.","",""
"WORLDTXT.BIN",725,"Expect above normal Cybrid presence.","We have only detected small Cybrid classes.","",""
"WORLDTXT.BIN",726,"Expect above normal Cybrid presence.","We have only detected small Cybrid classes.","",""
"WORLDTXT.BIN",727,"Expect above normal Cybrid presence.","We have only detected small Cybrid classes.","",""
"WORLDTXT.BIN",728,"Expect above normal Cybrid presence.","We have only detected small Cybrid classes.","",""
"WORLDTXT.BIN",729,"Expect above normal Cybrid presence.","We have only detected small Cybrid classes.","",""
"WORLDTXT.BIN",730,"Expect above normal Cybrid presence.","We have only detected small Cybrid classes.","",""
"WORLDTXT.BIN",731,"Expect above normal Cybrid presence.","We have only detected small Cybrid classes.","",""
"WORLDTXT.BIN",732,"Expect above normal Cybrid presence.","We have only detected small Cybrid classes.","",""
"WORLDTXT.BIN",733,"Expect above normal Cybrid presence.","We have only detected small Cybrid classes.","",""
"WORLDTXT.BIN",734,"Expect above normal Cybrid presence.","We have only detected small Cybrid classes.","",""
"WORLDTXT.BIN",735,"Expect above normal Cybrid presence.","We have only detected small Cybrid classes.","",""
"WORLDTXT.BIN",736,"Expect above normal Cybrid presence.","We have only detected small Cybrid classes.","",""
"WORLDTXT.BIN",737,"Expect above normal Cybrid presence.","We have only detected small Cybrid classes.","",""
"WORLDTXT.BIN",738,"Expect above normal Cybrid presence.","We have only detected small Cybrid classes.","",""
"WORLDTXT.BIN",739,"Expect above normal Cybrid presence.","We have only detected small Cybrid classes.","",""
"WORLDTXT.BIN",740,"Expect above normal Cybrid presence.","We have only detected small Cybrid classes.","",""
"WORLDTXT.BIN",741,"Expect above normal Cybrid presence.","We have only detected small Cybrid classes.","",""
"WORLDTXT.BIN",742,"Expect above normal Cybrid presence.","We have only detected small Cybrid classes.","",""
"WORLDTXT.BIN",743,"Expect above normal Cybrid presence.","We have only detected small Cybrid classes.","",""
"WORLDTXT.BIN",744,"Expect above normal Cybrid presence.","We have only detected small Cybrid classes.","",""
"WORLDTXT.BIN",745,"Expect above normal Cybrid presence.","We have only detected small Cybrid classes.","",""
"WORLDTXT.BIN",746,"Expect above normal Cybrid presence.","We have only detected small Cybrid classes.","",""
"WORLDTXT.BIN",747,"Expect above normal Cybrid presence.","We have only detected small Cybrid classes.","",""
"WORLDTXT.BIN",748,"Expect above normal Cybrid presence.","We have only detected small Cybrid classes.","",""
"WORLDTXT.BIN",749,"Expect above normal Cybrid presence.","We have only detected small Cybrid classes.","",""
"WORLDTXT.BIN",750,"Expect above normal Cybrid presence.","We have only detected small Cybrid classes.","",""
"WORLDTXT.BIN",751,"Expect above normal Cybrid presence.","We have only detected small Cybrid classes.","",""
"WORLDTXT.BIN",752,"Expect above normal Cybrid presence.","We have only detected small Cybrid classes.","",""
"WORLDTXT.BIN",753,"Expect above normal Cybrid presence.","We have only detected small Cybrid classes.","",""
"WORLDTXT.BIN",754,"Expect above normal Cybrid presence.","We have only detected small Cybrid classes.","",""
"WORLDTXT.BIN",755,"Expect above normal Cybrid presence.","We have only detected small Cybrid classes.","",""
"WORLDTXT.BIN",756,"Expect above normal Cybrid presence.","We have only detected small Cybrid classes.","",""
"WORLDTXT.BIN",757,"Expect above normal Cybrid presence.","We have only detected small Cybrid classes.","",""
"WORLDTXT.BIN",758,"Expect above normal Cybrid presence.","We have only detected small Cybrid classes.","",""
"WORLDTXT.BIN",759,"Expect above normal Cybrid presence.","We have only detected small Cybrid classes.","",""
"WORLDTXT.BIN",760,"Expect above normal Cybrid presence.","We have only detected small Cybrid classes.","",""
"WORLDTXT.BIN",761,"Expect above normal Cybrid presence.","We have only detected small Cybrid classes.","",""
"WORLDTXT.BIN",762,"Expect above normal Cybrid presence.","We have only detected small Cybrid classes.","",""
"WORLDTXT.BIN",763,"Expect above normal Cybrid presence.","We have only detected small Cybrid classes.","",""
"WORLDTXT.BIN",764,"Expect above normal Cybrid presence.","We have only detected small Cybrid classes.","",""
"WORLDTXT.BIN",765,"Expect above normal Cybrid presence.","We have only detected small Cybrid classes.","",""
"WORLDTXT.BIN",766,"Expect above normal Cybrid presence.","We have only detected small Cybrid classes.","",""
"WORLDTXT.BIN",767,"Expect above normal Cybrid presence.","We have only detected small Cybrid classes.","",""
"WORLDTXT.BIN",768,"Expect above normal Cybrid presence.","We have only detected small Cybrid classes.","",""
"WORLDTXT.BIN",769,"Expect above normal Cybrid presence.","We have only detected small Cybrid classes.","",""
"WORLDTXT.BIN",770,"Expect above normal Cybrid presence.","We have only detected small Cybrid classes.","",""
"WORLDTXT.BIN",771,"Expect above normal Cybrid presence.","We have only detected small Cybrid classes.","",""
"WORLDTXT.BIN",772,"Expect above normal Cybrid presence.","We have only detected small Cybrid classes.","",""
"WORLDTXT.BIN",773,"Expect above normal Cybrid presence.","We have only detected small Cybrid classes.","",""
"WORLDTXT.BIN",774,"Expect above normal Cybrid presence.","We have only detected small Cybrid classes.","",""
"WORLDTXT.BIN",775,"Expect above normal Cybrid presence.","We have only detected small Cybrid classes.","",""
"WORLDTXT.BIN",776,"Expect above normal Cybrid presence.","We have only detected small Cybrid classes.","",""
"WORLDTXT.BIN",777,"Expect above normal Cybrid presence.","We have only detected small Cybrid classes.","",""
"WORLDTXT.BIN",778,"Expect above normal Cybrid presence.","We have only detected small Cybrid classes.","",""
"WORLDTXT.BIN",779,"Expect above normal Cybrid presence.","We have only detected small Cybrid classes.","",""
"WORLDTXT.BIN",780,"Expect above normal Cybrid presence.","We have only detected small Cybrid classes.","",""
"WORLDTXT.BIN",781,"Expect above normal Cybrid presence.","We have only detected small Cybrid classes.","",""
"WORLDTXT.BIN",782,"Expect above normal Cybrid presence.","We have only detected small Cybrid classes.","",""
"WORLDTXT.BIN",783,"Expect above normal Cybrid presence.","We have only detected small Cybrid classes.","",""
"WORLDTXT.BIN",784,"Expect above normal Cybrid presence.","We have only detected small Cybrid classes.","",""
"WORLDTXT.BIN",785,"Expect above normal Cybrid presence.","We have only detected small Cybrid classes.","",""
"WORLDTXT.BIN",786,"Expect above normal Cybrid presence.","We have only detected small Cybrid classes.","",""
"WORLDTXT.BIN",787,"Expect above normal Cybrid presence.","We have only detected small Cybrid classes.","",""
"WORLDTXT.BIN",788,"Expect above normal Cybrid presence.","We have only detected small Cybrid classes.","",""
"WORLDTXT.BIN",789,"Expect above normal Cybrid presence.","We have only detected small Cybrid classes.","",""
"WORLDTXT.BIN",790,"Expect above normal Cybrid presence.","We have only detected small Cybrid classes.","",""
"WORLDTXT.BIN",791,"Expect above normal Cybrid presence.","We have only detected small Cybrid classes.","",""
"WORLDTXT.BIN",792,"Expect above normal Cybrid presence.","We have only detected small Cybrid classes.","",""
"WORLDTXT.BIN",793,"Expect above normal Cybrid presence.","We have only detected small Cybrid classes.","",""
"WORLDTXT.BIN",794,"Expect above normal Cybrid presence.","We have only detected small Cybrid classes.","",""
"WORLDTXT.BIN",795,"Expect above normal Cybrid presence.","We have only detected small Cybrid classes.","",""
"WORLDTXT.BIN",796,"Expect above normal Cybrid presence.","We have only detected small Cybrid classes.","",""
"WORLDTXT.BIN",797,"Expect above normal Cybrid presence.","We have only detected small Cybrid classes.","",""
"WORLDTXT.BIN",798,"Expect above normal Cybrid presence.","We have only detected small Cybrid classes.","",""
"WORLDTXT.BIN",799,"Expect above normal Cybrid presence.","We have only detected small Cybrid classes.","",""
"WORLDTXT.BIN",800,"Expect above normal Cybrid presence.","We have only detected small Cybrid classes.","",""
"WORLDTXT.BIN",801,"Expect above normal Cybrid presence.","We have only detected small Cybrid classes.","",""
"WORLDTXT.BIN",802,"Expect above normal Cybrid presence.","We have only detected small Cybrid classes.","",""
"WORLDTXT.BIN",803,"Expect above normal Cybrid presence.","We have only detected small Cybrid classes.","",""
"WORLDTXT.BIN",804,"Expect above normal Cybrid presence.","We have only detected small Cybrid classes.","",""
"WORLDTXT.BIN",805,"Expect above normal Cybrid presence.","We have only detected small Cybrid classes.","",""
"WORLDTXT.BIN",806,"Expect above normal Cybrid presence.","We have only detected small Cybrid classes.","",""
"WORLDTXT.BIN",807,"Expect above normal Cybrid presence.","We have only detected small Cybrid classes.","",""
"WORLDTXT.BIN",808,"Expect above normal Cybrid presence.","We have only detected small Cybrid classes.","",""
"WORLDTXT.BIN",809,"Expect above normal Cybrid presence.","We have only detected small Cybrid classes.","",""
"WORLDTXT.BIN",810,"Expect above normal Cybrid presence.","We have only detected small Cybrid classes.","",""
"WORLDTXT.BIN",811,"Expect above normal Cybrid presence.","We have only detected small Cybrid classes.","",""
"WORLDTXT.BIN",812,"Expect above normal Cybrid presence.","We have only detected small Cybrid classes.","",""
"WORLDTXT.BIN",813,"Expect above normal Cybrid presence.","We have only detected small Cybrid classes.","",""
"WORLDTXT.BIN",814,"Expect above normal Cybrid presence.","We have only detected small Cybrid classes.","",""
"WORLDTXT.BIN",815,"Expect above normal Cybrid presence.","We have only detected small Cybrid classes.","",""
"WORLDTXT.BIN",816,"Expect above normal Cybrid presence.","We have only detected small Cybrid classes.","",""
"WORLDTXT.BIN",817,"Expect above normal Cybrid presence.","We have only detected small Cybrid classes.","",""
"WORLDTXT.BIN",818,"Expect above normal Cybrid presence.","We have only detected small Cybrid classes.","",""
"WORLDTXT.BIN",819,"Expect above normal Cybrid presence.","We have only detected small Cybrid classes.","",""
"WORLDTXT.BIN",820,"Expect above normal Cybrid presence.","We have only detected small Cybrid classes.","",""
"WORLDTXT.BIN",821,"Expect above normal Cybrid presence.","We have only detected small Cybrid classes.","",""
"WORLDTXT.BIN",822,"Expect above normal Cybrid presence.","We have only detected small Cybrid classes.","",""
"WORLDTXT.BIN",823,"Expect above normal Cybrid presence.","We have only detected small Cybrid classes.","",""
"WORLDTXT.BIN",824,"Expect above normal Cybrid presence.","We have only detected small Cybrid classes.","",""
"WORLDTXT.BIN",825,"Expect above normal Cybrid presence.","We have only detected small Cybrid classes.","",""
"WORLDTXT.BIN",826,"Expect above normal Cybrid presence.","We have only detected small Cybrid classes.","",""
"WORLDTXT.BIN",827,"Expect above normal Cybrid presence.","We have only detected small Cybrid classes.","",""
"WORLDTXT.BIN",828,"Expect above normal Cybrid presence.","We have only detected small Cybrid classes.","",""
"WORLDTXT.BIN",829,"Expect above normal Cybrid presence.","We have only detected small Cybrid classes.","",""
"WORLDTXT.BIN",830,"Expect above normal Cybrid presence.","We have only detected small Cybrid classes.","",""
"WORLDTXT.BIN",831,"Expect above normal Cybrid presence.","We have only detected small Cybrid classes.","",""
"WORLDTXT.BIN",832,"Expect above normal Cybrid presence.","We have only detected small Cybrid classes.","",""
"WORLDTXT.BIN",833,"Expect above normal Cybrid presence.","We have only detected small Cybrid classes.","",""
"WORLDTXT.BIN",834,"Expect above normal Cybrid presence.","We have only detected small Cybrid classes.","",""
"WORLDTXT.BIN",835,"Expect above normal Cybrid presence.","We have only detected small Cybrid classes.","",""
"WORLDTXT.BIN",836,"Expect above normal Cybrid presence.","We have only detected small Cybrid classes.","",""
"WORLDTXT.BIN",837,"Expect above normal Cybrid presence.","We have only detected small Cybrid classes.","",""
"WORLDTXT.BIN",838,"Expect above normal Cybrid presence.","We have only detected small Cybrid classes.","",""
"WORLDTXT.BIN",839,"Expect above normal Cybrid presence.","We have only detected small Cybrid classes.","",""
"WORLDTXT.BIN",840,"Expect above normal Cybrid presence.","We have only detected small Cybrid classes.","",""
"WORLDTXT.BIN",841,"Expect above normal Cybrid presence.","We have only detected small Cybrid classes.","",""
"WORLDTXT.BIN",842,"Expect above normal Cybrid presence.","We have only detected small Cybrid classes.","",""
"WORLDTXT.BIN",843,"Expect above normal Cybrid presence.","We have only detected small Cybrid classes.","",""
"WORLDTXT.BIN",844,"Expect above normal Cybrid presence.","We have only detected small Cybrid classes.","",""
"WORLDTXT.BIN",845,"Expect above normal Cybrid presence.","We have only detected small Cybrid classes.","",""
"WORLDTXT.BIN",846,"Expect above normal Cybrid presence.","We have only detected small Cybrid classes.","",""
"WORLDTXT.BIN",847,"Expect above normal Cybrid presence.","We have only detected small Cybrid classes.","",""
"WORLDTXT.BIN",848,"Expect above normal Cybrid presence.","We have only detected small Cybrid classes.","",""
"WORLDTXT.BIN",849,"Expect above normal Cybrid presence.","We have only detected small Cybrid classes.","",""
"WORLDTXT.BIN",850,"Expect above normal Cybrid presence.","We have only detected small Cybrid classes.","",""
"WORLDTXT.BIN",851,"Expect above normal Cybrid presence.","We have only detected small Cybrid classes.","",""
"WORLDTXT.BIN",852,"Expect above normal Cybrid presence.","We have only detected small Cybrid classes.","",""
"WORLDTXT.BIN",853,"Expect above normal Cybrid presence.","We have only detected small Cybrid classes.","",""
"WORLDTXT.BIN",854,"Expect above normal Cybrid presence.","We have only detected small Cybrid classes.","",""
"WORLDTXT.BIN",855,"Expect above normal Cybrid presence.","We have only detected small Cybrid classes.","",""
"WORLDTXT.BIN",856,"Expect above normal Cybrid presence.","We have only detected small Cybrid classes.","",""
"WORLDTXT.BIN",857,"Expect above normal Cybrid presence.","We have only detected small Cybrid classes.","",""
"WORLDTXT.BIN",858,"Expect above normal Cybrid presence.","We have only detected small Cybrid classes.","",""
"WORLDTXT.BIN",859,"Expect above normal Cybrid presence.","We have only detected small Cybrid classes.","",""
"WORLDTXT.BIN",860,"Expect above normal Cybrid presence.","We have only detected small Cybrid classes.","",""
"WORLDTXT.BIN",861,"Expect above normal Cybrid presence.","We have only detected small Cybrid classes.","",""
"WORLDTXT.BIN",862,"Expect above normal Cybrid presence.","We have only detected small Cybrid classes.","",""
"WORLDTXT.BIN",863,"Expect above normal Cybrid presence.","We have only detected small Cybrid classes.","",""
"WORLDTXT.BIN",864,"Expect above normal Cybrid presence.","We have only detected small Cybrid classes.","",""
"WORLDTXT.BIN",865,"Expect above normal Cybrid presence.","We have only detected small Cybrid classes.","",""
"WORLDTXT.BIN",866,"Expect above normal Cybrid presence.","We have only detected small Cybrid classes.","",""
"WORLDTXT.BIN",867,"Expect above normal Cybrid presence.","We have only detected small Cybrid classes.","",""
"WORLDTXT.BIN",868,"Expect above normal Cybrid presence.","We have only detected small Cybrid classes.","",""
"WORLDTXT.BIN",869,"Expect above normal Cybrid presence.","We have only detected small Cybrid classes.","",""
"WORLDTXT.BIN",870,"Expect above normal Cybrid presence.","We have only detected small Cybrid classes.","",""
"WORLDTXT.BIN",871,"Expect above normal Cybrid presence.","We have only detected small Cybrid classes.","",""
"WORLDTXT.BIN",872,"Expect above normal Cybrid presence.","We have only detected small Cybrid classes.","",""
"WORLDTXT.BIN",873,"Expect above normal Cybrid presence.","We have only detected small Cybrid classes.","",""
"WORLDTXT.BIN",874,"Expect above normal Cybrid presence.","We have only detected small Cybrid classes.","",""
"WORLDTXT.BIN",875,"Expect above normal Cybrid presence.","We have only detected small Cybrid classes.","",""
"WORLDTXT.BIN",876,"Expect above normal Cybrid presence.","We have only detected small Cybrid classes.","",""
"WORLDTXT.BIN",877,"Expect above normal Cybrid presence.","We have only detected small Cybrid classes.","",""
"WORLDTXT.BIN",878,"Expect above normal Cybrid presence.","We have only detected small Cybrid classes.","",""
"WORLDTXT.BIN",879,"Expect above normal Cybrid presence.","We have only detected small Cybrid classes.","",""
"WORLDTXT.BIN",880,"Expect above normal Cybrid presence.","We have only detected small Cybrid classes.","",""
"WORLDTXT.BIN",881,"Expect above normal Cybrid presence.","We have only detected small Cybrid classes.","",""
"WORLDTXT.BIN",882,"Expect above normal Cybrid presence.","We have only detected small Cybrid classes.","",""
"WORLDTXT.BIN",883,"Expect above normal Cybrid presence.","We have only detected small Cybrid classes.","",""
"WORLDTXT.BIN",884,"Expect above normal Cybrid presence.","We have only detected small Cybrid classes.","",""
"WORLDTXT.BIN",885,"Expect above normal Cybrid presence.","We have only detected small Cybrid classes.","",""
"WORLDTXT.BIN",886,"Expect above normal Cybrid presence.","We have only detected small Cybrid classes.","",""
"WORLDTXT.BIN",887,"Expect above normal Cybrid presence.","We have only detected small Cybrid classes.","",""
"WORLDTXT.BIN",888,"Expect above normal Cybrid presence.","We have only detected small Cybrid classes.","",""
"WORLDTXT.BIN",889,"Expect above normal Cybrid presence.","We have only detected small Cybrid classes.","",""
"WORLDTXT.BIN",890,"Expect above normal Cybrid presence.","We have only detected small Cybrid classes.","",""
"WORLDTXT.BIN",891,"Expect above normal Cybrid presence.","We have only detected small Cybrid classes.","",""
"WORLDTXT.BIN",892,"Expect above normal Cybrid presence.","We have only detected small Cybrid classes.","",""
"WORLDTXT.BIN",893,"Expect above normal Cybrid presence.","We have only detected small Cybrid classes.","",""
"WORLDTXT.BIN",894,"Expect above normal Cybrid presence.","We have only detected small Cybrid classes.","",""
"WORLDTXT.BIN",895,"Expect above normal Cybrid presence.","We have only detected small Cybrid classes.","",""
"WORLDTXT.BIN",896,"Expect above normal Cybrid presence.","We have only detected small Cybrid classes.","",""
"WORLDTXT.BIN",897,"Expect above normal Cybrid presence.","We have only detected small Cybrid classes.","",""
"WORLDTXT.BIN",898,"Expect above normal Cybrid presence.","We have only detected small Cybrid classes.","",""
"WORLDTXT.BIN",899,"Expect above normal Cybrid presence.","We have only detected small Cybrid classes.","",""
"WORLDTXT.BIN",900,"Expect above normal Cybrid presence.","We have only detected small Cybrid classes.","",""
"WORLDTXT.BIN",901,"Expect above normal Cybrid presence.","We have only detected small Cybrid classes.","",""
"WORLDTXT.BIN",902,"Expect above normal Cybrid presence.","We have only detected small Cybrid classes.","",""
"WORLDTXT.BIN",903,"Expect above normal Cybrid presence.","We have only detected small Cybrid classes.","",""
"WORLDTXT.BIN",904,"Expect above normal Cybrid presence.","We have only detected small Cybrid classes.","",""
"WORLDTXT.BIN",905,"Expect above normal Cybrid presence.","We have only detected small Cybrid classes.","",""
"WORLDTXT.BIN",906,"Expect above normal Cybrid presence.","We have only detected small Cybrid classes.","",""
"WORLDTXT.BIN",907,"Expect above normal Cybrid presence.","We have only detected small Cybrid classes.","",""
"WORLDTXT.BIN",908,"Expect above normal Cybrid presence.","We have only detected small Cybrid classes.","",""
"WORLDTXT.BIN",909,"Expect above normal Cybrid presence.","We have only detected small Cybrid classes.","",""
"WORLDTXT.BIN",910,"Expect above normal Cybrid presence.","We have only detected small Cybrid classes.","",""
"WORLDTXT.BIN",911,"Expect above normal Cybrid presence.","We have only detected small Cybrid classes.","",""
"WORLDTXT.BIN",912,"Expect above normal Cybrid presence.","We have only detected small Cybrid classes.","",""
"WORLDTXT.BIN",913,"Expect above normal Cybrid presence.","We have only detected small Cybrid classes.","",""
"WORLDTXT.BIN",914,"Expect above normal Cybrid presence.","We have only detected small Cybrid classes.","",""
"WORLDTXT.BIN",915,"Expect above normal Cybrid presence.","We have only detected small Cybrid classes.","",""
"WORLDTXT.BIN",916,"Expect above normal Cybrid presence.","We have only detected small Cybrid classes.","",""
"WORLDTXT.BIN",917,"Expect above normal Cybrid presence.","We have only detected small Cybrid classes.","",""
"WORLDTXT.BIN",918,"Expect above normal Cybrid presence.","We have only detected small Cybrid classes.","",""
"WORLDTXT.BIN",919,"Expect above normal Cybrid presence.","We have only detected small Cybrid classes.","",""
"WORLDTXT.BIN",920,"Expect above normal Cybrid presence.","We have only detected small Cybrid classes.","",""
"WORLDTXT.BIN",921,"Expect above normal Cybrid presence.","We have only detected small Cybrid classes.","",""
"WORLDTXT.BIN",922,"Expect above normal Cybrid presence.","We have only detected small Cybrid classes.","",""
"WORLDTXT.BIN",923,"Expect above normal Cybrid presence.","We have only detected small Cybrid classes.","",""
"WORLDTXT.BIN",924,"Expect above normal Cybrid presence.","We have only detected small Cybrid classes.","",""
"WORLDTXT.BIN",925,"Expect above normal Cybrid presence.","We have only detected small Cybrid classes.","",""
"WORLDTXT.BIN",926,"Expect above normal Cybrid presence.","We have only detected small Cybrid classes.","",""
"WORLDTXT.BIN",927,"Expect above normal Cybrid presence.","We have only detected small Cybrid classes.","",""
"WORLDTXT.BIN",928,"Expect above normal Cybrid presence.","We have only detected small Cybrid classes.","",""
"WORLDTXT.BIN",929,"Expect above normal Cybrid presence.","We have only detected small Cybrid classes.","",""
"WORLDTXT.BIN",930,"Expect above normal Cybrid presence.","We have only detected small Cybrid classes.","",""
"WORLDTXT.BIN",931,"Expect above normal Cybrid presence.","We have only detected small Cybrid classes.","",""
"WORLDTXT.BIN",932,"Expect above normal Cybrid presence.","We have only detected small Cybrid classes.","",""
"WORLDTXT.BIN",933,"Expect above normal Cybrid presence.","We have only detected small Cybrid classes.","",""
"WORLDTXT.BIN",934,"Expect above normal Cybrid presence.","We have only detected small Cybrid classes.","",""
"WORLDTXT.BIN",935,"Expect above normal Cybrid presence.","We have only detected small Cybrid classes.","",""
"WORLDTXT.BIN",936,"Expect above normal Cybrid presence.","We have only detected small Cybrid classes.","",""
"WORLDTXT.BIN",937,"Expect above normal Cybrid presence.","We have only detected small Cybrid classes.","",""
"WORLDTXT.BIN",938,"Expect above normal Cybrid presence.","We have only detected small Cybrid classes.","",""
"WORLDTXT.BIN",939,"Expect above normal Cybrid presence.","We have only detected small Cybrid classes.","",""
"WORLDTXT.BIN",940,"Expect above normal Cybrid presence.","We have only detected small Cybrid classes.","",""
"WORLDTXT.BIN",941,"Expect above normal Cybrid presence.","We have only detected small Cybrid classes.","",""
"WORLDTXT.BIN",942,"Expect above normal Cybrid presence.","We have only detected small Cybrid classes.","",""
"WORLDTXT.BIN",943,"Expect above normal Cybrid presence.","We have only detected small Cybrid classes.","",""
"WORLDTXT.BIN",944,"Expect above normal Cybrid presence.","We have only detected small Cybrid classes.","",""
"WORLDTXT.BIN",945,"Expect above normal Cybrid presence.","We have only detected small Cybrid classes.","",""
"WORLDTXT.BIN",946,"Expect above normal Cybrid presence.","We have only detected small Cybrid classes.","",""
"WORLDTXT.BIN",947,"Expect above normal Cybrid presence.","We have only detected small Cybrid classes.","",""
"WORLDTXT.BIN",948,"Expect above normal Cybrid presence.","We have only detected small Cybrid classes.","",""
"WORLDTXT.BIN",949,"Expect above normal Cybrid presence.","We have only detected small Cybrid classes.","",""
"WORLDTXT.BIN",950,"Expect above normal Cybrid presence.","We have only detected small Cybrid classes.","",""
"WORLDTXT.BIN",951,"Expect above normal Cybrid presence.","We have only detected small Cybrid classes.","",""
"WORLDTXT.BIN",952,"Expect above normal Cybrid presence.","We have only detected small Cybrid classes.","",""
"WORLDTXT.BIN",953,"Expect above normal Cybrid presence.","We have only detected small Cybrid classes.","",""
"WORLDTXT.BIN",954,"Expect above normal Cybrid presence.","We have only detected small Cybrid classes.","",""
"WORLDTXT.BIN",955,"Expect above normal Cybrid presence.","We have only detected small Cybrid classes.","",""
"WORLDTXT.BIN",956,"Expect above normal Cybrid presence.","We have only detected small Cybrid classes.","",""
"WORLDTXT.BIN",957,"Expect above normal Cybrid presence.","We have only detected small Cybrid classes.","",""
"WORLDTXT.BIN",958,"Expect above normal Cybrid presence.","We have only detected small Cybrid classes.","",""
"WORLDTXT.BIN",959,"Expect above normal Cybrid presence.","We have only detected small Cybrid classes.","",""
"WORLDTXT.BIN",960,"Expect above normal Cybrid presence.","We have only detected small Cybrid classes.","",""
"WORLDTXT.BIN",961,"Expect above normal Cybrid presence.","We have only detected small Cybrid classes.","",""
"WORLDTXT.BIN",962,"Expect above normal Cybrid presence.","We have only detected small Cybrid classes.","",""
"WORLDTXT.BIN",963,"Expect above normal Cybrid presence.","We have only detected small Cybrid classes.","",""
"WORLDTXT.BIN",964,"Expect above normal Cybrid presence.","We have only detected small Cybrid classes.","",""
"WORLDTXT.BIN",965,"Expect above normal Cybrid presence.","We have only detected small Cybrid classes.","",""
"WORLDTXT.BIN",966,"Expect above normal Cybrid presence.","We have only detected small Cybrid classes.","",""
"WORLDTXT.BIN",967,"Expect above normal Cybrid presence.","We have only detected small Cybrid classes.","",""
"WORLDTXT.BIN",968,"Expect above normal Cybrid presence.","We have only detected small Cybrid classes.","",""
"WORLDTXT.BIN",969,"Expect above normal Cybrid presence.","We have only detected small Cybrid classes.","",""
"WORLDTXT.BIN",970,"Expect above normal Cybrid presence.","We have only detected small Cybrid classes.","",""
"WORLDTXT.BIN",971,"Expect above normal Cybrid presence.","We have only detected small Cybrid classes.","",""
"WORLDTXT.BIN",972,"Expect above normal Cybrid presence.","We have only detected small Cybrid classes.","",""
"WORLDTXT.BIN",973,"Expect above normal Cybrid presence.","We have only detected small Cybrid classes.","",""
"WORLDTXT.BIN",974,"Expect above normal Cybrid presence.","We have only detected small Cybrid classes.","",""
"WORLDTXT.BIN",975,"Expect above normal Cybrid presence.","We have only detected small Cybrid classes.","",""
"WORLDTXT.BIN",976,"Expect above normal Cybrid presence.","We have only detected small Cybrid classes.","",""
"WORLDTXT.BIN",977,"Expect above normal Cybrid presence.","We have only detected small Cybrid classes.","",""
"WORLDTXT.BIN",978,"Expect above normal Cybrid presence.","We have only detected small Cybrid classes.","",""
"WORLDTXT.BIN",979,"Expect above normal Cybrid presence.","We have only detected small Cybrid classes.","",""
"WORLDTXT.BIN",980,"Expect above normal Cybrid presence.","We have only detected small Cybrid classes.","",""
"WORLDTXT.BIN",981,"Expect above normal Cybrid presence.","We have only detected small Cybrid classes.","",""
"WORLDTXT.BIN",982,"Expect above normal Cybrid presence.","We have only detected small Cybrid classes.","",""
"WORLDTXT.BIN",983,"Expect above normal Cybrid presence.","We have only detected small Cybrid classes.","",""
"WORLDTXT.BIN",984,"Expect above normal Cybrid presence.","We have only detected small Cybrid classes.","",""
"WORLDTXT.BIN",985,"Expect above normal Cybrid presence.","We have only detected small Cybrid classes.","",""
"WORLDTXT.BIN",986,"Expect above normal Cybrid presence.","We have only detected small Cybrid classes.","",""
"WORLDTXT.BIN",987,"Expect above normal Cybrid presence.","We have only detected small Cybrid classes.","",""
"WORLDTXT.BIN",988,"Expect above normal Cybrid presence.","We have only detected small Cybrid classes.","",""
"WORLDTXT.BIN",989,"Expect above normal Cybrid presence.","We have only detected small Cybrid classes.","",""
"WORLDTXT.BIN",990,"Expect above normal Cybrid presence.","We have only detected small Cybrid classes.","",""
"WORLDTXT.BIN",991,"Expect above normal Cybrid presence.","We have only detected small Cybrid classes.","",""
"WORLDTXT.BIN",992,"Expect above normal Cybrid presence.","We have only detected small Cybrid classes.","",""
"WORLDTXT.BIN",993,"Expect above normal Cybrid presence.","We have only detected small Cybrid classes.","",""
"WORLDTXT.BIN",994,"Expect above normal Cybrid presence.","We have only detected small Cybrid classes.","",""
"WORLDTXT.BIN",995,"Expect above normal Cybrid presence.","We have only detected small Cybrid classes.","",""
"WORLDTXT.BIN",996,"Expect above normal Cybrid presence.","We have only detected small Cybrid classes.","",""
"WORLDTXT.BIN",997,"Expect above normal Cybrid presence.","We have only detected small Cybrid classes.","",""
"WORLDTXT.BIN",998,"Expect above normal Cybrid presence.","We have only detected small Cybrid classes.","",""
"WORLDTXT.BIN",999,"Expect above normal Cybrid presence.","We have only detected small Cybrid classes.","",""
"WORLDTXT.BIN",1000,"Expect above normal Cybrid presence.","We have only detected small Cybrid classes.","",""
"WORLDTXT.BIN",1001,"Expect above normal Cybrid presence.","We have only detected small Cybrid classes.","",""
"WORLDTXT.BIN",1002,"Expect above normal Cybrid presence.","We have only detected small Cybrid classes.","",""
"WORLDTXT.BIN",1003,"Expect above normal Cybrid presence.","We have only detected small Cybrid classes.","",""
"WORLDTXT.BIN",1004,"Expect above normal Cybrid presence.","We have only detected small Cybrid classes.","",""
"WORLDTXT.BIN",1005,"Expect above normal Cybrid presence.","We have only detected small Cybrid classes.","",""
"WORLDTXT.BIN",1006,"Expect above normal Cybrid presence.","We have only detected small Cybrid classes.","",""
"WORLDTXT.BIN",1007,"Expect above normal Cybrid presence.","We have only detected small Cybrid classes.","",""
"WORLDTXT.BIN",1008,"Expect above normal Cybrid presence.","We have only detected small Cybrid classes.","",""
"WORLDTXT.BIN",1009,"Expect above normal Cybrid presence.","We have only detected small Cybrid classes.","",""
"WORLDTXT.BIN",1010,"Expect above normal Cybrid presence.","We have only detected small Cybrid classes.","",""
"WORLDTXT.BIN",1011,"Expect above normal Cybrid presence.","We have only detected small Cybrid classes.","",""
"WORLDTXT.BIN",1012,"Expect above normal Cybrid presence.","We have only detected small Cybrid classes.","",""
"WORLDTXT.BIN",1013,"Expect above normal Cybrid presence.","We have only detected small Cybrid classes.","",""
"WORLDTXT.BIN",1014,"Expect above normal Cybrid presence.","We have only detected small Cybrid classes.","",""
"WORLDTXT.BIN",1015,"Expect above normal Cybrid presence.","We have only detected small Cybrid classes.","",""
"WORLDTXT.BIN",1016,"Expect above normal Cybrid presence.","We have only detected small Cybrid classes.","",""
"WORLDTXT.BIN",1017,"Expect above normal Cybrid presence.","We have only detected small Cybrid classes.","",""
"WORLDTXT.BIN",1018,"Expect above normal Cybrid presence.","We have only detected small Cybrid classes.","",""
"WORLDTXT.BIN",1019,"Expect above normal Cybrid presence.","We have only detected small Cybrid classes.","",""
"WORLDTXT.BIN",1020,"Expect above normal Cybrid presence.","We have only detected small Cybrid classes.","",""
"WORLDTXT.BIN",1021,"Expect above normal Cybrid presence.","We have only detected small Cybrid classes.","",""
"WORLDTXT.BIN",1022,"Expect above normal Cybrid presence.","We have only detected small Cybrid classes.","",""
"WORLDTXT.BIN",1023,"Expect above normal Cybrid presence.","We have only detected small Cybrid classes.","",""
"WORLDTXT.BIN",1024,"Expect above normal Cybrid presence.","We have only detected small Cybrid classes.","",""
"WORLDTXT.BIN",1025,"Expect above normal Cybrid presence.","We have only detected small Cybrid classes.","",""
"WORLDTXT.BIN",1026,"Expect above normal Cybrid presence.","We have only detected small Cybrid classes.","",""
"WORLDTXT.BIN",1027,"Expect above normal Cybrid presence.","We have only detected small Cybrid classes.","",""
"WORLDTXT.BIN",1028,"Expect above normal Cybrid presence.","We have only detected small Cybrid classes.","",""
"WORLDTXT.BIN",1029,"Expect above normal Cybrid presence.","We have only detected small Cybrid classes.","",""
"WORLDTXT.BIN",1030,"Expect above normal Cybrid presence.","We have only detected small Cybrid classes.","",""
"WORLDTXT.BIN",1031,"Expect above normal Cybrid presence.","We have only detected small Cybrid classes.","",""
"WORLDTXT.BIN",1032,"Expect above normal Cybrid presence.","We have only detected small Cybrid classes.","",""
"WORLDTXT.BIN",1033,"Expect above normal Cybrid presence.","We have only detected small Cybrid classes.","",""
"WORLDTXT.BIN",1034,"Expect above normal Cybrid presence.","We have only detected small Cybrid classes.","",""
"WORLDTXT.BIN",1035,"Expect above normal Cybrid presence.","We have only detected small Cybrid classes.","",""
"WORLDTXT.BIN",1036,"Expect above normal Cybrid presence.","We have only detected small Cybrid classes.","",""
"WORLDTXT.BIN",1037,"Expect above normal Cybrid presence.","We have only detected small Cybrid classes.","",""
"WORLDTXT.BIN",1038,"Expect above normal Cybrid presence.","We have only detected small Cybrid classes.","",""
"WORLDTXT.BIN",1039,"Expect above normal Cybrid presence.","We have only detected small Cybrid classes.","",""
"WORLDTXT.BIN",1040,"Expect above normal Cybrid presence.","We have only detected small Cybrid classes.","",""
"WORLDTXT.BIN",1041,"Expect above normal Cybrid presence.","We have only detected small Cybrid classes.","",""
"WORLDTXT.BIN",1042,"Expect above normal Cybrid presence.","We have only detected small Cybrid classes.","",""
"WORLDTXT.BIN",1043,"Expect above normal Cybrid presence.","We have only detected small Cybrid classes.","",""
"WORLDTXT.BIN",1044,"Expect above normal Cybrid presence.","We have only detected small Cybrid classes.","",""
"WORLDTXT.BIN",1045,"Expect above normal Cybrid presence.","We have only detected small Cybrid classes.","",""
"WORLDTXT.BIN",1046,"Expect above normal Cybrid presence.","We have only detected small Cybrid classes.","",""
"WORLDTXT.BIN",1047,"Expect above normal Cybrid presence.","We have only detected small Cybrid classes.","",""
"WORLDTXT.BIN",1048,"Expect above normal Cybrid presence.","We have only detected small Cybrid classes.","",""
"WORLDTXT.BIN",1049,"Expect above normal Cybrid presence.","We have only detected small Cybrid classes.","",""
"WORLDTXT.BIN",1050,"Expect above normal Cybrid presence.","We have only detected small Cybrid classes.","",""
"WORLDTXT.BIN",1051,"Expect above normal Cybrid presence.","We have only detected small Cybrid classes.","",""
"WORLDTXT.BIN",1052,"Expect above normal Cybrid presence.","We have only detected small Cybrid classes.","",""
"WORLDTXT.BIN",1053,"Expect above normal Cybrid presence.","We have only detected small Cybrid classes.","",""
"WORLDTXT.BIN",1054,"Expect above normal Cybrid presence.","We have only detected small Cybrid classes.","",""
"WORLDTXT.BIN",1055,"Expect above normal Cybrid presence.","We have only detected small Cybrid classes.","",""
"WORLDTXT.BIN",1056,"Expect above normal Cybrid presence.","We have only detected small Cybrid classes.","",""
"WORLDTXT.BIN",1057,"We have only detected small Cybrid classes.","We have detected the presence of both small and medium Cybrids.","",""
"WORLDTXT.BIN",1058,"We have only detected small Cybrid classes.","We have detected the presence of both small and medium Cybrids.","",""
"WORLDTXT.BIN",1059,"We have detected the presence of both small and medium Cybrids.","Cybrid defense pool contains a wide variety of chassis types.","",""
"WORLDTXT.BIN",1060,"We have detected the presence of both small and medium Cybrids.","Cybrid defense pool contains a wide variety of chassis types.","",""
"WORLDTXT.BIN",1061,"Cybrid defense pool contains a wide variety of chassis types.","Expect the largest Cybrid classes in any encounter.","",""
"WORLDTXT.BIN",1062,"Cybrid defense pool contains a wide variety of chassis types.","Expect the largest Cybrid classes in any encounter.","",""
"WORLDTXT.BIN",1063,"Cybrid defense pool contains a wide variety of chassis types.","Expect the largest Cybrid classes in any encounter.","",""
"WORLDTXT.BIN",1064,"Expect the largest Cybrid classes in any encounter.","Expect below normal Cybrid technologies.","",""
"WORLDTXT.BIN",1065,"Expect the largest Cybrid classes in any encounter.","Expect below normal Cybrid technologies.","",""
"WORLDTXT.BIN",1066,"Expect below normal Cybrid technologies.","Expect normal Cybrid technologies.","",""
"WORLDTXT.BIN",1067,"Expect below normal Cybrid technologies.","Expect normal Cybrid technologies.","",""
"WORLDTXT.BIN",1068,"Expect below normal Cybrid technologies.","Expect normal Cybrid technologies.","",""
"WORLDTXT.BIN",1069,"Expect below normal Cybrid technologies.","Expect normal Cybrid technologies.","",""
"WORLDTXT.BIN",1070,"Expect below normal Cybrid technologies.","Expect normal Cybrid technologies.","",""
"WORLDTXT.BIN",1071,"Expect below normal Cybrid technologies.","Expect normal Cybrid technologies.","",""
"WORLDTXT.BIN",1072,"Expect below normal Cybrid technologies.","Expect normal Cybrid technologies.","",""
"WORLDTXT.BIN",1073,"Expect below normal Cybrid technologies.","Expect normal Cybrid technologies.","",""
"WORLDTXT.BIN",1074,"Expect below normal Cybrid technologies.","Expect normal Cybrid technologies.","",""
"WORLDTXT.BIN",1075,"Expect below normal Cybrid technologies.","Expect normal Cybrid technologies.","",""
"WORLDTXT.BIN",1076,"Expect below normal Cybrid technologies.","Expect normal Cybrid technologies.","",""
"WORLDTXT.BIN",1077,"Expect below normal Cybrid technologies.","Expect normal Cybrid technologies.","",""
"WORLDTXT.BIN",1078,"Expect below normal Cybrid technologies.","Expect normal Cybrid technologies.","",""
"WORLDTXT.BIN",1079,"Expect below normal Cybrid technologies.","Expect normal Cybrid technologies.","",""
"WORLDTXT.BIN",1080,"Expect below normal Cybrid technologies.","Expect normal Cybrid technologies.","",""
"WORLDTXT.BIN",1081,"Expect below normal Cybrid technologies.","Expect normal Cybrid technologies.","",""
"WORLDTXT.BIN",1082,"Expect below normal Cybrid technologies.","Expect normal Cybrid technologies.","",""
"WORLDTXT.BIN",1083,"Expect below normal Cybrid technologies.","Expect normal Cybrid technologies.","",""
"WORLDTXT.BIN",1084,"Expect below normal Cybrid technologies.","Expect normal Cybrid technologies.","",""
"WORLDTXT.BIN",1085,"Expect below normal Cybrid technologies.","Expect normal Cybrid technologies.","",""
"WORLDTXT.BIN",1086,"Expect below normal Cybrid technologies.","Expect normal Cybrid technologies.","",""
"WORLDTXT.BIN",1087,"Expect below normal Cybrid technologies.","Expect normal Cybrid technologies.","",""
"WORLDTXT.BIN",1088,"Expect below normal Cybrid technologies.","Expect normal Cybrid technologies.","",""
"WORLDTXT.BIN",1089,"Expect below normal Cybrid technologies.","Expect normal Cybrid technologies.","",""
"WORLDTXT.BIN",1090,"Expect below normal Cybrid technologies.","Expect normal Cybrid technologies.","",""
"WORLDTXT.BIN",1091,"Expect below normal Cybrid technologies.","Expect normal Cybrid technologies.","",""
"WORLDTXT.BIN",1092,"Expect below normal Cybrid technologies.","Expect normal Cybrid technologies.","",""
"WORLDTXT.BIN",1093,"Expect below normal Cybrid technologies.","Expect normal Cybrid technologies.","",""
"WORLDTXT.BIN",1094,"Expect below normal Cybrid technologies.","Expect normal Cybrid technologies.","",""
"WORLDTXT.BIN",1095,"Expect below normal Cybrid technologies.","Expect normal Cybrid technologies.","",""
"WORLDTXT.BIN",1096,"Expect below normal Cybrid technologies.","Expect normal Cybrid technologies.","",""
"WORLDTXT.BIN",1097,"Expect below normal Cybrid technologies.","Expect normal Cybrid technologies.","",""
"WORLDTXT.BIN",1098,"Expect below normal Cybrid technologies.","Expect normal Cybrid technologies.","",""
"WORLDTXT.BIN",1099,"Expect below normal Cybrid technologies.","Expect normal Cybrid technologies.","",""
"WORLDTXT.BIN",1100,"Expect below normal Cybrid technologies.","Expect normal Cybrid technologies.","",""
"WORLDTXT.BIN",1101,"Expect below normal Cybrid technologies.","Expect normal Cybrid technologies.","",""
"WORLDTXT.BIN",1102,"Expect below normal Cybrid technologies.","Expect normal Cybrid technologies.","",""
"WORLDTXT.BIN",1103,"Expect below normal Cybrid technologies.","Expect normal Cybrid technologies.","",""
"WORLDTXT.BIN",1104,"Expect below normal Cybrid technologies.","Expect normal Cybrid technologies.","",""
"WORLDTXT.BIN",1105,"Expect below normal Cybrid technologies.","Expect normal Cybrid technologies.","",""
"WORLDTXT.BIN",1106,"Expect below normal Cybrid technologies.","Expect normal Cybrid technologies.","",""
"WORLDTXT.BIN",1107,"Expect below normal Cybrid technologies.","Expect normal Cybrid technologies.","",""
"WORLDTXT.BIN",1108,"Expect below normal Cybrid technologies.","Expect normal Cybrid technologies.","",""
"WORLDTXT.BIN",1109,"Expect below normal Cybrid technologies.","Expect normal Cybrid technologies.","",""
"WORLDTXT.BIN",1110,"Expect below normal Cybrid technologies.","Expect normal Cybrid technologies.","",""
"WORLDTXT.BIN",1111,"Expect below normal Cybrid technologies.","Expect normal Cybrid technologies.","",""
"WORLDTXT.BIN",1112,"Expect below normal Cybrid technologies.","Expect normal Cybrid technologies.","",""
"WORLDTXT.BIN",1113,"Expect below normal Cybrid technologies.","Expect normal Cybrid technologies.","",""
"WORLDTXT.BIN",1114,"Expect below normal Cybrid technologies.","Expect normal Cybrid technologies.","",""
"WORLDTXT.BIN",1115,"Expect below normal Cybrid technologies.","Expect normal Cybrid technologies.","",""
"WORLDTXT.BIN",1116,"Expect below normal Cybrid technologies.","Expect normal Cybrid technologies.","",""
"WORLDTXT.BIN",1117,"Expect below normal Cybrid technologies.","Expect normal Cybrid technologies.","",""
"WORLDTXT.BIN",1118,"Expect below normal Cybrid technologies.","Expect normal Cybrid technologies.","",""
"WORLDTXT.BIN",1119,"Expect below normal Cybrid technologies.","Expect normal Cybrid technologies.","",""
"WORLDTXT.BIN",1120,"Expect below normal Cybrid technologies.","Expect normal Cybrid technologies.","",""
"WORLDTXT.BIN",1121,"Expect below normal Cybrid technologies.","Expect normal Cybrid technologies.","",""
"WORLDTXT.BIN",1122,"Expect below normal Cybrid technologies.","Expect normal Cybrid technologies.","",""
"WORLDTXT.BIN",1123,"Expect below normal Cybrid technologies.","Expect normal Cybrid technologies.","",""
"WORLDTXT.BIN",1124,"Expect below normal Cybrid technologies.","Expect normal Cybrid technologies.","",""
"WORLDTXT.BIN",1125,"Expect below normal Cybrid technologies.","Expect normal Cybrid technologies.","",""
"WORLDTXT.BIN",1126,"Expect below normal Cybrid technologies.","Expect normal Cybrid technologies.","",""
"WORLDTXT.BIN",1127,"Expect below normal Cybrid technologies.","Expect normal Cybrid technologies.","",""
"WORLDTXT.BIN",1128,"Expect below normal Cybrid technologies.","Expect normal Cybrid technologies.","",""
"WORLDTXT.BIN",1129,"Expect below normal Cybrid technologies.","Expect normal Cybrid technologies.","",""
"WORLDTXT.BIN",1130,"Expect below normal Cybrid technologies.","Expect normal Cybrid technologies.","",""
"WORLDTXT.BIN",1131,"Expect below normal Cybrid technologies.","Expect normal Cybrid technologies.","",""
"WORLDTXT.BIN",1132,"Expect below normal Cybrid technologies.","Expect normal Cybrid technologies.","",""
"WORLDTXT.BIN",1133,"Expect below normal Cybrid technologies.","Expect normal Cybrid technologies.","",""
"WORLDTXT.BIN",1134,"Expect below normal Cybrid technologies.","Expect normal Cybrid technologies.","",""
"WORLDTXT.BIN",1135,"Expect below normal Cybrid technologies.","Expect normal Cybrid technologies.","",""
"WORLDTXT.BIN",1136,"Expect below normal Cybrid technologies.","Expect normal Cybrid technologies.","",""
"WORLDTXT.BIN",1137,"Expect below normal Cybrid technologies.","Expect normal Cybrid technologies.","",""
"WORLDTXT.BIN",1138,"Expect below normal Cybrid technologies.","Expect normal Cybrid technologies.","",""
"WORLDTXT.BIN",1139,"Expect below normal Cybrid technologies.","Expect normal Cybrid technologies.","",""
"WORLDTXT.BIN",1140,"Expect below normal Cybrid technologies.","Expect normal Cybrid technologies.","",""
"WORLDTXT.BIN",1141,"Expect below normal Cybrid technologies.","Expect normal Cybrid technologies.","",""
"WORLDTXT.BIN",1142,"Expect below normal Cybrid technologies.","Expect normal Cybrid technologies.","",""
"WORLDTXT.BIN",1143,"Expect below normal Cybrid technologies.","Expect normal Cybrid technologies.","",""
"WORLDTXT.BIN",1144,"Expect below normal Cybrid technologies.","Expect normal Cybrid technologies.","",""
"WORLDTXT.BIN",1145,"Expect below normal Cybrid technologies.","Expect normal Cybrid technologies.","",""
"WORLDTXT.BIN",1146,"Expect below normal Cybrid technologies.","Expect normal Cybrid technologies.","",""
"WORLDTXT.BIN",1147,"Expect below normal Cybrid technologies.","Expect normal Cybrid technologies.","",""
"WORLDTXT.BIN",1148,"Expect below normal Cybrid technologies.","Expect normal Cybrid technologies.","",""
"WORLDTXT.BIN",1149,"Expect below normal Cybrid technologies.","Expect normal Cybrid technologies.","",""
"WORLDTXT.BIN",1150,"Expect below normal Cybrid technologies.","Expect normal Cybrid technologies.","",""
"WORLDTXT.BIN",1151,"Expect below normal Cybrid technologies.","Expect normal Cybrid technologies.","",""
"WORLDTXT.BIN",1152,"Expect below normal Cybrid technologies.","Expect normal Cybrid technologies.","",""
"WORLDTXT.BIN",1153,"Expect below normal Cybrid technologies.","Expect normal Cybrid technologies.","",""
"WORLDTXT.BIN",1154,"Expect below normal Cybrid technologies.","Expect normal Cybrid technologies.","",""
"WORLDTXT.BIN",1155,"Expect below normal Cybrid technologies.","Expect normal Cybrid technologies.","",""
"WORLDTXT.BIN",1156,"Expect below normal Cybrid technologies.","Expect normal Cybrid technologies.","",""
"WORLDTXT.BIN",1157,"Expect normal Cybrid technologies.","Expect above average Cybrid technologies.","",""
"WORLDTXT.BIN",1158,"Expect above average Cybrid technologies.","


ñ8ÿPlanet Information: %s
ñ6ÿ
%s

ñ7ÿTerrain: 
ñ6ÿ%s  %s  %s

ñ7ÿGravity: 
ñ6ÿ%d%% %s

ñ7ÿAtmosphere: 
ñ6ÿ%s

ñ7ÿNotes: 
ñ6ÿ%s

","alt:param:number",""
"WORLDTXT.BIN",1159,"Expect above average Cybrid technologies.","


ñ8ÿPlanet Information: %s
ñ6ÿ
%s

ñ7ÿTerrain: 
ñ6ÿ%s  %s  %s

ñ7ÿGravity: 
ñ6ÿ%d%% %s

ñ7ÿAtmosphere: 
ñ6ÿ%s

ñ7ÿNotes: 
ñ6ÿ%s

","alt:param:number",""
"WORLDTXT.BIN",1160,"Expect above average Cybrid technologies.","


ñ8ÿPlanet Information: %s
ñ6ÿ
%s

ñ7ÿTerrain: 
ñ6ÿ%s  %s  %s

ñ7ÿGravity: 
ñ6ÿ%d%% %s

ñ7ÿAtmosphere: 
ñ6ÿ%s

ñ7ÿNotes: 
ñ6ÿ%s

","alt:param:number",""
"WORLDTXT.BIN",1161,"Expect above average Cybrid technologies.","


ñ8ÿPlanet Information: %s
ñ6ÿ
%s

ñ7ÿTerrain: 
ñ6ÿ%s  %s  %s

ñ7ÿGravity: 
ñ6ÿ%d%% %s

ñ7ÿAtmosphere: 
ñ6ÿ%s

ñ7ÿNotes: 
ñ6ÿ%s

","alt:param:number",""
"WORLDTXT.BIN",1162,"Expect above average Cybrid technologies.","


ñ8ÿPlanet Information: %s
ñ6ÿ
%s

ñ7ÿTerrain: 
ñ6ÿ%s  %s  %s

ñ7ÿGravity: 
ñ6ÿ%d%% %s

ñ7ÿAtmosphere: 
ñ6ÿ%s

ñ7ÿNotes: 
ñ6ÿ%s

","alt:param:number",""
"WORLDTXT.BIN",1163,"Expect above average Cybrid technologies.","


ñ8ÿPlanet Information: %s
ñ6ÿ
%s

ñ7ÿTerrain: 
ñ6ÿ%s  %s  %s

ñ7ÿGravity: 
ñ6ÿ%d%% %s

ñ7ÿAtmosphere: 
ñ6ÿ%s

ñ7ÿNotes: 
ñ6ÿ%s

","alt:param:number",""
"WORLDTXT.BIN",1164,"Expect above average Cybrid technologies.","


ñ8ÿPlanet Information: %s
ñ6ÿ
%s

ñ7ÿTerrain: 
ñ6ÿ%s  %s  %s

ñ7ÿGravity: 
ñ6ÿ%d%% %s

ñ7ÿAtmosphere: 
ñ6ÿ%s

ñ7ÿNotes: 
ñ6ÿ%s

","alt:param:number",""
"WORLDTXT.BIN",1165,"Expect above average Cybrid technologies.","


ñ8ÿPlanet Information: %s
ñ6ÿ
%s

ñ7ÿTerrain: 
ñ6ÿ%s  %s  %s

ñ7ÿGravity: 
ñ6ÿ%d%% %s

ñ7ÿAtmosphere: 
ñ6ÿ%s

ñ7ÿNotes: 
ñ6ÿ%s

","alt:param:number",""
"WORLDTXT.BIN",1166,"Expect above average Cybrid technologies.","


ñ8ÿPlanet Information: %s
ñ6ÿ
%s

ñ7ÿTerrain: 
ñ6ÿ%s  %s  %s

ñ7ÿGravity: 
ñ6ÿ%d%% %s

ñ7ÿAtmosphere: 
ñ6ÿ%s

ñ7ÿNotes: 
ñ6ÿ%s

","alt:param:number",""
"WORLDTXT.BIN",1167,"Expect above average Cybrid technologies.","


ñ8ÿPlanet Information: %s
ñ6ÿ
%s

ñ7ÿTerrain: 
ñ6ÿ%s  %s  %s

ñ7ÿGravity: 
ñ6ÿ%d%% %s

ñ7ÿAtmosphere: 
ñ6ÿ%s

ñ7ÿNotes: 
ñ6ÿ%s

","alt:param:number",""
"WORLDTXT.BIN",1168,"Expect above average Cybrid technologies.","


ñ8ÿPlanet Information: %s
ñ6ÿ
%s

ñ7ÿTerrain: 
ñ6ÿ%s  %s  %s

ñ7ÿGravity: 
ñ6ÿ%d%% %s

ñ7ÿAtmosphere: 
ñ6ÿ%s

ñ7ÿNotes: 
ñ6ÿ%s

","alt:param:number",""
"WORLDTXT.BIN",1169,"Expect above average Cybrid technologies.","


ñ8ÿPlanet Information: %s
ñ6ÿ
%s

ñ7ÿTerrain: 
ñ6ÿ%s  %s  %s

ñ7ÿGravity: 
ñ6ÿ%d%% %s

ñ7ÿAtmosphere: 
ñ6ÿ%s

ñ7ÿNotes: 
ñ6ÿ%s

","alt:param:number",""
"WORLDTXT.BIN",1170,"Expect above average Cybrid technologies.","


ñ8ÿPlanet Information: %s
ñ6ÿ
%s

ñ7ÿTerrain: 
ñ6ÿ%s  %s  %s

ñ7ÿGravity: 
ñ6ÿ%d%% %s

ñ7ÿAtmosphere: 
ñ6ÿ%s

ñ7ÿNotes: 
ñ6ÿ%s

","alt:param:number",""
"WORLDTXT.BIN",1171,"Expect above average Cybrid technologies.","


ñ8ÿPlanet Information: %s
ñ6ÿ
%s

ñ7ÿTerrain: 
ñ6ÿ%s  %s  %s

ñ7ÿGravity: 
ñ6ÿ%d%% %s

ñ7ÿAtmosphere: 
ñ6ÿ%s

ñ7ÿNotes: 
ñ6ÿ%s

","alt:param:number",""
"WORLDTXT.BIN",1172,"Expect above average Cybrid technologies.","


ñ8ÿPlanet Information: %s
ñ6ÿ
%s

ñ7ÿTerrain: 
ñ6ÿ%s  %s  %s

ñ7ÿGravity: 
ñ6ÿ%d%% %s

ñ7ÿAtmosphere: 
ñ6ÿ%s

ñ7ÿNotes: 
ñ6ÿ%s

","alt:param:number",""
"WORLDTXT.BIN",1173,"Expect above average Cybrid technologies.","


ñ8ÿPlanet Information: %s
ñ6ÿ
%s

ñ7ÿTerrain: 
ñ6ÿ%s  %s  %s

ñ7ÿGravity: 
ñ6ÿ%d%% %s

ñ7ÿAtmosphere: 
ñ6ÿ%s

ñ7ÿNotes: 
ñ6ÿ%s

","alt:param:number",""
"WORLDTXT.BIN",1174,"Expect above average Cybrid technologies.","


ñ8ÿPlanet Information: %s
ñ6ÿ
%s

ñ7ÿTerrain: 
ñ6ÿ%s  %s  %s

ñ7ÿGravity: 
ñ6ÿ%d%% %s

ñ7ÿAtmosphere: 
ñ6ÿ%s

ñ7ÿNotes: 
ñ6ÿ%s

","alt:param:number",""
"WORLDTXT.BIN",1175,"Expect above average Cybrid technologies.","


ñ8ÿPlanet Information: %s
ñ6ÿ
%s

ñ7ÿTerrain: 
ñ6ÿ%s  %s  %s

ñ7ÿGravity: 
ñ6ÿ%d%% %s

ñ7ÿAtmosphere: 
ñ6ÿ%s

ñ7ÿNotes: 
ñ6ÿ%s

","alt:param:number",""
"WORLDTXT.BIN",1176,"Expect above average Cybrid technologies.","


ñ8ÿPlanet Information: %s
ñ6ÿ
%s

ñ7ÿTerrain: 
ñ6ÿ%s  %s  %s

ñ7ÿGravity: 
ñ6ÿ%d%% %s

ñ7ÿAtmosphere: 
ñ6ÿ%s

ñ7ÿNotes: 
ñ6ÿ%s

","alt:param:number",""
"WORLDTXT.BIN",1177,"Expect above average Cybrid technologies.","


ñ8ÿPlanet Information: %s
ñ6ÿ
%s

ñ7ÿTerrain: 
ñ6ÿ%s  %s  %s

ñ7ÿGravity: 
ñ6ÿ%d%% %s

ñ7ÿAtmosphere: 
ñ6ÿ%s

ñ7ÿNotes: 
ñ6ÿ%s

","alt:param:number",""
"WORLDTXT.BIN",1178,"Expect above average Cybrid technologies.","


ñ8ÿPlanet Information: %s
ñ6ÿ
%s

ñ7ÿTerrain: 
ñ6ÿ%s  %s  %s

ñ7ÿGravity: 
ñ6ÿ%d%% %s

ñ7ÿAtmosphere: 
ñ6ÿ%s

ñ7ÿNotes: 
ñ6ÿ%s

","alt:param:number",""
"WORLDTXT.BIN",1179,"Expect above average Cybrid technologies.","


ñ8ÿPlanet Information: %s
ñ6ÿ
%s

ñ7ÿTerrain: 
ñ6ÿ%s  %s  %s

ñ7ÿGravity: 
ñ6ÿ%d%% %s

ñ7ÿAtmosphere: 
ñ6ÿ%s

ñ7ÿNotes: 
ñ6ÿ%s

","alt:param:number",""
"WORLDTXT.BIN",1180,"Expect above average Cybrid technologies.","


ñ8ÿPlanet Information: %s
ñ6ÿ
%s

ñ7ÿTerrain: 
ñ6ÿ%s  %s  %s

ñ7ÿGravity: 
ñ6ÿ%d%% %s

ñ7ÿAtmosphere: 
ñ6ÿ%s

ñ7ÿNotes: 
ñ6ÿ%s

","alt:param:number",""
"WORLDTXT.BIN",1181,"Expect above average Cybrid technologies.","


ñ8ÿPlanet Information: %s
ñ6ÿ
%s

ñ7ÿTerrain: 
ñ6ÿ%s  %s  %s

ñ7ÿGravity: 
ñ6ÿ%d%% %s

ñ7ÿAtmosphere: 
ñ6ÿ%s

ñ7ÿNotes: 
ñ6ÿ%s

","alt:param:number",""
"WORLDTXT.BIN",1182,"Expect above average Cybrid technologies.","


ñ8ÿPlanet Information: %s
ñ6ÿ
%s

ñ7ÿTerrain: 
ñ6ÿ%s  %s  %s

ñ7ÿGravity: 
ñ6ÿ%d%% %s

ñ7ÿAtmosphere: 
ñ6ÿ%s

ñ7ÿNotes: 
ñ6ÿ%s

","alt:param:number",""
"WORLDTXT.BIN",1183,"Expect above average Cybrid technologies.","


ñ8ÿPlanet Information: %s
ñ6ÿ
%s

ñ7ÿTerrain: 
ñ6ÿ%s  %s  %s

ñ7ÿGravity: 
ñ6ÿ%d%% %s

ñ7ÿAtmosphere: 
ñ6ÿ%s

ñ7ÿNotes: 
ñ6ÿ%s

","alt:param:number",""
"WORLDTXT.BIN",1184,"Expect above average Cybrid technologies.","


ñ8ÿPlanet Information: %s
ñ6ÿ
%s

ñ7ÿTerrain: 
ñ6ÿ%s  %s  %s

ñ7ÿGravity: 
ñ6ÿ%d%% %s

ñ7ÿAtmosphere: 
ñ6ÿ%s

ñ7ÿNotes: 
ñ6ÿ%s

","alt:param:number",""
"WORLDTXT.BIN",1185,"Expect above average Cybrid technologies.","


ñ8ÿPlanet Information: %s
ñ6ÿ
%s

ñ7ÿTerrain: 
ñ6ÿ%s  %s  %s

ñ7ÿGravity: 
ñ6ÿ%d%% %s

ñ7ÿAtmosphere: 
ñ6ÿ%s

ñ7ÿNotes: 
ñ6ÿ%s

","alt:param:number",""
"WORLDTXT.BIN",1186,"Expect above average Cybrid technologies.","


ñ8ÿPlanet Information: %s
ñ6ÿ
%s

ñ7ÿTerrain: 
ñ6ÿ%s  %s  %s

ñ7ÿGravity: 
ñ6ÿ%d%% %s

ñ7ÿAtmosphere: 
ñ6ÿ%s

ñ7ÿNotes: 
ñ6ÿ%s

","alt:param:number",""
"WORLDTXT.BIN",1187,"Expect above average Cybrid technologies.","


ñ8ÿPlanet Information: %s
ñ6ÿ
%s

ñ7ÿTerrain: 
ñ6ÿ%s  %s  %s

ñ7ÿGravity: 
ñ6ÿ%d%% %s

ñ7ÿAtmosphere: 
ñ6ÿ%s

ñ7ÿNotes: 
ñ6ÿ%s

","alt:param:number",""
"WORLDTXT.BIN",1188,"Expect above average Cybrid technologies.","


ñ8ÿPlanet Information: %s
ñ6ÿ
%s

ñ7ÿTerrain: 
ñ6ÿ%s  %s  %s

ñ7ÿGravity: 
ñ6ÿ%d%% %s

ñ7ÿAtmosphere: 
ñ6ÿ%s

ñ7ÿNotes: 
ñ6ÿ%s

","alt:param:number",""
"WORLDTXT.BIN",1189,"Expect above average Cybrid technologies.","


ñ8ÿPlanet Information: %s
ñ6ÿ
%s

ñ7ÿTerrain: 
ñ6ÿ%s  %s  %s

ñ7ÿGravity: 
ñ6ÿ%d%% %s

ñ7ÿAtmosphere: 
ñ6ÿ%s

ñ7ÿNotes: 
ñ6ÿ%s

","alt:param:number",""
"WORLDTXT.BIN",1190,"Expect above average Cybrid technologies.","


ñ8ÿPlanet Information: %s
ñ6ÿ
%s

ñ7ÿTerrain: 
ñ6ÿ%s  %s  %s

ñ7ÿGravity: 
ñ6ÿ%d%% %s

ñ7ÿAtmosphere: 
ñ6ÿ%s

ñ7ÿNotes: 
ñ6ÿ%s

","alt:param:number",""
"WORLDTXT.BIN",1191,"Expect above average Cybrid technologies.","


ñ8ÿPlanet Information: %s
ñ6ÿ
%s

ñ7ÿTerrain: 
ñ6ÿ%s  %s  %s

ñ7ÿGravity: 
ñ6ÿ%d%% %s

ñ7ÿAtmosphere: 
ñ6ÿ%s

ñ7ÿNotes: 
ñ6ÿ%s

","alt:param:number",""
"WORLDTXT.BIN",1192,"Expect above average Cybrid technologies.","


ñ8ÿPlanet Information: %s
ñ6ÿ
%s

ñ7ÿTerrain: 
ñ6ÿ%s  %s  %s

ñ7ÿGravity: 
ñ6ÿ%d%% %s

ñ7ÿAtmosphere: 
ñ6ÿ%s

ñ7ÿNotes: 
ñ6ÿ%s

","alt:param:number",""
"WORLDTXT.BIN",1193,"Expect above average Cybrid technologies.","


ñ8ÿPlanet Information: %s
ñ6ÿ
%s

ñ7ÿTerrain: 
ñ6ÿ%s  %s  %s

ñ7ÿGravity: 
ñ6ÿ%d%% %s

ñ7ÿAtmosphere: 
ñ6ÿ%s

ñ7ÿNotes: 
ñ6ÿ%s

","alt:param:number",""
"WORLDTXT.BIN",1194,"Expect above average Cybrid technologies.","


ñ8ÿPlanet Information: %s
ñ6ÿ
%s

ñ7ÿTerrain: 
ñ6ÿ%s  %s  %s

ñ7ÿGravity: 
ñ6ÿ%d%% %s

ñ7ÿAtmosphere: 
ñ6ÿ%s

ñ7ÿNotes: 
ñ6ÿ%s

","alt:param:number",""
"WORLDTXT.BIN",1195,"Expect above average Cybrid technologies.","


ñ8ÿPlanet Information: %s
ñ6ÿ
%s

ñ7ÿTerrain: 
ñ6ÿ%s  %s  %s

ñ7ÿGravity: 
ñ6ÿ%d%% %s

ñ7ÿAtmosphere: 
ñ6ÿ%s

ñ7ÿNotes: 
ñ6ÿ%s

","alt:param:number",""
"WORLDTXT.BIN",1196,"Expect above average Cybrid technologies.","


ñ8ÿPlanet Information: %s
ñ6ÿ
%s

ñ7ÿTerrain: 
ñ6ÿ%s  %s  %s

ñ7ÿGravity: 
ñ6ÿ%d%% %s

ñ7ÿAtmosphere: 
ñ6ÿ%s

ñ7ÿNotes: 
ñ6ÿ%s

","alt:param:number",""
"WORLDTXT.BIN",1197,"Expect above average Cybrid technologies.","


ñ8ÿPlanet Information: %s
ñ6ÿ
%s

ñ7ÿTerrain: 
ñ6ÿ%s  %s  %s

ñ7ÿGravity: 
ñ6ÿ%d%% %s

ñ7ÿAtmosphere: 
ñ6ÿ%s

ñ7ÿNotes: 
ñ6ÿ%s

","alt:param:number",""
"WORLDTXT.BIN",1198,"Expect above average Cybrid technologies.","


ñ8ÿPlanet Information: %s
ñ6ÿ
%s

ñ7ÿTerrain: 
ñ6ÿ%s  %s  %s

ñ7ÿGravity: 
ñ6ÿ%d%% %s

ñ7ÿAtmosphere: 
ñ6ÿ%s

ñ7ÿNotes: 
ñ6ÿ%s

","alt:param:number",""
"WORLDTXT.BIN",1199,"Expect above average Cybrid technologies.","


ñ8ÿPlanet Information: %s
ñ6ÿ
%s

ñ7ÿTerrain: 
ñ6ÿ%s  %s  %s

ñ7ÿGravity: 
ñ6ÿ%d%% %s

ñ7ÿAtmosphere: 
ñ6ÿ%s

ñ7ÿNotes: 
ñ6ÿ%s

","alt:param:number",""
"WORLDTXT.BIN",1200,"Expect above average Cybrid technologies.","


ñ8ÿPlanet Information: %s
ñ6ÿ
%s

ñ7ÿTerrain: 
ñ6ÿ%s  %s  %s

ñ7ÿGravity: 
ñ6ÿ%d%% %s

ñ7ÿAtmosphere: 
ñ6ÿ%s

ñ7ÿNotes: 
ñ6ÿ%s

","alt:param:number",""
"WORLDTXT.BIN",1201,"Expect above average Cybrid technologies.","


ñ8ÿPlanet Information: %s
ñ6ÿ
%s

ñ7ÿTerrain: 
ñ6ÿ%s  %s  %s

ñ7ÿGravity: 
ñ6ÿ%d%% %s

ñ7ÿAtmosphere: 
ñ6ÿ%s

ñ7ÿNotes: 
ñ6ÿ%s

","alt:param:number",""
"WORLDTXT.BIN",1202,"Expect above average Cybrid technologies.","


ñ8ÿPlanet Information: %s
ñ6ÿ
%s

ñ7ÿTerrain: 
ñ6ÿ%s  %s  %s

ñ7ÿGravity: 
ñ6ÿ%d%% %s

ñ7ÿAtmosphere: 
ñ6ÿ%s

ñ7ÿNotes: 
ñ6ÿ%s

","alt:param:number",""
"WORLDTXT.BIN",1203,"Expect above average Cybrid technologies.","


ñ8ÿPlanet Information: %s
ñ6ÿ
%s

ñ7ÿTerrain: 
ñ6ÿ%s  %s  %s

ñ7ÿGravity: 
ñ6ÿ%d%% %s

ñ7ÿAtmosphere: 
ñ6ÿ%s

ñ7ÿNotes: 
ñ6ÿ%s

","alt:param:number",""
"WORLDTXT.BIN",1204,"Expect above average Cybrid technologies.","


ñ8ÿPlanet Information: %s
ñ6ÿ
%s

ñ7ÿTerrain: 
ñ6ÿ%s  %s  %s

ñ7ÿGravity: 
ñ6ÿ%d%% %s

ñ7ÿAtmosphere: 
ñ6ÿ%s

ñ7ÿNotes: 
ñ6ÿ%s

","alt:param:number",""
"WORLDTXT.BIN",1205,"Expect above average Cybrid technologies.","


ñ8ÿPlanet Information: %s
ñ6ÿ
%s

ñ7ÿTerrain: 
ñ6ÿ%s  %s  %s

ñ7ÿGravity: 
ñ6ÿ%d%% %s

ñ7ÿAtmosphere: 
ñ6ÿ%s

ñ7ÿNotes: 
ñ6ÿ%s

","alt:param:number",""
"WORLDTXT.BIN",1206,"Expect above average Cybrid technologies.","


ñ8ÿPlanet Information: %s
ñ6ÿ
%s

ñ7ÿTerrain: 
ñ6ÿ%s  %s  %s

ñ7ÿGravity: 
ñ6ÿ%d%% %s

ñ7ÿAtmosphere: 
ñ6ÿ%s

ñ7ÿNotes: 
ñ6ÿ%s

","alt:param:number",""
"WORLDTXT.BIN",1207,"Expect above average Cybrid technologies.","


ñ8ÿPlanet Information: %s
ñ6ÿ
%s

ñ7ÿTerrain: 
ñ6ÿ%s  %s  %s

ñ7ÿGravity: 
ñ6ÿ%d%% %s

ñ7ÿAtmosphere: 
ñ6ÿ%s

ñ7ÿNotes: 
ñ6ÿ%s

","alt:param:number",""
"WORLDTXT.BIN",1208,"Expect above average Cybrid technologies.","


ñ8ÿPlanet Information: %s
ñ6ÿ
%s

ñ7ÿTerrain: 
ñ6ÿ%s  %s  %s

ñ7ÿGravity: 
ñ6ÿ%d%% %s

ñ7ÿAtmosphere: 
ñ6ÿ%s

ñ7ÿNotes: 
ñ6ÿ%s

","alt:param:number",""
"WORLDTXT.BIN",1209,"Expect above average Cybrid technologies.","


ñ8ÿPlanet Information: %s
ñ6ÿ
%s

ñ7ÿTerrain: 
ñ6ÿ%s  %s  %s

ñ7ÿGravity: 
ñ6ÿ%d%% %s

ñ7ÿAtmosphere: 
ñ6ÿ%s

ñ7ÿNotes: 
ñ6ÿ%s

","alt:param:number",""
"WORLDTXT.BIN",1210,"Expect above average Cybrid technologies.","


ñ8ÿPlanet Information: %s
ñ6ÿ
%s

ñ7ÿTerrain: 
ñ6ÿ%s  %s  %s

ñ7ÿGravity: 
ñ6ÿ%d%% %s

ñ7ÿAtmosphere: 
ñ6ÿ%s

ñ7ÿNotes: 
ñ6ÿ%s

","alt:param:number",""
"WORLDTXT.BIN",1211,"Expect above average Cybrid technologies.","


ñ8ÿPlanet Information: %s
ñ6ÿ
%s

ñ7ÿTerrain: 
ñ6ÿ%s  %s  %s

ñ7ÿGravity: 
ñ6ÿ%d%% %s

ñ7ÿAtmosphere: 
ñ6ÿ%s

ñ7ÿNotes: 
ñ6ÿ%s

","alt:param:number",""
"WORLDTXT.BIN",1212,"Expect above average Cybrid technologies.","


ñ8ÿPlanet Information: %s
ñ6ÿ
%s

ñ7ÿTerrain: 
ñ6ÿ%s  %s  %s

ñ7ÿGravity: 
ñ6ÿ%d%% %s

ñ7ÿAtmosphere: 
ñ6ÿ%s

ñ7ÿNotes: 
ñ6ÿ%s

","alt:param:number",""
"WORLDTXT.BIN",1213,"Expect above average Cybrid technologies.","


ñ8ÿPlanet Information: %s
ñ6ÿ
%s

ñ7ÿTerrain: 
ñ6ÿ%s  %s  %s

ñ7ÿGravity: 
ñ6ÿ%d%% %s

ñ7ÿAtmosphere: 
ñ6ÿ%s

ñ7ÿNotes: 
ñ6ÿ%s

","alt:param:number",""
"WORLDTXT.BIN",1214,"Expect above average Cybrid technologies.","


ñ8ÿPlanet Information: %s
ñ6ÿ
%s

ñ7ÿTerrain: 
ñ6ÿ%s  %s  %s

ñ7ÿGravity: 
ñ6ÿ%d%% %s

ñ7ÿAtmosphere: 
ñ6ÿ%s

ñ7ÿNotes: 
ñ6ÿ%s

","alt:param:number",""
"WORLDTXT.BIN",1215,"Expect above average Cybrid technologies.","


ñ8ÿPlanet Information: %s
ñ6ÿ
%s

ñ7ÿTerrain: 
ñ6ÿ%s  %s  %s

ñ7ÿGravity: 
ñ6ÿ%d%% %s

ñ7ÿAtmosphere: 
ñ6ÿ%s

ñ7ÿNotes: 
ñ6ÿ%s

","alt:param:number",""
"WORLDTXT.BIN",1216,"Expect above average Cybrid technologies.","


ñ8ÿPlanet Information: %s
ñ6ÿ
%s

ñ7ÿTerrain: 
ñ6ÿ%s  %s  %s

ñ7ÿGravity: 
ñ6ÿ%d%% %s

ñ7ÿAtmosphere: 
ñ6ÿ%s

ñ7ÿNotes: 
ñ6ÿ%s

","alt:param:number",""
"WORLDTXT.BIN",1217,"Expect above average Cybrid technologies.","


ñ8ÿPlanet Information: %s
ñ6ÿ
%s

ñ7ÿTerrain: 
ñ6ÿ%s  %s  %s

ñ7ÿGravity: 
ñ6ÿ%d%% %s

ñ7ÿAtmosphere: 
ñ6ÿ%s

ñ7ÿNotes: 
ñ6ÿ%s

","alt:param:number",""
"WORLDTXT.BIN",1218,"Expect above average Cybrid technologies.","


ñ8ÿPlanet Information: %s
ñ6ÿ
%s

ñ7ÿTerrain: 
ñ6ÿ%s  %s  %s

ñ7ÿGravity: 
ñ6ÿ%d%% %s

ñ7ÿAtmosphere: 
ñ6ÿ%s

ñ7ÿNotes: 
ñ6ÿ%s

","alt:param:number",""
"WORLDTXT.BIN",1219,"Expect above average Cybrid technologies.","


ñ8ÿPlanet Information: %s
ñ6ÿ
%s

ñ7ÿTerrain: 
ñ6ÿ%s  %s  %s

ñ7ÿGravity: 
ñ6ÿ%d%% %s

ñ7ÿAtmosphere: 
ñ6ÿ%s

ñ7ÿNotes: 
ñ6ÿ%s

","alt:param:number",""
"WORLDTXT.BIN",1220,"Expect above average Cybrid technologies.","


ñ8ÿPlanet Information: %s
ñ6ÿ
%s

ñ7ÿTerrain: 
ñ6ÿ%s  %s  %s

ñ7ÿGravity: 
ñ6ÿ%d%% %s

ñ7ÿAtmosphere: 
ñ6ÿ%s

ñ7ÿNotes: 
ñ6ÿ%s

","alt:param:number",""
"WORLDTXT.BIN",1221,"Expect above average Cybrid technologies.","


ñ8ÿPlanet Information: %s
ñ6ÿ
%s

ñ7ÿTerrain: 
ñ6ÿ%s  %s  %s

ñ7ÿGravity: 
ñ6ÿ%d%% %s

ñ7ÿAtmosphere: 
ñ6ÿ%s

ñ7ÿNotes: 
ñ6ÿ%s

","alt:param:number",""
"WORLDTXT.BIN",1222,"Expect above average Cybrid technologies.","


ñ8ÿPlanet Information: %s
ñ6ÿ
%s

ñ7ÿTerrain: 
ñ6ÿ%s  %s  %s

ñ7ÿGravity: 
ñ6ÿ%d%% %s

ñ7ÿAtmosphere: 
ñ6ÿ%s

ñ7ÿNotes: 
ñ6ÿ%s

","alt:param:number",""
"WORLDTXT.BIN",1223,"Expect above average Cybrid technologies.","


ñ8ÿPlanet Information: %s
ñ6ÿ
%s

ñ7ÿTerrain: 
ñ6ÿ%s  %s  %s

ñ7ÿGravity: 
ñ6ÿ%d%% %s

ñ7ÿAtmosphere: 
ñ6ÿ%s

ñ7ÿNotes: 
ñ6ÿ%s

","alt:param:number",""
"WORLDTXT.BIN",1224,"Expect above average Cybrid technologies.","


ñ8ÿPlanet Information: %s
ñ6ÿ
%s

ñ7ÿTerrain: 
ñ6ÿ%s  %s  %s

ñ7ÿGravity: 
ñ6ÿ%d%% %s

ñ7ÿAtmosphere: 
ñ6ÿ%s

ñ7ÿNotes: 
ñ6ÿ%s

","alt:param:number",""
"WORLDTXT.BIN",1225,"Expect above average Cybrid technologies.","


ñ8ÿPlanet Information: %s
ñ6ÿ
%s

ñ7ÿTerrain: 
ñ6ÿ%s  %s  %s

ñ7ÿGravity: 
ñ6ÿ%d%% %s

ñ7ÿAtmosphere: 
ñ6ÿ%s

ñ7ÿNotes: 
ñ6ÿ%s

","alt:param:number",""
"WORLDTXT.BIN",1226,"Expect above average Cybrid technologies.","


ñ8ÿPlanet Information: %s
ñ6ÿ
%s

ñ7ÿTerrain: 
ñ6ÿ%s  %s  %s

ñ7ÿGravity: 
ñ6ÿ%d%% %s

ñ7ÿAtmosphere: 
ñ6ÿ%s

ñ7ÿNotes: 
ñ6ÿ%s

","alt:param:number",""
"WORLDTXT.BIN",1227,"Expect above average Cybrid technologies.","


ñ8ÿPlanet Information: %s
ñ6ÿ
%s

ñ7ÿTerrain: 
ñ6ÿ%s  %s  %s

ñ7ÿGravity: 
ñ6ÿ%d%% %s

ñ7ÿAtmosphere: 
ñ6ÿ%s

ñ7ÿNotes: 
ñ6ÿ%s

","alt:param:number",""
"WORLDTXT.BIN",1228,"Expect above average Cybrid technologies.","


ñ8ÿPlanet Information: %s
ñ6ÿ
%s

ñ7ÿTerrain: 
ñ6ÿ%s  %s  %s

ñ7ÿGravity: 
ñ6ÿ%d%% %s

ñ7ÿAtmosphere: 
ñ6ÿ%s

ñ7ÿNotes: 
ñ6ÿ%s

","alt:param:number",""
"WORLDTXT.BIN",1229,"Expect above average Cybrid technologies.","


ñ8ÿPlanet Information: %s
ñ6ÿ
%s

ñ7ÿTerrain: 
ñ6ÿ%s  %s  %s

ñ7ÿGravity: 
ñ6ÿ%d%% %s

ñ7ÿAtmosphere: 
ñ6ÿ%s

ñ7ÿNotes: 
ñ6ÿ%s

","alt:param:number",""
"WORLDTXT.BIN",1230,"Expect above average Cybrid technologies.","


ñ8ÿPlanet Information: %s
ñ6ÿ
%s

ñ7ÿTerrain: 
ñ6ÿ%s  %s  %s

ñ7ÿGravity: 
ñ6ÿ%d%% %s

ñ7ÿAtmosphere: 
ñ6ÿ%s

ñ7ÿNotes: 
ñ6ÿ%s

","alt:param:number",""
"WORLDTXT.BIN",1231,"Expect above average Cybrid technologies.","


ñ8ÿPlanet Information: %s
ñ6ÿ
%s

ñ7ÿTerrain: 
ñ6ÿ%s  %s  %s

ñ7ÿGravity: 
ñ6ÿ%d%% %s

ñ7ÿAtmosphere: 
ñ6ÿ%s

ñ7ÿNotes: 
ñ6ÿ%s

","alt:param:number",""
"WORLDTXT.BIN",1232,"Expect above average Cybrid technologies.","


ñ8ÿPlanet Information: %s
ñ6ÿ
%s

ñ7ÿTerrain: 
ñ6ÿ%s  %s  %s

ñ7ÿGravity: 
ñ6ÿ%d%% %s

ñ7ÿAtmosphere: 
ñ6ÿ%s

ñ7ÿNotes: 
ñ6ÿ%s

","alt:param:number",""
"WORLDTXT.BIN",1233,"Expect above average Cybrid technologies.","


ñ8ÿPlanet Information: %s
ñ6ÿ
%s

ñ7ÿTerrain: 
ñ6ÿ%s  %s  %s

ñ7ÿGravity: 
ñ6ÿ%d%% %s

ñ7ÿAtmosphere: 
ñ6ÿ%s

ñ7ÿNotes: 
ñ6ÿ%s

","alt:param:number",""
"WORLDTXT.BIN",1234,"Expect above average Cybrid technologies.","


ñ8ÿPlanet Information: %s
ñ6ÿ
%s

ñ7ÿTerrain: 
ñ6ÿ%s  %s  %s

ñ7ÿGravity: 
ñ6ÿ%d%% %s

ñ7ÿAtmosphere: 
ñ6ÿ%s

ñ7ÿNotes: 
ñ6ÿ%s

","alt:param:number",""
"WORLDTXT.BIN",1235,"Expect above average Cybrid technologies.","


ñ8ÿPlanet Information: %s
ñ6ÿ
%s

ñ7ÿTerrain: 
ñ6ÿ%s  %s  %s

ñ7ÿGravity: 
ñ6ÿ%d%% %s

ñ7ÿAtmosphere: 
ñ6ÿ%s

ñ7ÿNotes: 
ñ6ÿ%s

","alt:param:number",""
"WORLDTXT.BIN",1236,"Expect above average Cybrid technologies.","


ñ8ÿPlanet Information: %s
ñ6ÿ
%s

ñ7ÿTerrain: 
ñ6ÿ%s  %s  %s

ñ7ÿGravity: 
ñ6ÿ%d%% %s

ñ7ÿAtmosphere: 
ñ6ÿ%s

ñ7ÿNotes: 
ñ6ÿ%s

","alt:param:number",""
"WORLDTXT.BIN",1237,"Expect above average Cybrid technologies.","


ñ8ÿPlanet Information: %s
ñ6ÿ
%s

ñ7ÿTerrain: 
ñ6ÿ%s  %s  %s

ñ7ÿGravity: 
ñ6ÿ%d%% %s

ñ7ÿAtmosphere: 
ñ6ÿ%s

ñ7ÿNotes: 
ñ6ÿ%s

","alt:param:number",""
"WORLDTXT.BIN",1238,"Expect above average Cybrid technologies.","


ñ8ÿPlanet Information: %s
ñ6ÿ
%s

ñ7ÿTerrain: 
ñ6ÿ%s  %s  %s

ñ7ÿGravity: 
ñ6ÿ%d%% %s

ñ7ÿAtmosphere: 
ñ6ÿ%s

ñ7ÿNotes: 
ñ6ÿ%s

","alt:param:number",""
"WORLDTXT.BIN",1239,"Expect above average Cybrid technologies.","


ñ8ÿPlanet Information: %s
ñ6ÿ
%s

ñ7ÿTerrain: 
ñ6ÿ%s  %s  %s

ñ7ÿGravity: 
ñ6ÿ%d%% %s

ñ7ÿAtmosphere: 
ñ6ÿ%s

ñ7ÿNotes: 
ñ6ÿ%s

","alt:param:number",""
"WORLDTXT.BIN",1240,"Expect above average Cybrid technologies.","


ñ8ÿPlanet Information: %s
ñ6ÿ
%s

ñ7ÿTerrain: 
ñ6ÿ%s  %s  %s

ñ7ÿGravity: 
ñ6ÿ%d%% %s

ñ7ÿAtmosphere: 
ñ6ÿ%s

ñ7ÿNotes: 
ñ6ÿ%s

","alt:param:number",""
"WORLDTXT.BIN",1241,"Expect above average Cybrid technologies.","


ñ8ÿPlanet Information: %s
ñ6ÿ
%s

ñ7ÿTerrain: 
ñ6ÿ%s  %s  %s

ñ7ÿGravity: 
ñ6ÿ%d%% %s

ñ7ÿAtmosphere: 
ñ6ÿ%s

ñ7ÿNotes: 
ñ6ÿ%s

","alt:param:number",""
"WORLDTXT.BIN",1242,"Expect above average Cybrid technologies.","


ñ8ÿPlanet Information: %s
ñ6ÿ
%s

ñ7ÿTerrain: 
ñ6ÿ%s  %s  %s

ñ7ÿGravity: 
ñ6ÿ%d%% %s

ñ7ÿAtmosphere: 
ñ6ÿ%s

ñ7ÿNotes: 
ñ6ÿ%s

","alt:param:number",""
"WORLDTXT.BIN",1243,"Expect above average Cybrid technologies.","


ñ8ÿPlanet Information: %s
ñ6ÿ
%s

ñ7ÿTerrain: 
ñ6ÿ%s  %s  %s

ñ7ÿGravity: 
ñ6ÿ%d%% %s

ñ7ÿAtmosphere: 
ñ6ÿ%s

ñ7ÿNotes: 
ñ6ÿ%s

","alt:param:number",""
"WORLDTXT.BIN",1244,"Expect above average Cybrid technologies.","


ñ8ÿPlanet Information: %s
ñ6ÿ
%s

ñ7ÿTerrain: 
ñ6ÿ%s  %s  %s

ñ7ÿGravity: 
ñ6ÿ%d%% %s

ñ7ÿAtmosphere: 
ñ6ÿ%s

ñ7ÿNotes: 
ñ6ÿ%s

","alt:param:number",""
"WORLDTXT.BIN",1245,"Expect above average Cybrid technologies.","


ñ8ÿPlanet Information: %s
ñ6ÿ
%s

ñ7ÿTerrain: 
ñ6ÿ%s  %s  %s

ñ7ÿGravity: 
ñ6ÿ%d%% %s

ñ7ÿAtmosphere: 
ñ6ÿ%s

ñ7ÿNotes: 
ñ6ÿ%s

","alt:param:number",""
"WORLDTXT.BIN",1246,"Expect above average Cybrid technologies.","


ñ8ÿPlanet Information: %s
ñ6ÿ
%s

ñ7ÿTerrain: 
ñ6ÿ%s  %s  %s

ñ7ÿGravity: 
ñ6ÿ%d%% %s

ñ7ÿAtmosphere: 
ñ6ÿ%s

ñ7ÿNotes: 
ñ6ÿ%s

","alt:param:number",""
"WORLDTXT.BIN",1247,"Expect above average Cybrid technologies.","


ñ8ÿPlanet Information: %s
ñ6ÿ
%s

ñ7ÿTerrain: 
ñ6ÿ%s  %s  %s

ñ7ÿGravity: 
ñ6ÿ%d%% %s

ñ7ÿAtmosphere: 
ñ6ÿ%s

ñ7ÿNotes: 
ñ6ÿ%s

","alt:param:number",""
"WORLDTXT.BIN",1248,"Expect above average Cybrid technologies.","


ñ8ÿPlanet Information: %s
ñ6ÿ
%s

ñ7ÿTerrain: 
ñ6ÿ%s  %s  %s

ñ7ÿGravity: 
ñ6ÿ%d%% %s

ñ7ÿAtmosphere: 
ñ6ÿ%s

ñ7ÿNotes: 
ñ6ÿ%s

","alt:param:number",""
"WORLDTXT.BIN",1249,"Expect above average Cybrid technologies.","


ñ8ÿPlanet Information: %s
ñ6ÿ
%s

ñ7ÿTerrain: 
ñ6ÿ%s  %s  %s

ñ7ÿGravity: 
ñ6ÿ%d%% %s

ñ7ÿAtmosphere: 
ñ6ÿ%s

ñ7ÿNotes: 
ñ6ÿ%s

","alt:param:number",""
"WORLDTXT.BIN",1250,"Expect above average Cybrid technologies.","


ñ8ÿPlanet Information: %s
ñ6ÿ
%s

ñ7ÿTerrain: 
ñ6ÿ%s  %s  %s

ñ7ÿGravity: 
ñ6ÿ%d%% %s

ñ7ÿAtmosphere: 
ñ6ÿ%s

ñ7ÿNotes: 
ñ6ÿ%s

","alt:param:number",""
"WORLDTXT.BIN",1251,"Expect above average Cybrid technologies.","


ñ8ÿPlanet Information: %s
ñ6ÿ
%s

ñ7ÿTerrain: 
ñ6ÿ%s  %s  %s

ñ7ÿGravity: 
ñ6ÿ%d%% %s

ñ7ÿAtmosphere: 
ñ6ÿ%s

ñ7ÿNotes: 
ñ6ÿ%s

","alt:param:number",""
"WORLDTXT.BIN",1252,"Expect above average Cybrid technologies.","


ñ8ÿPlanet Information: %s
ñ6ÿ
%s

ñ7ÿTerrain: 
ñ6ÿ%s  %s  %s

ñ7ÿGravity: 
ñ6ÿ%d%% %s

ñ7ÿAtmosphere: 
ñ6ÿ%s

ñ7ÿNotes: 
ñ6ÿ%s

","alt:param:number",""
"WORLDTXT.BIN",1253,"Expect above average Cybrid technologies.","


ñ8ÿPlanet Information: %s
ñ6ÿ
%s

ñ7ÿTerrain: 
ñ6ÿ%s  %s  %s

ñ7ÿGravity: 
ñ6ÿ%d%% %s

ñ7ÿAtmosphere: 
ñ6ÿ%s

ñ7ÿNotes: 
ñ6ÿ%s

","alt:param:number",""
"WORLDTXT.BIN",1254,"Expect above average Cybrid technologies.","


ñ8ÿPlanet Information: %s
ñ6ÿ
%s

ñ7ÿTerrain: 
ñ6ÿ%s  %s  %s

ñ7ÿGravity: 
ñ6ÿ%d%% %s

ñ7ÿAtmosphere: 
ñ6ÿ%s

ñ7ÿNotes: 
ñ6ÿ%s

","alt:param:number",""
"WORLDTXT.BIN",1255,"Expect above average Cybrid technologies.","


ñ8ÿPlanet Information: %s
ñ6ÿ
%s

ñ7ÿTerrain: 
ñ6ÿ%s  %s  %s

ñ7ÿGravity: 
ñ6ÿ%d%% %s

ñ7ÿAtmosphere: 
ñ6ÿ%s

ñ7ÿNotes: 
ñ6ÿ%s

","alt:param:number",""
"WORLDTXT.BIN",1256,"Expect above average Cybrid technologies.","


ñ8ÿPlanet Information: %s
ñ6ÿ
%s

ñ7ÿTerrain: 
ñ6ÿ%s  %s  %s

ñ7ÿGravity: 
ñ6ÿ%d%% %s

ñ7ÿAtmosphere: 
ñ6ÿ%s

ñ7ÿNotes: 
ñ6ÿ%s

","alt:param:number",""
"WORLDTXT.BIN",1257,"Expect above average Cybrid technologies.","


ñ8ÿPlanet Information: %s
ñ6ÿ
%s

ñ7ÿTerrain: 
ñ6ÿ%s  %s  %s

ñ7ÿGravity: 
ñ6ÿ%d%% %s

ñ7ÿAtmosphere: 
ñ6ÿ%s

ñ7ÿNotes: 
ñ6ÿ%s

","alt:param:number",""
"WORLDTXT.BIN",1258,"Expect above average Cybrid technologies.","


ñ8ÿPlanet Information: %s
ñ6ÿ
%s

ñ7ÿTerrain: 
ñ6ÿ%s  %s  %s

ñ7ÿGravity: 
ñ6ÿ%d%% %s

ñ7ÿAtmosphere: 
ñ6ÿ%s

ñ7ÿNotes: 
ñ6ÿ%s

","alt:param:number",""
"WORLDTXT.BIN",1259,"Expect above average Cybrid technologies.","


ñ8ÿPlanet Information: %s
ñ6ÿ
%s

ñ7ÿTerrain: 
ñ6ÿ%s  %s  %s

ñ7ÿGravity: 
ñ6ÿ%d%% %s

ñ7ÿAtmosphere: 
ñ6ÿ%s

ñ7ÿNotes: 
ñ6ÿ%s

","alt:param:number",""
"WORLDTXT.BIN",1260,"Expect above average Cybrid technologies.","


ñ8ÿPlanet Information: %s
ñ6ÿ
%s

ñ7ÿTerrain: 
ñ6ÿ%s  %s  %s

ñ7ÿGravity: 
ñ6ÿ%d%% %s

ñ7ÿAtmosphere: 
ñ6ÿ%s

ñ7ÿNotes: 
ñ6ÿ%s

","alt:param:number",""
"WORLDTXT.BIN",1261,"Expect above average Cybrid technologies.","


ñ8ÿPlanet Information: %s
ñ6ÿ
%s

ñ7ÿTerrain: 
ñ6ÿ%s  %s  %s

ñ7ÿGravity: 
ñ6ÿ%d%% %s

ñ7ÿAtmosphere: 
ñ6ÿ%s

ñ7ÿNotes: 
ñ6ÿ%s

","alt:param:number",""
"WORLDTXT.BIN",1262,"Expect above average Cybrid technologies.","


ñ8ÿPlanet Information: %s
ñ6ÿ
%s

ñ7ÿTerrain: 
ñ6ÿ%s  %s  %s

ñ7ÿGravity: 
ñ6ÿ%d%% %s

ñ7ÿAtmosphere: 
ñ6ÿ%s

ñ7ÿNotes: 
ñ6ÿ%s

","alt:param:number",""
"WORLDTXT.BIN",1263,"Expect above average Cybrid technologies.","


ñ8ÿPlanet Information: %s
ñ6ÿ
%s

ñ7ÿTerrain: 
ñ6ÿ%s  %s  %s

ñ7ÿGravity: 
ñ6ÿ%d%% %s

ñ7ÿAtmosphere: 
ñ6ÿ%s

ñ7ÿNotes: 
ñ6ÿ%s

","alt:param:number",""
"WORLDTXT.BIN",1264,"Expect above average Cybrid technologies.","


ñ8ÿPlanet Information: %s
ñ6ÿ
%s

ñ7ÿTerrain: 
ñ6ÿ%s  %s  %s

ñ7ÿGravity: 
ñ6ÿ%d%% %s

ñ7ÿAtmosphere: 
ñ6ÿ%s

ñ7ÿNotes: 
ñ6ÿ%s

","alt:param:number",""
"WORLDTXT.BIN",1265,"Expect above average Cybrid technologies.","


ñ8ÿPlanet Information: %s
ñ6ÿ
%s

ñ7ÿTerrain: 
ñ6ÿ%s  %s  %s

ñ7ÿGravity: 
ñ6ÿ%d%% %s

ñ7ÿAtmosphere: 
ñ6ÿ%s

ñ7ÿNotes: 
ñ6ÿ%s

","alt:param:number",""
"WORLDTXT.BIN",1266,"Expect above average Cybrid technologies.","


ñ8ÿPlanet Information: %s
ñ6ÿ
%s

ñ7ÿTerrain: 
ñ6ÿ%s  %s  %s

ñ7ÿGravity: 
ñ6ÿ%d%% %s

ñ7ÿAtmosphere: 
ñ6ÿ%s

ñ7ÿNotes: 
ñ6ÿ%s

","alt:param:number",""
"WORLDTXT.BIN",1267,"Expect above average Cybrid technologies.","


ñ8ÿPlanet Information: %s
ñ6ÿ
%s

ñ7ÿTerrain: 
ñ6ÿ%s  %s  %s

ñ7ÿGravity: 
ñ6ÿ%d%% %s

ñ7ÿAtmosphere: 
ñ6ÿ%s

ñ7ÿNotes: 
ñ6ÿ%s

","alt:param:number",""
"WORLDTXT.BIN",1268,"Expect above average Cybrid technologies.","


ñ8ÿPlanet Information: %s
ñ6ÿ
%s

ñ7ÿTerrain: 
ñ6ÿ%s  %s  %s

ñ7ÿGravity: 
ñ6ÿ%d%% %s

ñ7ÿAtmosphere: 
ñ6ÿ%s

ñ7ÿNotes: 
ñ6ÿ%s

","alt:param:number",""
"WORLDTXT.BIN",1269,"Expect above average Cybrid technologies.","


ñ8ÿPlanet Information: %s
ñ6ÿ
%s

ñ7ÿTerrain: 
ñ6ÿ%s  %s  %s

ñ7ÿGravity: 
ñ6ÿ%d%% %s

ñ7ÿAtmosphere: 
ñ6ÿ%s

ñ7ÿNotes: 
ñ6ÿ%s

","alt:param:number",""
"WORLDTXT.BIN",1270,"Expect above average Cybrid technologies.","


ñ8ÿPlanet Information: %s
ñ6ÿ
%s

ñ7ÿTerrain: 
ñ6ÿ%s  %s  %s

ñ7ÿGravity: 
ñ6ÿ%d%% %s

ñ7ÿAtmosphere: 
ñ6ÿ%s

ñ7ÿNotes: 
ñ6ÿ%s

","alt:param:number",""
"WORLDTXT.BIN",1271,"Expect above average Cybrid technologies.","


ñ8ÿPlanet Information: %s
ñ6ÿ
%s

ñ7ÿTerrain: 
ñ6ÿ%s  %s  %s

ñ7ÿGravity: 
ñ6ÿ%d%% %s

ñ7ÿAtmosphere: 
ñ6ÿ%s

ñ7ÿNotes: 
ñ6ÿ%s

","alt:param:number",""
"WORLDTXT.BIN",1272,"Expect above average Cybrid technologies.","


ñ8ÿPlanet Information: %s
ñ6ÿ
%s

ñ7ÿTerrain: 
ñ6ÿ%s  %s  %s

ñ7ÿGravity: 
ñ6ÿ%d%% %s

ñ7ÿAtmosphere: 
ñ6ÿ%s

ñ7ÿNotes: 
ñ6ÿ%s

","alt:param:number",""
"WORLDTXT.BIN",1273,"Expect above average Cybrid technologies.","


ñ8ÿPlanet Information: %s
ñ6ÿ
%s

ñ7ÿTerrain: 
ñ6ÿ%s  %s  %s

ñ7ÿGravity: 
ñ6ÿ%d%% %s

ñ7ÿAtmosphere: 
ñ6ÿ%s

ñ7ÿNotes: 
ñ6ÿ%s

","alt:param:number",""
"WORLDTXT.BIN",1274,"Expect above average Cybrid technologies.","


ñ8ÿPlanet Information: %s
ñ6ÿ
%s

ñ7ÿTerrain: 
ñ6ÿ%s  %s  %s

ñ7ÿGravity: 
ñ6ÿ%d%% %s

ñ7ÿAtmosphere: 
ñ6ÿ%s

ñ7ÿNotes: 
ñ6ÿ%s

","alt:param:number",""
"WORLDTXT.BIN",1275,"Expect above average Cybrid technologies.","


ñ8ÿPlanet Information: %s
ñ6ÿ
%s

ñ7ÿTerrain: 
ñ6ÿ%s  %s  %s

ñ7ÿGravity: 
ñ6ÿ%d%% %s

ñ7ÿAtmosphere: 
ñ6ÿ%s

ñ7ÿNotes: 
ñ6ÿ%s

","alt:param:number",""
"WORLDTXT.BIN",1276,"Expect above average Cybrid technologies.","


ñ8ÿPlanet Information: %s
ñ6ÿ
%s

ñ7ÿTerrain: 
ñ6ÿ%s  %s  %s

ñ7ÿGravity: 
ñ6ÿ%d%% %s

ñ7ÿAtmosphere: 
ñ6ÿ%s

ñ7ÿNotes: 
ñ6ÿ%s

","alt:param:number",""
"WORLDTXT.BIN",1277,"Expect above average Cybrid technologies.","


ñ8ÿPlanet Information: %s
ñ6ÿ
%s

ñ7ÿTerrain: 
ñ6ÿ%s  %s  %s

ñ7ÿGravity: 
ñ6ÿ%d%% %s

ñ7ÿAtmosphere: 
ñ6ÿ%s

ñ7ÿNotes: 
ñ6ÿ%s

","alt:param:number",""
"WORLDTXT.BIN",1278,"Expect above average Cybrid technologies.","


ñ8ÿPlanet Information: %s
ñ6ÿ
%s

ñ7ÿTerrain: 
ñ6ÿ%s  %s  %s

ñ7ÿGravity: 
ñ6ÿ%d%% %s

ñ7ÿAtmosphere: 
ñ6ÿ%s

ñ7ÿNotes: 
ñ6ÿ%s

","alt:param:number",""
"WORLDTXT.BIN",1279,"Expect above average Cybrid technologies.","


ñ8ÿPlanet Information: %s
ñ6ÿ
%s

ñ7ÿTerrain: 
ñ6ÿ%s  %s  %s

ñ7ÿGravity: 
ñ6ÿ%d%% %s

ñ7ÿAtmosphere: 
ñ6ÿ%s

ñ7ÿNotes: 
ñ6ÿ%s

","alt:param:number",""
"WORLDTXT.BIN",1280,"Expect above average Cybrid technologies.","


ñ8ÿPlanet Information: %s
ñ6ÿ
%s

ñ7ÿTerrain: 
ñ6ÿ%s  %s  %s

ñ7ÿGravity: 
ñ6ÿ%d%% %s

ñ7ÿAtmosphere: 
ñ6ÿ%s

ñ7ÿNotes: 
ñ6ÿ%s

","alt:param:number",""
"WORLDTXT.BIN",1281,"Expect above average Cybrid technologies.","


ñ8ÿPlanet Information: %s
ñ6ÿ
%s

ñ7ÿTerrain: 
ñ6ÿ%s  %s  %s

ñ7ÿGravity: 
ñ6ÿ%d%% %s

ñ7ÿAtmosphere: 
ñ6ÿ%s

ñ7ÿNotes: 
ñ6ÿ%s

","alt:param:number",""
"WORLDTXT.BIN",1282,"Expect above average Cybrid technologies.","


ñ8ÿPlanet Information: %s
ñ6ÿ
%s

ñ7ÿTerrain: 
ñ6ÿ%s  %s  %s

ñ7ÿGravity: 
ñ6ÿ%d%% %s

ñ7ÿAtmosphere: 
ñ6ÿ%s

ñ7ÿNotes: 
ñ6ÿ%s

","alt:param:number",""
"WORLDTXT.BIN",1283,"Expect above average Cybrid technologies.","


ñ8ÿPlanet Information: %s
ñ6ÿ
%s

ñ7ÿTerrain: 
ñ6ÿ%s  %s  %s

ñ7ÿGravity: 
ñ6ÿ%d%% %s

ñ7ÿAtmosphere: 
ñ6ÿ%s

ñ7ÿNotes: 
ñ6ÿ%s

","alt:param:number",""
"WORLDTXT.BIN",1284,"Expect above average Cybrid technologies.","


ñ8ÿPlanet Information: %s
ñ6ÿ
%s

ñ7ÿTerrain: 
ñ6ÿ%s  %s  %s

ñ7ÿGravity: 
ñ6ÿ%d%% %s

ñ7ÿAtmosphere: 
ñ6ÿ%s

ñ7ÿNotes: 
ñ6ÿ%s

","alt:param:number",""
"WORLDTXT.BIN",1285,"Expect above average Cybrid technologies.","


ñ8ÿPlanet Information: %s
ñ6ÿ
%s

ñ7ÿTerrain: 
ñ6ÿ%s  %s  %s

ñ7ÿGravity: 
ñ6ÿ%d%% %s

ñ7ÿAtmosphere: 
ñ6ÿ%s

ñ7ÿNotes: 
ñ6ÿ%s

","alt:param:number",""
"WORLDTXT.BIN",1286,"Expect above average Cybrid technologies.","


ñ8ÿPlanet Information: %s
ñ6ÿ
%s

ñ7ÿTerrain: 
ñ6ÿ%s  %s  %s

ñ7ÿGravity: 
ñ6ÿ%d%% %s

ñ7ÿAtmosphere: 
ñ6ÿ%s

ñ7ÿNotes: 
ñ6ÿ%s

","alt:param:number",""
"WORLDTXT.BIN",1287,"Expect above average Cybrid technologies.","


ñ8ÿPlanet Information: %s
ñ6ÿ
%s

ñ7ÿTerrain: 
ñ6ÿ%s  %s  %s

ñ7ÿGravity: 
ñ6ÿ%d%% %s

ñ7ÿAtmosphere: 
ñ6ÿ%s

ñ7ÿNotes: 
ñ6ÿ%s

","alt:param:number",""
"WORLDTXT.BIN",1288,"Expect above average Cybrid technologies.","


ñ8ÿPlanet Information: %s
ñ6ÿ
%s

ñ7ÿTerrain: 
ñ6ÿ%s  %s  %s

ñ7ÿGravity: 
ñ6ÿ%d%% %s

ñ7ÿAtmosphere: 
ñ6ÿ%s

ñ7ÿNotes: 
ñ6ÿ%s

","alt:param:number",""
"WORLDTXT.BIN",1289,"Expect above average Cybrid technologies.","


ñ8ÿPlanet Information: %s
ñ6ÿ
%s

ñ7ÿTerrain: 
ñ6ÿ%s  %s  %s

ñ7ÿGravity: 
ñ6ÿ%d%% %s

ñ7ÿAtmosphere: 
ñ6ÿ%s

ñ7ÿNotes: 
ñ6ÿ%s

","alt:param:number",""
"WORLDTXT.BIN",1290,"Expect above average Cybrid technologies.","


ñ8ÿPlanet Information: %s
ñ6ÿ
%s

ñ7ÿTerrain: 
ñ6ÿ%s  %s  %s

ñ7ÿGravity: 
ñ6ÿ%d%% %s

ñ7ÿAtmosphere: 
ñ6ÿ%s

ñ7ÿNotes: 
ñ6ÿ%s

","alt:param:number",""
"WORLDTXT.BIN",1291,"Expect above average Cybrid technologies.","


ñ8ÿPlanet Information: %s
ñ6ÿ
%s

ñ7ÿTerrain: 
ñ6ÿ%s  %s  %s

ñ7ÿGravity: 
ñ6ÿ%d%% %s

ñ7ÿAtmosphere: 
ñ6ÿ%s

ñ7ÿNotes: 
ñ6ÿ%s

","alt:param:number",""
"WORLDTXT.BIN",1292,"Expect above average Cybrid technologies.","


ñ8ÿPlanet Information: %s
ñ6ÿ
%s

ñ7ÿTerrain: 
ñ6ÿ%s  %s  %s

ñ7ÿGravity: 
ñ6ÿ%d%% %s

ñ7ÿAtmosphere: 
ñ6ÿ%s

ñ7ÿNotes: 
ñ6ÿ%s

","alt:param:number",""
"WORLDTXT.BIN",1293,"Expect above average Cybrid technologies.","


ñ8ÿPlanet Information: %s
ñ6ÿ
%s

ñ7ÿTerrain: 
ñ6ÿ%s  %s  %s

ñ7ÿGravity: 
ñ6ÿ%d%% %s

ñ7ÿAtmosphere: 
ñ6ÿ%s

ñ7ÿNotes: 
ñ6ÿ%s

","alt:param:number",""
"WORLDTXT.BIN",1294,"Expect above average Cybrid technologies.","


ñ8ÿPlanet Information: %s
ñ6ÿ
%s

ñ7ÿTerrain: 
ñ6ÿ%s  %s  %s

ñ7ÿGravity: 
ñ6ÿ%d%% %s

ñ7ÿAtmosphere: 
ñ6ÿ%s

ñ7ÿNotes: 
ñ6ÿ%s

","alt:param:number",""
"WORLDTXT.BIN",1295,"Expect above average Cybrid technologies.","


ñ8ÿPlanet Information: %s
ñ6ÿ
%s

ñ7ÿTerrain: 
ñ6ÿ%s  %s  %s

ñ7ÿGravity: 
ñ6ÿ%d%% %s

ñ7ÿAtmosphere: 
ñ6ÿ%s

ñ7ÿNotes: 
ñ6ÿ%s

","alt:param:number",""
"WORLDTXT.BIN",1296,"Expect above average Cybrid technologies.","


ñ8ÿPlanet Information: %s
ñ6ÿ
%s

ñ7ÿTerrain: 
ñ6ÿ%s  %s  %s

ñ7ÿGravity: 
ñ6ÿ%d%% %s

ñ7ÿAtmosphere: 
ñ6ÿ%s

ñ7ÿNotes: 
ñ6ÿ%s

","alt:param:number",""
"WORLDTXT.BIN",1297,"Expect above average Cybrid technologies.","


ñ8ÿPlanet Information: %s
ñ6ÿ
%s

ñ7ÿTerrain: 
ñ6ÿ%s  %s  %s

ñ7ÿGravity: 
ñ6ÿ%d%% %s

ñ7ÿAtmosphere: 
ñ6ÿ%s

ñ7ÿNotes: 
ñ6ÿ%s

","alt:param:number",""
"WORLDTXT.BIN",1298,"Expect above average Cybrid technologies.","


ñ8ÿPlanet Information: %s
ñ6ÿ
%s

ñ7ÿTerrain: 
ñ6ÿ%s  %s  %s

ñ7ÿGravity: 
ñ6ÿ%d%% %s

ñ7ÿAtmosphere: 
ñ6ÿ%s

ñ7ÿNotes: 
ñ6ÿ%s

","alt:param:number",""
"WORLDTXT.BIN",1299,"Expect above average Cybrid technologies.","


ñ8ÿPlanet Information: %s
ñ6ÿ
%s

ñ7ÿTerrain: 
ñ6ÿ%s  %s  %s

ñ7ÿGravity: 
ñ6ÿ%d%% %s

ñ7ÿAtmosphere: 
ñ6ÿ%s

ñ7ÿNotes: 
ñ6ÿ%s

","alt:param:number",""
"WORLDTXT.BIN",1300,"Expect above average Cybrid technologies.","


ñ8ÿPlanet Information: %s
ñ6ÿ
%s

ñ7ÿTerrain: 
ñ6ÿ%s  %s  %s

ñ7ÿGravity: 
ñ6ÿ%d%% %s

ñ7ÿAtmosphere: 
ñ6ÿ%s

ñ7ÿNotes: 
ñ6ÿ%s

","alt:param:number",""
"WORLDTXT.BIN",1301,"Expect above average Cybrid technologies.","


ñ8ÿPlanet Information: %s
ñ6ÿ
%s

ñ7ÿTerrain: 
ñ6ÿ%s  %s  %s

ñ7ÿGravity: 
ñ6ÿ%d%% %s

ñ7ÿAtmosphere: 
ñ6ÿ%s

ñ7ÿNotes: 
ñ6ÿ%s

","alt:param:number",""
"WORLDTXT.BIN",1302,"Expect above average Cybrid technologies.","


ñ8ÿPlanet Information: %s
ñ6ÿ
%s

ñ7ÿTerrain: 
ñ6ÿ%s  %s  %s

ñ7ÿGravity: 
ñ6ÿ%d%% %s

ñ7ÿAtmosphere: 
ñ6ÿ%s

ñ7ÿNotes: 
ñ6ÿ%s

","alt:param:number",""
"WORLDTXT.BIN",1303,"Expect above average Cybrid technologies.","


ñ8ÿPlanet Information: %s
ñ6ÿ
%s

ñ7ÿTerrain: 
ñ6ÿ%s  %s  %s

ñ7ÿGravity: 
ñ6ÿ%d%% %s

ñ7ÿAtmosphere: 
ñ6ÿ%s

ñ7ÿNotes: 
ñ6ÿ%s

","alt:param:number",""
"WORLDTXT.BIN",1304,"Expect above average Cybrid technologies.","


ñ8ÿPlanet Information: %s
ñ6ÿ
%s

ñ7ÿTerrain: 
ñ6ÿ%s  %s  %s

ñ7ÿGravity: 
ñ6ÿ%d%% %s

ñ7ÿAtmosphere: 
ñ6ÿ%s

ñ7ÿNotes: 
ñ6ÿ%s

","alt:param:number",""
"WORLDTXT.BIN",1305,"Expect above average Cybrid technologies.","


ñ8ÿPlanet Information: %s
ñ6ÿ
%s

ñ7ÿTerrain: 
ñ6ÿ%s  %s  %s

ñ7ÿGravity: 
ñ6ÿ%d%% %s

ñ7ÿAtmosphere: 
ñ6ÿ%s

ñ7ÿNotes: 
ñ6ÿ%s

","alt:param:number",""
"WORLDTXT.BIN",1306,"Expect above average Cybrid technologies.","


ñ8ÿPlanet Information: %s
ñ6ÿ
%s

ñ7ÿTerrain: 
ñ6ÿ%s  %s  %s

ñ7ÿGravity: 
ñ6ÿ%d%% %s

ñ7ÿAtmosphere: 
ñ6ÿ%s

ñ7ÿNotes: 
ñ6ÿ%s

","alt:param:number",""
"WORLDTXT.BIN",1307,"Expect above average Cybrid technologies.","


ñ8ÿPlanet Information: %s
ñ6ÿ
%s

ñ7ÿTerrain: 
ñ6ÿ%s  %s  %s

ñ7ÿGravity: 
ñ6ÿ%d%% %s

ñ7ÿAtmosphere: 
ñ6ÿ%s

ñ7ÿNotes: 
ñ6ÿ%s

","alt:param:number",""
"WORLDTXT.BIN",1308,"Expect above average Cybrid technologies.","


ñ8ÿPlanet Information: %s
ñ6ÿ
%s

ñ7ÿTerrain: 
ñ6ÿ%s  %s  %s

ñ7ÿGravity: 
ñ6ÿ%d%% %s

ñ7ÿAtmosphere: 
ñ6ÿ%s

ñ7ÿNotes: 
ñ6ÿ%s

","alt:param:number",""
"WORLDTXT.BIN",1309,"Expect above average Cybrid technologies.","


ñ8ÿPlanet Information: %s
ñ6ÿ
%s

ñ7ÿTerrain: 
ñ6ÿ%s  %s  %s

ñ7ÿGravity: 
ñ6ÿ%d%% %s

ñ7ÿAtmosphere: 
ñ6ÿ%s

ñ7ÿNotes: 
ñ6ÿ%s

","alt:param:number",""
"WORLDTXT.BIN",1310,"Expect above average Cybrid technologies.","


ñ8ÿPlanet Information: %s
ñ6ÿ
%s

ñ7ÿTerrain: 
ñ6ÿ%s  %s  %s

ñ7ÿGravity: 
ñ6ÿ%d%% %s

ñ7ÿAtmosphere: 
ñ6ÿ%s

ñ7ÿNotes: 
ñ6ÿ%s

","alt:param:number",""
"WORLDTXT.BIN",1311,"Expect above average Cybrid technologies.","


ñ8ÿPlanet Information: %s
ñ6ÿ
%s

ñ7ÿTerrain: 
ñ6ÿ%s  %s  %s

ñ7ÿGravity: 
ñ6ÿ%d%% %s

ñ7ÿAtmosphere: 
ñ6ÿ%s

ñ7ÿNotes: 
ñ6ÿ%s

","alt:param:number",""
"WORLDTXT.BIN",1312,"Expect above average Cybrid technologies.","


ñ8ÿPlanet Information: %s
ñ6ÿ
%s

ñ7ÿTerrain: 
ñ6ÿ%s  %s  %s

ñ7ÿGravity: 
ñ6ÿ%d%% %s

ñ7ÿAtmosphere: 
ñ6ÿ%s

ñ7ÿNotes: 
ñ6ÿ%s

","alt:param:number",""
"WORLDTXT.BIN",1313,"Expect above average Cybrid technologies.","


ñ8ÿPlanet Information: %s
ñ6ÿ
%s

ñ7ÿTerrain: 
ñ6ÿ%s  %s  %s

ñ7ÿGravity: 
ñ6ÿ%d%% %s

ñ7ÿAtmosphere: 
ñ6ÿ%s

ñ7ÿNotes: 
ñ6ÿ%s

","alt:param:number",""
"WORLDTXT.BIN",1314,"Expect above average Cybrid technologies.","


ñ8ÿPlanet Information: %s
ñ6ÿ
%s

ñ7ÿTerrain: 
ñ6ÿ%s  %s  %s

ñ7ÿGravity: 
ñ6ÿ%d%% %s

ñ7ÿAtmosphere: 
ñ6ÿ%s

ñ7ÿNotes: 
ñ6ÿ%s

","alt:param:number",""
"WORLDTXT.BIN",1315,"Expect above average Cybrid technologies.","


ñ8ÿPlanet Information: %s
ñ6ÿ
%s

ñ7ÿTerrain: 
ñ6ÿ%s  %s  %s

ñ7ÿGravity: 
ñ6ÿ%d%% %s

ñ7ÿAtmosphere: 
ñ6ÿ%s

ñ7ÿNotes: 
ñ6ÿ%s

","alt:param:number",""
"WORLDTXT.BIN",1316,"Expect above average Cybrid technologies.","


ñ8ÿPlanet Information: %s
ñ6ÿ
%s

ñ7ÿTerrain: 
ñ6ÿ%s  %s  %s

ñ7ÿGravity: 
ñ6ÿ%d%% %s

ñ7ÿAtmosphere: 
ñ6ÿ%s

ñ7ÿNotes: 
ñ6ÿ%s

","alt:param:number",""
"WORLDTXT.BIN",1317,"Expect above average Cybrid technologies.","


ñ8ÿPlanet Information: %s
ñ6ÿ
%s

ñ7ÿTerrain: 
ñ6ÿ%s  %s  %s

ñ7ÿGravity: 
ñ6ÿ%d%% %s

ñ7ÿAtmosphere: 
ñ6ÿ%s

ñ7ÿNotes: 
ñ6ÿ%s

","alt:param:number",""
"WORLDTXT.BIN",1318,"Expect above average Cybrid technologies.","


ñ8ÿPlanet Information: %s
ñ6ÿ
%s

ñ7ÿTerrain: 
ñ6ÿ%s  %s  %s

ñ7ÿGravity: 
ñ6ÿ%d%% %s

ñ7ÿAtmosphere: 
ñ6ÿ%s

ñ7ÿNotes: 
ñ6ÿ%s

","alt:param:number",""
"WORLDTXT.BIN",1319,"Expect above average Cybrid technologies.","


ñ8ÿPlanet Information: %s
ñ6ÿ
%s

ñ7ÿTerrain: 
ñ6ÿ%s  %s  %s

ñ7ÿGravity: 
ñ6ÿ%d%% %s

ñ7ÿAtmosphere: 
ñ6ÿ%s

ñ7ÿNotes: 
ñ6ÿ%s

","alt:param:number",""
"WORLDTXT.BIN",1320,"Expect above average Cybrid technologies.","


ñ8ÿPlanet Information: %s
ñ6ÿ
%s

ñ7ÿTerrain: 
ñ6ÿ%s  %s  %s

ñ7ÿGravity: 
ñ6ÿ%d%% %s

ñ7ÿAtmosphere: 
ñ6ÿ%s

ñ7ÿNotes: 
ñ6ÿ%s

","alt:param:number",""
"WORLDTXT.BIN",1321,"Expect above average Cybrid technologies.","


ñ8ÿPlanet Information: %s
ñ6ÿ
%s

ñ7ÿTerrain: 
ñ6ÿ%s  %s  %s

ñ7ÿGravity: 
ñ6ÿ%d%% %s

ñ7ÿAtmosphere: 
ñ6ÿ%s

ñ7ÿNotes: 
ñ6ÿ%s

","alt:param:number",""
"WORLDTXT.BIN",1322,"Expect above average Cybrid technologies.","


ñ8ÿPlanet Information: %s
ñ6ÿ
%s

ñ7ÿTerrain: 
ñ6ÿ%s  %s  %s

ñ7ÿGravity: 
ñ6ÿ%d%% %s

ñ7ÿAtmosphere: 
ñ6ÿ%s

ñ7ÿNotes: 
ñ6ÿ%s

","alt:param:number",""
"WORLDTXT.BIN",1323,"Expect above average Cybrid technologies.","


ñ8ÿPlanet Information: %s
ñ6ÿ
%s

ñ7ÿTerrain: 
ñ6ÿ%s  %s  %s

ñ7ÿGravity: 
ñ6ÿ%d%% %s

ñ7ÿAtmosphere: 
ñ6ÿ%s

ñ7ÿNotes: 
ñ6ÿ%s

","alt:param:number",""
"WORLDTXT.BIN",1324,"Expect above average Cybrid technologies.","


ñ8ÿPlanet Information: %s
ñ6ÿ
%s

ñ7ÿTerrain: 
ñ6ÿ%s  %s  %s

ñ7ÿGravity: 
ñ6ÿ%d%% %s

ñ7ÿAtmosphere: 
ñ6ÿ%s

ñ7ÿNotes: 
ñ6ÿ%s

","alt:param:number",""
"WORLDTXT.BIN",1325,"Expect above average Cybrid technologies.","


ñ8ÿPlanet Information: %s
ñ6ÿ
%s

ñ7ÿTerrain: 
ñ6ÿ%s  %s  %s

ñ7ÿGravity: 
ñ6ÿ%d%% %s

ñ7ÿAtmosphere: 
ñ6ÿ%s

ñ7ÿNotes: 
ñ6ÿ%s

","alt:param:number",""
"WORLDTXT.BIN",1326,"Expect above average Cybrid technologies.","


ñ8ÿPlanet Information: %s
ñ6ÿ
%s

ñ7ÿTerrain: 
ñ6ÿ%s  %s  %s

ñ7ÿGravity: 
ñ6ÿ%d%% %s

ñ7ÿAtmosphere: 
ñ6ÿ%s

ñ7ÿNotes: 
ñ6ÿ%s

","alt:param:number",""
"WORLDTXT.BIN",1327,"Expect above average Cybrid technologies.","


ñ8ÿPlanet Information: %s
ñ6ÿ
%s

ñ7ÿTerrain: 
ñ6ÿ%s  %s  %s

ñ7ÿGravity: 
ñ6ÿ%d%% %s

ñ7ÿAtmosphere: 
ñ6ÿ%s

ñ7ÿNotes: 
ñ6ÿ%s

","alt:param:number",""
"WORLDTXT.BIN",1328,"Expect above average Cybrid technologies.","


ñ8ÿPlanet Information: %s
ñ6ÿ
%s

ñ7ÿTerrain: 
ñ6ÿ%s  %s  %s

ñ7ÿGravity: 
ñ6ÿ%d%% %s

ñ7ÿAtmosphere: 
ñ6ÿ%s

ñ7ÿNotes: 
ñ6ÿ%s

","alt:param:number",""
"WORLDTXT.BIN",1329,"Expect above average Cybrid technologies.","


ñ8ÿPlanet Information: %s
ñ6ÿ
%s

ñ7ÿTerrain: 
ñ6ÿ%s  %s  %s

ñ7ÿGravity: 
ñ6ÿ%d%% %s

ñ7ÿAtmosphere: 
ñ6ÿ%s

ñ7ÿNotes: 
ñ6ÿ%s

","alt:param:number",""
"WORLDTXT.BIN",1330,"Expect above average Cybrid technologies.","


ñ8ÿPlanet Information: %s
ñ6ÿ
%s

ñ7ÿTerrain: 
ñ6ÿ%s  %s  %s

ñ7ÿGravity: 
ñ6ÿ%d%% %s

ñ7ÿAtmosphere: 
ñ6ÿ%s

ñ7ÿNotes: 
ñ6ÿ%s

","alt:param:number",""
"WORLDTXT.BIN",1331,"Expect above average Cybrid technologies.","


ñ8ÿPlanet Information: %s
ñ6ÿ
%s

ñ7ÿTerrain: 
ñ6ÿ%s  %s  %s

ñ7ÿGravity: 
ñ6ÿ%d%% %s

ñ7ÿAtmosphere: 
ñ6ÿ%s

ñ7ÿNotes: 
ñ6ÿ%s

","alt:param:number",""
"WORLDTXT.BIN",1332,"Expect above average Cybrid technologies.","


ñ8ÿPlanet Information: %s
ñ6ÿ
%s

ñ7ÿTerrain: 
ñ6ÿ%s  %s  %s

ñ7ÿGravity: 
ñ6ÿ%d%% %s

ñ7ÿAtmosphere: 
ñ6ÿ%s

ñ7ÿNotes: 
ñ6ÿ%s

","alt:param:number",""
"WORLDTXT.BIN",1333,"Expect above average Cybrid technologies.","


ñ8ÿPlanet Information: %s
ñ6ÿ
%s

ñ7ÿTerrain: 
ñ6ÿ%s  %s  %s

ñ7ÿGravity: 
ñ6ÿ%d%% %s

ñ7ÿAtmosphere: 
ñ6ÿ%s

ñ7ÿNotes: 
ñ6ÿ%s

","alt:param:number",""
"WORLDTXT.BIN",1334,"Expect above average Cybrid technologies.","


ñ8ÿPlanet Information: %s
ñ6ÿ
%s

ñ7ÿTerrain: 
ñ6ÿ%s  %s  %s

ñ7ÿGravity: 
ñ6ÿ%d%% %s

ñ7ÿAtmosphere: 
ñ6ÿ%s

ñ7ÿNotes: 
ñ6ÿ%s

","alt:param:number",""
"WORLDTXT.BIN",1335,"Expect above average Cybrid technologies.","


ñ8ÿPlanet Information: %s
ñ6ÿ
%s

ñ7ÿTerrain: 
ñ6ÿ%s  %s  %s

ñ7ÿGravity: 
ñ6ÿ%d%% %s

ñ7ÿAtmosphere: 
ñ6ÿ%s

ñ7ÿNotes: 
ñ6ÿ%s

","alt:param:number",""
"WORLDTXT.BIN",1336,"Expect above average Cybrid technologies.","


ñ8ÿPlanet Information: %s
ñ6ÿ
%s

ñ7ÿTerrain: 
ñ6ÿ%s  %s  %s

ñ7ÿGravity: 
ñ6ÿ%d%% %s

ñ7ÿAtmosphere: 
ñ6ÿ%s

ñ7ÿNotes: 
ñ6ÿ%s

","alt:param:number",""
"WORLDTXT.BIN",1337,"Expect above average Cybrid technologies.","


ñ8ÿPlanet Information: %s
ñ6ÿ
%s

ñ7ÿTerrain: 
ñ6ÿ%s  %s  %s

ñ7ÿGravity: 
ñ6ÿ%d%% %s

ñ7ÿAtmosphere: 
ñ6ÿ%s

ñ7ÿNotes: 
ñ6ÿ%s

","alt:param:number",""
"WORLDTXT.BIN",1338,"Expect above average Cybrid technologies.","


ñ8ÿPlanet Information: %s
ñ6ÿ
%s

ñ7ÿTerrain: 
ñ6ÿ%s  %s  %s

ñ7ÿGravity: 
ñ6ÿ%d%% %s

ñ7ÿAtmosphere: 
ñ6ÿ%s

ñ7ÿNotes: 
ñ6ÿ%s

","alt:param:number",""
"WORLDTXT.BIN",1339,"Expect above average Cybrid technologies.","


ñ8ÿPlanet Information: %s
ñ6ÿ
%s

ñ7ÿTerrain: 
ñ6ÿ%s  %s  %s

ñ7ÿGravity: 
ñ6ÿ%d%% %s

ñ7ÿAtmosphere: 
ñ6ÿ%s

ñ7ÿNotes: 
ñ6ÿ%s

","alt:param:number",""
"WORLDTXT.BIN",1340,"Expect above average Cybrid technologies.","


ñ8ÿPlanet Information: %s
ñ6ÿ
%s

ñ7ÿTerrain: 
ñ6ÿ%s  %s  %s

ñ7ÿGravity: 
ñ6ÿ%d%% %s

ñ7ÿAtmosphere: 
ñ6ÿ%s

ñ7ÿNotes: 
ñ6ÿ%s

","alt:param:number",""
"WORLDTXT.BIN",1341,"Expect above average Cybrid technologies.","


ñ8ÿPlanet Information: %s
ñ6ÿ
%s

ñ7ÿTerrain: 
ñ6ÿ%s  %s  %s

ñ7ÿGravity: 
ñ6ÿ%d%% %s

ñ7ÿAtmosphere: 
ñ6ÿ%s

ñ7ÿNotes: 
ñ6ÿ%s

","alt:param:number",""
"WORLDTXT.BIN",1342,"Expect above average Cybrid technologies.","


ñ8ÿPlanet Information: %s
ñ6ÿ
%s

ñ7ÿTerrain: 
ñ6ÿ%s  %s  %s

ñ7ÿGravity: 
ñ6ÿ%d%% %s

ñ7ÿAtmosphere: 
ñ6ÿ%s

ñ7ÿNotes: 
ñ6ÿ%s

","alt:param:number",""
"WORLDTXT.BIN",1343,"Expect above average Cybrid technologies.","


ñ8ÿPlanet Information: %s
ñ6ÿ
%s

ñ7ÿTerrain: 
ñ6ÿ%s  %s  %s

ñ7ÿGravity: 
ñ6ÿ%d%% %s

ñ7ÿAtmosphere: 
ñ6ÿ%s

ñ7ÿNotes: 
ñ6ÿ%s

","alt:param:number",""
"WORLDTXT.BIN",1344,"Expect above average Cybrid technologies.","


ñ8ÿPlanet Information: %s
ñ6ÿ
%s

ñ7ÿTerrain: 
ñ6ÿ%s  %s  %s

ñ7ÿGravity: 
ñ6ÿ%d%% %s

ñ7ÿAtmosphere: 
ñ6ÿ%s

ñ7ÿNotes: 
ñ6ÿ%s

","alt:param:number",""
"WORLDTXT.BIN",1345,"Expect above average Cybrid technologies.","


ñ8ÿPlanet Information: %s
ñ6ÿ
%s

ñ7ÿTerrain: 
ñ6ÿ%s  %s  %s

ñ7ÿGravity: 
ñ6ÿ%d%% %s

ñ7ÿAtmosphere: 
ñ6ÿ%s

ñ7ÿNotes: 
ñ6ÿ%s

","alt:param:number",""
"WORLDTXT.BIN",1346,"Expect above average Cybrid technologies.","


ñ8ÿPlanet Information: %s
ñ6ÿ
%s

ñ7ÿTerrain: 
ñ6ÿ%s  %s  %s

ñ7ÿGravity: 
ñ6ÿ%d%% %s

ñ7ÿAtmosphere: 
ñ6ÿ%s

ñ7ÿNotes: 
ñ6ÿ%s

","alt:param:number",""
"WORLDTXT.BIN",1347,"Expect above average Cybrid technologies.","


ñ8ÿPlanet Information: %s
ñ6ÿ
%s

ñ7ÿTerrain: 
ñ6ÿ%s  %s  %s

ñ7ÿGravity: 
ñ6ÿ%d%% %s

ñ7ÿAtmosphere: 
ñ6ÿ%s

ñ7ÿNotes: 
ñ6ÿ%s

","alt:param:number",""
"WORLDTXT.BIN",1348,"Expect above average Cybrid technologies.","


ñ8ÿPlanet Information: %s
ñ6ÿ
%s

ñ7ÿTerrain: 
ñ6ÿ%s  %s  %s

ñ7ÿGravity: 
ñ6ÿ%d%% %s

ñ7ÿAtmosphere: 
ñ6ÿ%s

ñ7ÿNotes: 
ñ6ÿ%s

","alt:param:number",""
"WORLDTXT.BIN",1349,"Expect above average Cybrid technologies.","


ñ8ÿPlanet Information: %s
ñ6ÿ
%s

ñ7ÿTerrain: 
ñ6ÿ%s  %s  %s

ñ7ÿGravity: 
ñ6ÿ%d%% %s

ñ7ÿAtmosphere: 
ñ6ÿ%s

ñ7ÿNotes: 
ñ6ÿ%s

","alt:param:number",""
"WORLDTXT.BIN",1350,"Expect above average Cybrid technologies.","


ñ8ÿPlanet Information: %s
ñ6ÿ
%s

ñ7ÿTerrain: 
ñ6ÿ%s  %s  %s

ñ7ÿGravity: 
ñ6ÿ%d%% %s

ñ7ÿAtmosphere: 
ñ6ÿ%s

ñ7ÿNotes: 
ñ6ÿ%s

","alt:param:number",""
"WORLDTXT.BIN",1351,"Expect above average Cybrid technologies.","


ñ8ÿPlanet Information: %s
ñ6ÿ
%s

ñ7ÿTerrain: 
ñ6ÿ%s  %s  %s

ñ7ÿGravity: 
ñ6ÿ%d%% %s

ñ7ÿAtmosphere: 
ñ6ÿ%s

ñ7ÿNotes: 
ñ6ÿ%s

","alt:param:number",""
"WORLDTXT.BIN",1352,"Expect above average Cybrid technologies.","


ñ8ÿPlanet Information: %s
ñ6ÿ
%s

ñ7ÿTerrain: 
ñ6ÿ%s  %s  %s

ñ7ÿGravity: 
ñ6ÿ%d%% %s

ñ7ÿAtmosphere: 
ñ6ÿ%s

ñ7ÿNotes: 
ñ6ÿ%s

","alt:param:number",""
"WORLDTXT.BIN",1353,"Expect above average Cybrid technologies.","


ñ8ÿPlanet Information: %s
ñ6ÿ
%s

ñ7ÿTerrain: 
ñ6ÿ%s  %s  %s

ñ7ÿGravity: 
ñ6ÿ%d%% %s

ñ7ÿAtmosphere: 
ñ6ÿ%s

ñ7ÿNotes: 
ñ6ÿ%s

","alt:param:number",""
"WORLDTXT.BIN",1354,"Expect above average Cybrid technologies.","


ñ8ÿPlanet Information: %s
ñ6ÿ
%s

ñ7ÿTerrain: 
ñ6ÿ%s  %s  %s

ñ7ÿGravity: 
ñ6ÿ%d%% %s

ñ7ÿAtmosphere: 
ñ6ÿ%s

ñ7ÿNotes: 
ñ6ÿ%s

","alt:param:number",""
"WORLDTXT.BIN",1355,"Expect above average Cybrid technologies.","


ñ8ÿPlanet Information: %s
ñ6ÿ
%s

ñ7ÿTerrain: 
ñ6ÿ%s  %s  %s

ñ7ÿGravity: 
ñ6ÿ%d%% %s

ñ7ÿAtmosphere: 
ñ6ÿ%s

ñ7ÿNotes: 
ñ6ÿ%s

","alt:param:number",""
"WORLDTXT.BIN",1356,"Expect above average Cybrid technologies.","


ñ8ÿPlanet Information: %s
ñ6ÿ
%s

ñ7ÿTerrain: 
ñ6ÿ%s  %s  %s

ñ7ÿGravity: 
ñ6ÿ%d%% %s

ñ7ÿAtmosphere: 
ñ6ÿ%s

ñ7ÿNotes: 
ñ6ÿ%s

","alt:param:number",""
"WORLDTXT.BIN",1357,"Expect above average Cybrid technologies.","


ñ8ÿPlanet Information: %s
ñ6ÿ
%s

ñ7ÿTerrain: 
ñ6ÿ%s  %s  %s

ñ7ÿGravity: 
ñ6ÿ%d%% %s

ñ7ÿAtmosphere: 
ñ6ÿ%s

ñ7ÿNotes: 
ñ6ÿ%s

","alt:param:number",""
"WORLDTXT.BIN",1358,"Expect above average Cybrid technologies.","


ñ8ÿPlanet Information: %s
ñ6ÿ
%s

ñ7ÿTerrain: 
ñ6ÿ%s  %s  %s

ñ7ÿGravity: 
ñ6ÿ%d%% %s

ñ7ÿAtmosphere: 
ñ6ÿ%s

ñ7ÿNotes: 
ñ6ÿ%s

","alt:param:number",""
"WORLDTXT.BIN",1359,"Expect above average Cybrid technologies.","


ñ8ÿPlanet Information: %s
ñ6ÿ
%s

ñ7ÿTerrain: 
ñ6ÿ%s  %s  %s

ñ7ÿGravity: 
ñ6ÿ%d%% %s

ñ7ÿAtmosphere: 
ñ6ÿ%s

ñ7ÿNotes: 
ñ6ÿ%s

","alt:param:number",""
"WORLDTXT.BIN",1360,"Expect above average Cybrid technologies.","


ñ8ÿPlanet Information: %s
ñ6ÿ
%s

ñ7ÿTerrain: 
ñ6ÿ%s  %s  %s

ñ7ÿGravity: 
ñ6ÿ%d%% %s

ñ7ÿAtmosphere: 
ñ6ÿ%s

ñ7ÿNotes: 
ñ6ÿ%s

","alt:param:number",""
"WORLDTXT.BIN",1361,"Expect above average Cybrid technologies.","


ñ8ÿPlanet Information: %s
ñ6ÿ
%s

ñ7ÿTerrain: 
ñ6ÿ%s  %s  %s

ñ7ÿGravity: 
ñ6ÿ%d%% %s

ñ7ÿAtmosphere: 
ñ6ÿ%s

ñ7ÿNotes: 
ñ6ÿ%s

","alt:param:number",""
"WORLDTXT.BIN",1362,"Expect above average Cybrid technologies.","


ñ8ÿPlanet Information: %s
ñ6ÿ
%s

ñ7ÿTerrain: 
ñ6ÿ%s  %s  %s

ñ7ÿGravity: 
ñ6ÿ%d%% %s

ñ7ÿAtmosphere: 
ñ6ÿ%s

ñ7ÿNotes: 
ñ6ÿ%s

","alt:param:number",""
"WORLDTXT.BIN",1363,"Expect above average Cybrid technologies.","


ñ8ÿPlanet Information: %s
ñ6ÿ
%s

ñ7ÿTerrain: 
ñ6ÿ%s  %s  %s

ñ7ÿGravity: 
ñ6ÿ%d%% %s

ñ7ÿAtmosphere: 
ñ6ÿ%s

ñ7ÿNotes: 
ñ6ÿ%s

","alt:param:number",""
"WORLDTXT.BIN",1364,"Expect above average Cybrid technologies.","


ñ8ÿPlanet Information: %s
ñ6ÿ
%s

ñ7ÿTerrain: 
ñ6ÿ%s  %s  %s

ñ7ÿGravity: 
ñ6ÿ%d%% %s

ñ7ÿAtmosphere: 
ñ6ÿ%s

ñ7ÿNotes: 
ñ6ÿ%s

","alt:param:number",""
"WORLDTXT.BIN",1365,"Expect above average Cybrid technologies.","


ñ8ÿPlanet Information: %s
ñ6ÿ
%s

ñ7ÿTerrain: 
ñ6ÿ%s  %s  %s

ñ7ÿGravity: 
ñ6ÿ%d%% %s

ñ7ÿAtmosphere: 
ñ6ÿ%s

ñ7ÿNotes: 
ñ6ÿ%s

","alt:param:number",""
"WORLDTXT.BIN",1366,"Expect above average Cybrid technologies.","


ñ8ÿPlanet Information: %s
ñ6ÿ
%s

ñ7ÿTerrain: 
ñ6ÿ%s  %s  %s

ñ7ÿGravity: 
ñ6ÿ%d%% %s

ñ7ÿAtmosphere: 
ñ6ÿ%s

ñ7ÿNotes: 
ñ6ÿ%s

","alt:param:number",""
"WORLDTXT.BIN",1367,"Expect above average Cybrid technologies.","


ñ8ÿPlanet Information: %s
ñ6ÿ
%s

ñ7ÿTerrain: 
ñ6ÿ%s  %s  %s

ñ7ÿGravity: 
ñ6ÿ%d%% %s

ñ7ÿAtmosphere: 
ñ6ÿ%s

ñ7ÿNotes: 
ñ6ÿ%s

","alt:param:number",""
"WORLDTXT.BIN",1368,"Expect above average Cybrid technologies.","


ñ8ÿPlanet Information: %s
ñ6ÿ
%s

ñ7ÿTerrain: 
ñ6ÿ%s  %s  %s

ñ7ÿGravity: 
ñ6ÿ%d%% %s

ñ7ÿAtmosphere: 
ñ6ÿ%s

ñ7ÿNotes: 
ñ6ÿ%s

","alt:param:number",""
"WORLDTXT.BIN",1369,"Expect above average Cybrid technologies.","


ñ8ÿPlanet Information: %s
ñ6ÿ
%s

ñ7ÿTerrain: 
ñ6ÿ%s  %s  %s

ñ7ÿGravity: 
ñ6ÿ%d%% %s

ñ7ÿAtmosphere: 
ñ6ÿ%s

ñ7ÿNotes: 
ñ6ÿ%s

","alt:param:number",""
"WORLDTXT.BIN",1370,"Expect above average Cybrid technologies.","


ñ8ÿPlanet Information: %s
ñ6ÿ
%s

ñ7ÿTerrain: 
ñ6ÿ%s  %s  %s

ñ7ÿGravity: 
ñ6ÿ%d%% %s

ñ7ÿAtmosphere: 
ñ6ÿ%s

ñ7ÿNotes: 
ñ6ÿ%s

","alt:param:number",""
"WORLDTXT.BIN",1371,"Expect above average Cybrid technologies.","


ñ8ÿPlanet Information: %s
ñ6ÿ
%s

ñ7ÿTerrain: 
ñ6ÿ%s  %s  %s

ñ7ÿGravity: 
ñ6ÿ%d%% %s

ñ7ÿAtmosphere: 
ñ6ÿ%s

ñ7ÿNotes: 
ñ6ÿ%s

","alt:param:number",""
"WORLDTXT.BIN",1372,"Expect above average Cybrid technologies.","


ñ8ÿPlanet Information: %s
ñ6ÿ
%s

ñ7ÿTerrain: 
ñ6ÿ%s  %s  %s

ñ7ÿGravity: 
ñ6ÿ%d%% %s

ñ7ÿAtmosphere: 
ñ6ÿ%s

ñ7ÿNotes: 
ñ6ÿ%s

","alt:param:number",""
"WORLDTXT.BIN",1373,"Expect above average Cybrid technologies.","


ñ8ÿPlanet Information: %s
ñ6ÿ
%s

ñ7ÿTerrain: 
ñ6ÿ%s  %s  %s

ñ7ÿGravity: 
ñ6ÿ%d%% %s

ñ7ÿAtmosphere: 
ñ6ÿ%s

ñ7ÿNotes: 
ñ6ÿ%s

","alt:param:number",""
"WORLDTXT.BIN",1374,"Expect above average Cybrid technologies.","


ñ8ÿPlanet Information: %s
ñ6ÿ
%s

ñ7ÿTerrain: 
ñ6ÿ%s  %s  %s

ñ7ÿGravity: 
ñ6ÿ%d%% %s

ñ7ÿAtmosphere: 
ñ6ÿ%s

ñ7ÿNotes: 
ñ6ÿ%s

","alt:param:number",""
"WORLDTXT.BIN",1375,"Expect above average Cybrid technologies.","


ñ8ÿPlanet Information: %s
ñ6ÿ
%s

ñ7ÿTerrain: 
ñ6ÿ%s  %s  %s

ñ7ÿGravity: 
ñ6ÿ%d%% %s

ñ7ÿAtmosphere: 
ñ6ÿ%s

ñ7ÿNotes: 
ñ6ÿ%s

","alt:param:number",""
"WORLDTXT.BIN",1376,"Expect above average Cybrid technologies.","


ñ8ÿPlanet Information: %s
ñ6ÿ
%s

ñ7ÿTerrain: 
ñ6ÿ%s  %s  %s

ñ7ÿGravity: 
ñ6ÿ%d%% %s

ñ7ÿAtmosphere: 
ñ6ÿ%s

ñ7ÿNotes: 
ñ6ÿ%s

","alt:param:number",""
"WORLDTXT.BIN",1377,"Expect above average Cybrid technologies.","


ñ8ÿPlanet Information: %s
ñ6ÿ
%s

ñ7ÿTerrain: 
ñ6ÿ%s  %s  %s

ñ7ÿGravity: 
ñ6ÿ%d%% %s

ñ7ÿAtmosphere: 
ñ6ÿ%s

ñ7ÿNotes: 
ñ6ÿ%s

","alt:param:number",""
"WORLDTXT.BIN",1378,"Expect above average Cybrid technologies.","


ñ8ÿPlanet Information: %s
ñ6ÿ
%s

ñ7ÿTerrain: 
ñ6ÿ%s  %s  %s

ñ7ÿGravity: 
ñ6ÿ%d%% %s

ñ7ÿAtmosphere: 
ñ6ÿ%s

ñ7ÿNotes: 
ñ6ÿ%s

","alt:param:number",""
"WORLDTXT.BIN",1379,"Expect above average Cybrid technologies.","


ñ8ÿPlanet Information: %s
ñ6ÿ
%s

ñ7ÿTerrain: 
ñ6ÿ%s  %s  %s

ñ7ÿGravity: 
ñ6ÿ%d%% %s

ñ7ÿAtmosphere: 
ñ6ÿ%s

ñ7ÿNotes: 
ñ6ÿ%s

","alt:param:number",""
"WORLDTXT.BIN",1380,"Expect above average Cybrid technologies.","


ñ8ÿPlanet Information: %s
ñ6ÿ
%s

ñ7ÿTerrain: 
ñ6ÿ%s  %s  %s

ñ7ÿGravity: 
ñ6ÿ%d%% %s

ñ7ÿAtmosphere: 
ñ6ÿ%s

ñ7ÿNotes: 
ñ6ÿ%s

","alt:param:number",""
"WORLDTXT.BIN",1381,"Expect above average Cybrid technologies.","


ñ8ÿPlanet Information: %s
ñ6ÿ
%s

ñ7ÿTerrain: 
ñ6ÿ%s  %s  %s

ñ7ÿGravity: 
ñ6ÿ%d%% %s

ñ7ÿAtmosphere: 
ñ6ÿ%s

ñ7ÿNotes: 
ñ6ÿ%s

","alt:param:number",""
"WORLDTXT.BIN",1382,"Expect above average Cybrid technologies.","


ñ8ÿPlanet Information: %s
ñ6ÿ
%s

ñ7ÿTerrain: 
ñ6ÿ%s  %s  %s

ñ7ÿGravity: 
ñ6ÿ%d%% %s

ñ7ÿAtmosphere: 
ñ6ÿ%s

ñ7ÿNotes: 
ñ6ÿ%s

","alt:param:number",""
"WORLDTXT.BIN",1383,"Expect above average Cybrid technologies.","


ñ8ÿPlanet Information: %s
ñ6ÿ
%s

ñ7ÿTerrain: 
ñ6ÿ%s  %s  %s

ñ7ÿGravity: 
ñ6ÿ%d%% %s

ñ7ÿAtmosphere: 
ñ6ÿ%s

ñ7ÿNotes: 
ñ6ÿ%s

","alt:param:number",""
"WORLDTXT.BIN",1384,"Expect above average Cybrid technologies.","


ñ8ÿPlanet Information: %s
ñ6ÿ
%s

ñ7ÿTerrain: 
ñ6ÿ%s  %s  %s

ñ7ÿGravity: 
ñ6ÿ%d%% %s

ñ7ÿAtmosphere: 
ñ6ÿ%s

ñ7ÿNotes: 
ñ6ÿ%s

","alt:param:number",""
"WORLDTXT.BIN",1385,"Expect above average Cybrid technologies.","


ñ8ÿPlanet Information: %s
ñ6ÿ
%s

ñ7ÿTerrain: 
ñ6ÿ%s  %s  %s

ñ7ÿGravity: 
ñ6ÿ%d%% %s

ñ7ÿAtmosphere: 
ñ6ÿ%s

ñ7ÿNotes: 
ñ6ÿ%s

","alt:param:number",""
"WORLDTXT.BIN",1386,"Expect above average Cybrid technologies.","


ñ8ÿPlanet Information: %s
ñ6ÿ
%s

ñ7ÿTerrain: 
ñ6ÿ%s  %s  %s

ñ7ÿGravity: 
ñ6ÿ%d%% %s

ñ7ÿAtmosphere: 
ñ6ÿ%s

ñ7ÿNotes: 
ñ6ÿ%s

","alt:param:number",""
"WORLDTXT.BIN",1387,"Expect above average Cybrid technologies.","


ñ8ÿPlanet Information: %s
ñ6ÿ
%s

ñ7ÿTerrain: 
ñ6ÿ%s  %s  %s

ñ7ÿGravity: 
ñ6ÿ%d%% %s

ñ7ÿAtmosphere: 
ñ6ÿ%s

ñ7ÿNotes: 
ñ6ÿ%s

","alt:param:number",""
"WORLDTXT.BIN",1388,"Expect above average Cybrid technologies.","


ñ8ÿPlanet Information: %s
ñ6ÿ
%s

ñ7ÿTerrain: 
ñ6ÿ%s  %s  %s

ñ7ÿGravity: 
ñ6ÿ%d%% %s

ñ7ÿAtmosphere: 
ñ6ÿ%s

ñ7ÿNotes: 
ñ6ÿ%s

","alt:param:number",""
"WORLDTXT.BIN",1389,"Expect above average Cybrid technologies.","


ñ8ÿPlanet Information: %s
ñ6ÿ
%s

ñ7ÿTerrain: 
ñ6ÿ%s  %s  %s

ñ7ÿGravity: 
ñ6ÿ%d%% %s

ñ7ÿAtmosphere: 
ñ6ÿ%s

ñ7ÿNotes: 
ñ6ÿ%s

","alt:param:number",""
"WORLDTXT.BIN",1390,"Expect above average Cybrid technologies.","


ñ8ÿPlanet Information: %s
ñ6ÿ
%s

ñ7ÿTerrain: 
ñ6ÿ%s  %s  %s

ñ7ÿGravity: 
ñ6ÿ%d%% %s

ñ7ÿAtmosphere: 
ñ6ÿ%s

ñ7ÿNotes: 
ñ6ÿ%s

","alt:param:number",""
"WORLDTXT.BIN",1391,"Expect above average Cybrid technologies.","


ñ8ÿPlanet Information: %s
ñ6ÿ
%s

ñ7ÿTerrain: 
ñ6ÿ%s  %s  %s

ñ7ÿGravity: 
ñ6ÿ%d%% %s

ñ7ÿAtmosphere: 
ñ6ÿ%s

ñ7ÿNotes: 
ñ6ÿ%s

","alt:param:number",""
"WORLDTXT.BIN",1392,"Expect above average Cybrid technologies.","


ñ8ÿPlanet Information: %s
ñ6ÿ
%s

ñ7ÿTerrain: 
ñ6ÿ%s  %s  %s

ñ7ÿGravity: 
ñ6ÿ%d%% %s

ñ7ÿAtmosphere: 
ñ6ÿ%s

ñ7ÿNotes: 
ñ6ÿ%s

","alt:param:number",""
"WORLDTXT.BIN",1393,"Expect above average Cybrid technologies.","


ñ8ÿPlanet Information: %s
ñ6ÿ
%s

ñ7ÿTerrain: 
ñ6ÿ%s  %s  %s

ñ7ÿGravity: 
ñ6ÿ%d%% %s

ñ7ÿAtmosphere: 
ñ6ÿ%s

ñ7ÿNotes: 
ñ6ÿ%s

","alt:param:number",""
"WORLDTXT.BIN",1394,"Expect above average Cybrid technologies.","


ñ8ÿPlanet Information: %s
ñ6ÿ
%s

ñ7ÿTerrain: 
ñ6ÿ%s  %s  %s

ñ7ÿGravity: 
ñ6ÿ%d%% %s

ñ7ÿAtmosphere: 
ñ6ÿ%s

ñ7ÿNotes: 
ñ6ÿ%s

","alt:param:number",""
"WORLDTXT.BIN",1395,"Expect above average Cybrid technologies.","


ñ8ÿPlanet Information: %s
ñ6ÿ
%s

ñ7ÿTerrain: 
ñ6ÿ%s  %s  %s

ñ7ÿGravity: 
ñ6ÿ%d%% %s

ñ7ÿAtmosphere: 
ñ6ÿ%s

ñ7ÿNotes: 
ñ6ÿ%s

","alt:param:number",""
"WORLDTXT.BIN",1396,"Expect above average Cybrid technologies.","


ñ8ÿPlanet Information: %s
ñ6ÿ
%s

ñ7ÿTerrain: 
ñ6ÿ%s  %s  %s

ñ7ÿGravity: 
ñ6ÿ%d%% %s

ñ7ÿAtmosphere: 
ñ6ÿ%s

ñ7ÿNotes: 
ñ6ÿ%s

","alt:param:number",""
"WORLDTXT.BIN",1397,"Expect above average Cybrid technologies.","


ñ8ÿPlanet Information: %s
ñ6ÿ
%s

ñ7ÿTerrain: 
ñ6ÿ%s  %s  %s

ñ7ÿGravity: 
ñ6ÿ%d%% %s

ñ7ÿAtmosphere: 
ñ6ÿ%s

ñ7ÿNotes: 
ñ6ÿ%s

","alt:param:number",""
"WORLDTXT.BIN",1398,"Expect above average Cybrid technologies.","


ñ8ÿPlanet Information: %s
ñ6ÿ
%s

ñ7ÿTerrain: 
ñ6ÿ%s  %s  %s

ñ7ÿGravity: 
ñ6ÿ%d%% %s

ñ7ÿAtmosphere: 
ñ6ÿ%s

ñ7ÿNotes: 
ñ6ÿ%s

","alt:param:number",""
"WORLDTXT.BIN",1399,"Expect above average Cybrid technologies.","


ñ8ÿPlanet Information: %s
ñ6ÿ
%s

ñ7ÿTerrain: 
ñ6ÿ%s  %s  %s

ñ7ÿGravity: 
ñ6ÿ%d%% %s

ñ7ÿAtmosphere: 
ñ6ÿ%s

ñ7ÿNotes: 
ñ6ÿ%s

","alt:param:number",""
"WORLDTXT.BIN",1400,"Expect above average Cybrid technologies.","


ñ8ÿPlanet Information: %s
ñ6ÿ
%s

ñ7ÿTerrain: 
ñ6ÿ%s  %s  %s

ñ7ÿGravity: 
ñ6ÿ%d%% %s

ñ7ÿAtmosphere: 
ñ6ÿ%s

ñ7ÿNotes: 
ñ6ÿ%s

","alt:param:number",""
"WORLDTXT.BIN",1401,"Expect above average Cybrid technologies.","


ñ8ÿPlanet Information: %s
ñ6ÿ
%s

ñ7ÿTerrain: 
ñ6ÿ%s  %s  %s

ñ7ÿGravity: 
ñ6ÿ%d%% %s

ñ7ÿAtmosphere: 
ñ6ÿ%s

ñ7ÿNotes: 
ñ6ÿ%s

","alt:param:number",""
"WORLDTXT.BIN",1402,"Expect above average Cybrid technologies.","


ñ8ÿPlanet Information: %s
ñ6ÿ
%s

ñ7ÿTerrain: 
ñ6ÿ%s  %s  %s

ñ7ÿGravity: 
ñ6ÿ%d%% %s

ñ7ÿAtmosphere: 
ñ6ÿ%s

ñ7ÿNotes: 
ñ6ÿ%s

","alt:param:number",""
"WORLDTXT.BIN",1403,"Expect above average Cybrid technologies.","


ñ8ÿPlanet Information: %s
ñ6ÿ
%s

ñ7ÿTerrain: 
ñ6ÿ%s  %s  %s

ñ7ÿGravity: 
ñ6ÿ%d%% %s

ñ7ÿAtmosphere: 
ñ6ÿ%s

ñ7ÿNotes: 
ñ6ÿ%s

","alt:param:number",""
"WORLDTXT.BIN",1404,"Expect above average Cybrid technologies.","


ñ8ÿPlanet Information: %s
ñ6ÿ
%s

ñ7ÿTerrain: 
ñ6ÿ%s  %s  %s

ñ7ÿGravity: 
ñ6ÿ%d%% %s

ñ7ÿAtmosphere: 
ñ6ÿ%s

ñ7ÿNotes: 
ñ6ÿ%s

","alt:param:number",""
"WORLDTXT.BIN",1405,"Expect above average Cybrid technologies.","


ñ8ÿPlanet Information: %s
ñ6ÿ
%s

ñ7ÿTerrain: 
ñ6ÿ%s  %s  %s

ñ7ÿGravity: 
ñ6ÿ%d%% %s

ñ7ÿAtmosphere: 
ñ6ÿ%s

ñ7ÿNotes: 
ñ6ÿ%s

","alt:param:number",""
"WORLDTXT.BIN",1406,"Expect above average Cybrid technologies.","


ñ8ÿPlanet Information: %s
ñ6ÿ
%s

ñ7ÿTerrain: 
ñ6ÿ%s  %s  %s

ñ7ÿGravity: 
ñ6ÿ%d%% %s

ñ7ÿAtmosphere: 
ñ6ÿ%s

ñ7ÿNotes: 
ñ6ÿ%s

","alt:param:number",""
"WORLDTXT.BIN",1407,"Expect above average Cybrid technologies.","


ñ8ÿPlanet Information: %s
ñ6ÿ
%s

ñ7ÿTerrain: 
ñ6ÿ%s  %s  %s

ñ7ÿGravity: 
ñ6ÿ%d%% %s

ñ7ÿAtmosphere: 
ñ6ÿ%s

ñ7ÿNotes: 
ñ6ÿ%s

","alt:param:number",""
"WORLDTXT.BIN",1408,"Expect above average Cybrid technologies.","


ñ8ÿPlanet Information: %s
ñ6ÿ
%s

ñ7ÿTerrain: 
ñ6ÿ%s  %s  %s

ñ7ÿGravity: 
ñ6ÿ%d%% %s

ñ7ÿAtmosphere: 
ñ6ÿ%s

ñ7ÿNotes: 
ñ6ÿ%s

","alt:param:number",""
"WORLDTXT.BIN",1409,"Expect above average Cybrid technologies.","


ñ8ÿPlanet Information: %s
ñ6ÿ
%s

ñ7ÿTerrain: 
ñ6ÿ%s  %s  %s

ñ7ÿGravity: 
ñ6ÿ%d%% %s

ñ7ÿAtmosphere: 
ñ6ÿ%s

ñ7ÿNotes: 
ñ6ÿ%s

","alt:param:number",""
"WORLDTXT.BIN",1410,"Expect above average Cybrid technologies.","


ñ8ÿPlanet Information: %s
ñ6ÿ
%s

ñ7ÿTerrain: 
ñ6ÿ%s  %s  %s

ñ7ÿGravity: 
ñ6ÿ%d%% %s

ñ7ÿAtmosphere: 
ñ6ÿ%s

ñ7ÿNotes: 
ñ6ÿ%s

","alt:param:number",""
"WORLDTXT.BIN",1411,"Expect above average Cybrid technologies.","


ñ8ÿPlanet Information: %s
ñ6ÿ
%s

ñ7ÿTerrain: 
ñ6ÿ%s  %s  %s

ñ7ÿGravity: 
ñ6ÿ%d%% %s

ñ7ÿAtmosphere: 
ñ6ÿ%s

ñ7ÿNotes: 
ñ6ÿ%s

","alt:param:number",""
"WORLDTXT.BIN",1412,"Expect above average Cybrid technologies.","


ñ8ÿPlanet Information: %s
ñ6ÿ
%s

ñ7ÿTerrain: 
ñ6ÿ%s  %s  %s

ñ7ÿGravity: 
ñ6ÿ%d%% %s

ñ7ÿAtmosphere: 
ñ6ÿ%s

ñ7ÿNotes: 
ñ6ÿ%s

","alt:param:number",""
"WORLDTXT.BIN",1413,"Expect above average Cybrid technologies.","


ñ8ÿPlanet Information: %s
ñ6ÿ
%s

ñ7ÿTerrain: 
ñ6ÿ%s  %s  %s

ñ7ÿGravity: 
ñ6ÿ%d%% %s

ñ7ÿAtmosphere: 
ñ6ÿ%s

ñ7ÿNotes: 
ñ6ÿ%s

","alt:param:number",""
"WORLDTXT.BIN",1414,"Expect above average Cybrid technologies.","


ñ8ÿPlanet Information: %s
ñ6ÿ
%s

ñ7ÿTerrain: 
ñ6ÿ%s  %s  %s

ñ7ÿGravity: 
ñ6ÿ%d%% %s

ñ7ÿAtmosphere: 
ñ6ÿ%s

ñ7ÿNotes: 
ñ6ÿ%s

","alt:param:number",""
"WORLDTXT.BIN",1415,"Expect above average Cybrid technologies.","


ñ8ÿPlanet Information: %s
ñ6ÿ
%s

ñ7ÿTerrain: 
ñ6ÿ%s  %s  %s

ñ7ÿGravity: 
ñ6ÿ%d%% %s

ñ7ÿAtmosphere: 
ñ6ÿ%s

ñ7ÿNotes: 
ñ6ÿ%s

","alt:param:number",""
"WORLDTXT.BIN",1416,"Expect above average Cybrid technologies.","


ñ8ÿPlanet Information: %s
ñ6ÿ
%s

ñ7ÿTerrain: 
ñ6ÿ%s  %s  %s

ñ7ÿGravity: 
ñ6ÿ%d%% %s

ñ7ÿAtmosphere: 
ñ6ÿ%s

ñ7ÿNotes: 
ñ6ÿ%s

","alt:param:number",""
"WORLDTXT.BIN",1417,"Expect above average Cybrid technologies.","


ñ8ÿPlanet Information: %s
ñ6ÿ
%s

ñ7ÿTerrain: 
ñ6ÿ%s  %s  %s

ñ7ÿGravity: 
ñ6ÿ%d%% %s

ñ7ÿAtmosphere: 
ñ6ÿ%s

ñ7ÿNotes: 
ñ6ÿ%s

","alt:param:number",""
"WORLDTXT.BIN",1418,"Expect above average Cybrid technologies.","


ñ8ÿPlanet Information: %s
ñ6ÿ
%s

ñ7ÿTerrain: 
ñ6ÿ%s  %s  %s

ñ7ÿGravity: 
ñ6ÿ%d%% %s

ñ7ÿAtmosphere: 
ñ6ÿ%s

ñ7ÿNotes: 
ñ6ÿ%s

","alt:param:number",""
"WORLDTXT.BIN",1419,"Expect above average Cybrid technologies.","


ñ8ÿPlanet Information: %s
ñ6ÿ
%s

ñ7ÿTerrain: 
ñ6ÿ%s  %s  %s

ñ7ÿGravity: 
ñ6ÿ%d%% %s

ñ7ÿAtmosphere: 
ñ6ÿ%s

ñ7ÿNotes: 
ñ6ÿ%s

","alt:param:number",""
"WORLDTXT.BIN",1420,"Expect above average Cybrid technologies.","


ñ8ÿPlanet Information: %s
ñ6ÿ
%s

ñ7ÿTerrain: 
ñ6ÿ%s  %s  %s

ñ7ÿGravity: 
ñ6ÿ%d%% %s

ñ7ÿAtmosphere: 
ñ6ÿ%s

ñ7ÿNotes: 
ñ6ÿ%s

","alt:param:number",""
"WORLDTXT.BIN",1421,"Expect above average Cybrid technologies.","


ñ8ÿPlanet Information: %s
ñ6ÿ
%s

ñ7ÿTerrain: 
ñ6ÿ%s  %s  %s

ñ7ÿGravity: 
ñ6ÿ%d%% %s

ñ7ÿAtmosphere: 
ñ6ÿ%s

ñ7ÿNotes: 
ñ6ÿ%s

","alt:param:number",""
"WORLDTXT.BIN",1422,"Expect above average Cybrid technologies.","


ñ8ÿPlanet Information: %s
ñ6ÿ
%s

ñ7ÿTerrain: 
ñ6ÿ%s  %s  %s

ñ7ÿGravity: 
ñ6ÿ%d%% %s

ñ7ÿAtmosphere: 
ñ6ÿ%s

ñ7ÿNotes: 
ñ6ÿ%s

","alt:param:number",""
"WORLDTXT.BIN",1423,"Expect above average Cybrid technologies.","


ñ8ÿPlanet Information: %s
ñ6ÿ
%s

ñ7ÿTerrain: 
ñ6ÿ%s  %s  %s

ñ7ÿGravity: 
ñ6ÿ%d%% %s

ñ7ÿAtmosphere: 
ñ6ÿ%s

ñ7ÿNotes: 
ñ6ÿ%s

","alt:param:number",""
"WORLDTXT.BIN",1424,"Expect above average Cybrid technologies.","


ñ8ÿPlanet Information: %s
ñ6ÿ
%s

ñ7ÿTerrain: 
ñ6ÿ%s  %s  %s

ñ7ÿGravity: 
ñ6ÿ%d%% %s

ñ7ÿAtmosphere: 
ñ6ÿ%s

ñ7ÿNotes: 
ñ6ÿ%s

","alt:param:number",""
"WORLDTXT.BIN",1425,"Expect above average Cybrid technologies.","


ñ8ÿPlanet Information: %s
ñ6ÿ
%s

ñ7ÿTerrain: 
ñ6ÿ%s  %s  %s

ñ7ÿGravity: 
ñ6ÿ%d%% %s

ñ7ÿAtmosphere: 
ñ6ÿ%s

ñ7ÿNotes: 
ñ6ÿ%s

","alt:param:number",""
"WORLDTXT.BIN",1426,"Expect above average Cybrid technologies.","


ñ8ÿPlanet Information: %s
ñ6ÿ
%s

ñ7ÿTerrain: 
ñ6ÿ%s  %s  %s

ñ7ÿGravity: 
ñ6ÿ%d%% %s

ñ7ÿAtmosphere: 
ñ6ÿ%s

ñ7ÿNotes: 
ñ6ÿ%s

","alt:param:number",""
"WORLDTXT.BIN",1427,"Expect above average Cybrid technologies.","


ñ8ÿPlanet Information: %s
ñ6ÿ
%s

ñ7ÿTerrain: 
ñ6ÿ%s  %s  %s

ñ7ÿGravity: 
ñ6ÿ%d%% %s

ñ7ÿAtmosphere: 
ñ6ÿ%s

ñ7ÿNotes: 
ñ6ÿ%s

","alt:param:number",""
"WORLDTXT.BIN",1428,"Expect above average Cybrid technologies.","


ñ8ÿPlanet Information: %s
ñ6ÿ
%s

ñ7ÿTerrain: 
ñ6ÿ%s  %s  %s

ñ7ÿGravity: 
ñ6ÿ%d%% %s

ñ7ÿAtmosphere: 
ñ6ÿ%s

ñ7ÿNotes: 
ñ6ÿ%s

","alt:param:number",""
"WORLDTXT.BIN",1429,"Expect above average Cybrid technologies.","


ñ8ÿPlanet Information: %s
ñ6ÿ
%s

ñ7ÿTerrain: 
ñ6ÿ%s  %s  %s

ñ7ÿGravity: 
ñ6ÿ%d%% %s

ñ7ÿAtmosphere: 
ñ6ÿ%s

ñ7ÿNotes: 
ñ6ÿ%s

","alt:param:number",""
"WORLDTXT.BIN",1430,"Expect above average Cybrid technologies.","


ñ8ÿPlanet Information: %s
ñ6ÿ
%s

ñ7ÿTerrain: 
ñ6ÿ%s  %s  %s

ñ7ÿGravity: 
ñ6ÿ%d%% %s

ñ7ÿAtmosphere: 
ñ6ÿ%s

ñ7ÿNotes: 
ñ6ÿ%s

","alt:param:number",""
"WORLDTXT.BIN",1431,"Expect above average Cybrid technologies.","


ñ8ÿPlanet Information: %s
ñ6ÿ
%s

ñ7ÿTerrain: 
ñ6ÿ%s  %s  %s

ñ7ÿGravity: 
ñ6ÿ%d%% %s

ñ7ÿAtmosphere: 
ñ6ÿ%s

ñ7ÿNotes: 
ñ6ÿ%s

","alt:param:number",""
"WORLDTXT.BIN",1432,"Expect above average Cybrid technologies.","


ñ8ÿPlanet Information: %s
ñ6ÿ
%s

ñ7ÿTerrain: 
ñ6ÿ%s  %s  %s

ñ7ÿGravity: 
ñ6ÿ%d%% %s

ñ7ÿAtmosphere: 
ñ6ÿ%s

ñ7ÿNotes: 
ñ6ÿ%s

","alt:param:number",""
"WORLDTXT.BIN",1433,"Expect above average Cybrid technologies.","


ñ8ÿPlanet Information: %s
ñ6ÿ
%s

ñ7ÿTerrain: 
ñ6ÿ%s  %s  %s

ñ7ÿGravity: 
ñ6ÿ%d%% %s

ñ7ÿAtmosphere: 
ñ6ÿ%s

ñ7ÿNotes: 
ñ6ÿ%s

","alt:param:number",""
"WORLDTXT.BIN",1434,"Expect above average Cybrid technologies.","


ñ8ÿPlanet Information: %s
ñ6ÿ
%s

ñ7ÿTerrain: 
ñ6ÿ%s  %s  %s

ñ7ÿGravity: 
ñ6ÿ%d%% %s

ñ7ÿAtmosphere: 
ñ6ÿ%s

ñ7ÿNotes: 
ñ6ÿ%s

","alt:param:number",""
"WORLDTXT.BIN",1435,"Expect above average Cybrid technologies.","


ñ8ÿPlanet Information: %s
ñ6ÿ
%s

ñ7ÿTerrain: 
ñ6ÿ%s  %s  %s

ñ7ÿGravity: 
ñ6ÿ%d%% %s

ñ7ÿAtmosphere: 
ñ6ÿ%s

ñ7ÿNotes: 
ñ6ÿ%s

","alt:param:number",""
"WORLDTXT.BIN",1436,"Expect above average Cybrid technologies.","


ñ8ÿPlanet Information: %s
ñ6ÿ
%s

ñ7ÿTerrain: 
ñ6ÿ%s  %s  %s

ñ7ÿGravity: 
ñ6ÿ%d%% %s

ñ7ÿAtmosphere: 
ñ6ÿ%s

ñ7ÿNotes: 
ñ6ÿ%s

","alt:param:number",""
"WORLDTXT.BIN",1437,"Expect above average Cybrid technologies.","


ñ8ÿPlanet Information: %s
ñ6ÿ
%s

ñ7ÿTerrain: 
ñ6ÿ%s  %s  %s

ñ7ÿGravity: 
ñ6ÿ%d%% %s

ñ7ÿAtmosphere: 
ñ6ÿ%s

ñ7ÿNotes: 
ñ6ÿ%s

","alt:param:number",""
"WORLDTXT.BIN",1438,"Expect above average Cybrid technologies.","


ñ8ÿPlanet Information: %s
ñ6ÿ
%s

ñ7ÿTerrain: 
ñ6ÿ%s  %s  %s

ñ7ÿGravity: 
ñ6ÿ%d%% %s

ñ7ÿAtmosphere: 
ñ6ÿ%s

ñ7ÿNotes: 
ñ6ÿ%s

","alt:param:number",""
"WORLDTXT.BIN",1439,"Expect above average Cybrid technologies.","


ñ8ÿPlanet Information: %s
ñ6ÿ
%s

ñ7ÿTerrain: 
ñ6ÿ%s  %s  %s

ñ7ÿGravity: 
ñ6ÿ%d%% %s

ñ7ÿAtmosphere: 
ñ6ÿ%s

ñ7ÿNotes: 
ñ6ÿ%s

","alt:param:number",""
"WORLDTXT.BIN",1440,"Expect above average Cybrid technologies.","


ñ8ÿPlanet Information: %s
ñ6ÿ
%s

ñ7ÿTerrain: 
ñ6ÿ%s  %s  %s

ñ7ÿGravity: 
ñ6ÿ%d%% %s

ñ7ÿAtmosphere: 
ñ6ÿ%s

ñ7ÿNotes: 
ñ6ÿ%s

","alt:param:number",""
"WORLDTXT.BIN",1441,"Expect above average Cybrid technologies.","


ñ8ÿPlanet Information: %s
ñ6ÿ
%s

ñ7ÿTerrain: 
ñ6ÿ%s  %s  %s

ñ7ÿGravity: 
ñ6ÿ%d%% %s

ñ7ÿAtmosphere: 
ñ6ÿ%s

ñ7ÿNotes: 
ñ6ÿ%s

","alt:param:number",""
"WORLDTXT.BIN",1442,"Expect above average Cybrid technologies.","


ñ8ÿPlanet Information: %s
ñ6ÿ
%s

ñ7ÿTerrain: 
ñ6ÿ%s  %s  %s

ñ7ÿGravity: 
ñ6ÿ%d%% %s

ñ7ÿAtmosphere: 
ñ6ÿ%s

ñ7ÿNotes: 
ñ6ÿ%s

","alt:param:number",""
"WORLDTXT.BIN",1443,"Expect above average Cybrid technologies.","


ñ8ÿPlanet Information: %s
ñ6ÿ
%s

ñ7ÿTerrain: 
ñ6ÿ%s  %s  %s

ñ7ÿGravity: 
ñ6ÿ%d%% %s

ñ7ÿAtmosphere: 
ñ6ÿ%s

ñ7ÿNotes: 
ñ6ÿ%s

","alt:param:number",""
"WORLDTXT.BIN",1444,"Expect above average Cybrid technologies.","


ñ8ÿPlanet Information: %s
ñ6ÿ
%s

ñ7ÿTerrain: 
ñ6ÿ%s  %s  %s

ñ7ÿGravity: 
ñ6ÿ%d%% %s

ñ7ÿAtmosphere: 
ñ6ÿ%s

ñ7ÿNotes: 
ñ6ÿ%s

","alt:param:number",""
"WORLDTXT.BIN",1445,"Expect above average Cybrid technologies.","


ñ8ÿPlanet Information: %s
ñ6ÿ
%s

ñ7ÿTerrain: 
ñ6ÿ%s  %s  %s

ñ7ÿGravity: 
ñ6ÿ%d%% %s

ñ7ÿAtmosphere: 
ñ6ÿ%s

ñ7ÿNotes: 
ñ6ÿ%s

","alt:param:number",""
"WORLDTXT.BIN",1446,"Expect above average Cybrid technologies.","


ñ8ÿPlanet Information: %s
ñ6ÿ
%s

ñ7ÿTerrain: 
ñ6ÿ%s  %s  %s

ñ7ÿGravity: 
ñ6ÿ%d%% %s

ñ7ÿAtmosphere: 
ñ6ÿ%s

ñ7ÿNotes: 
ñ6ÿ%s

","alt:param:number",""
"WORLDTXT.BIN",1447,"Expect above average Cybrid technologies.","


ñ8ÿPlanet Information: %s
ñ6ÿ
%s

ñ7ÿTerrain: 
ñ6ÿ%s  %s  %s

ñ7ÿGravity: 
ñ6ÿ%d%% %s

ñ7ÿAtmosphere: 
ñ6ÿ%s

ñ7ÿNotes: 
ñ6ÿ%s

","alt:param:number",""
"WORLDTXT.BIN",1448,"Expect above average Cybrid technologies.","


ñ8ÿPlanet Information: %s
ñ6ÿ
%s

ñ7ÿTerrain: 
ñ6ÿ%s  %s  %s

ñ7ÿGravity: 
ñ6ÿ%d%% %s

ñ7ÿAtmosphere: 
ñ6ÿ%s

ñ7ÿNotes: 
ñ6ÿ%s

","alt:param:number",""
"WORLDTXT.BIN",1449,"Expect above average Cybrid technologies.","


ñ8ÿPlanet Information: %s
ñ6ÿ
%s

ñ7ÿTerrain: 
ñ6ÿ%s  %s  %s

ñ7ÿGravity: 
ñ6ÿ%d%% %s

ñ7ÿAtmosphere: 
ñ6ÿ%s

ñ7ÿNotes: 
ñ6ÿ%s

","alt:param:number",""
"WORLDTXT.BIN",1450,"Expect above average Cybrid technologies.","


ñ8ÿPlanet Information: %s
ñ6ÿ
%s

ñ7ÿTerrain: 
ñ6ÿ%s  %s  %s

ñ7ÿGravity: 
ñ6ÿ%d%% %s

ñ7ÿAtmosphere: 
ñ6ÿ%s

ñ7ÿNotes: 
ñ6ÿ%s

","alt:param:number",""
"WORLDTXT.BIN",1451,"Expect above average Cybrid technologies.","


ñ8ÿPlanet Information: %s
ñ6ÿ
%s

ñ7ÿTerrain: 
ñ6ÿ%s  %s  %s

ñ7ÿGravity: 
ñ6ÿ%d%% %s

ñ7ÿAtmosphere: 
ñ6ÿ%s

ñ7ÿNotes: 
ñ6ÿ%s

","alt:param:number",""
"WORLDTXT.BIN",1452,"Expect above average Cybrid technologies.","


ñ8ÿPlanet Information: %s
ñ6ÿ
%s

ñ7ÿTerrain: 
ñ6ÿ%s  %s  %s

ñ7ÿGravity: 
ñ6ÿ%d%% %s

ñ7ÿAtmosphere: 
ñ6ÿ%s

ñ7ÿNotes: 
ñ6ÿ%s

","alt:param:number",""
"WORLDTXT.BIN",1453,"Expect above average Cybrid technologies.","


ñ8ÿPlanet Information: %s
ñ6ÿ
%s

ñ7ÿTerrain: 
ñ6ÿ%s  %s  %s

ñ7ÿGravity: 
ñ6ÿ%d%% %s

ñ7ÿAtmosphere: 
ñ6ÿ%s

ñ7ÿNotes: 
ñ6ÿ%s

","alt:param:number",""
"WORLDTXT.BIN",1454,"Expect above average Cybrid technologies.","


ñ8ÿPlanet Information: %s
ñ6ÿ
%s

ñ7ÿTerrain: 
ñ6ÿ%s  %s  %s

ñ7ÿGravity: 
ñ6ÿ%d%% %s

ñ7ÿAtmosphere: 
ñ6ÿ%s

ñ7ÿNotes: 
ñ6ÿ%s

","alt:param:number",""
"WORLDTXT.BIN",1455,"Expect above average Cybrid technologies.","


ñ8ÿPlanet Information: %s
ñ6ÿ
%s

ñ7ÿTerrain: 
ñ6ÿ%s  %s  %s

ñ7ÿGravity: 
ñ6ÿ%d%% %s

ñ7ÿAtmosphere: 
ñ6ÿ%s

ñ7ÿNotes: 
ñ6ÿ%s

","alt:param:number",""
"WORLDTXT.BIN",1456,"Expect above average Cybrid technologies.","


ñ8ÿPlanet Information: %s
ñ6ÿ
%s

ñ7ÿTerrain: 
ñ6ÿ%s  %s  %s

ñ7ÿGravity: 
ñ6ÿ%d%% %s

ñ7ÿAtmosphere: 
ñ6ÿ%s

ñ7ÿNotes: 
ñ6ÿ%s

","alt:param:number",""
"WORLDTXT.BIN",1457,"Expect above average Cybrid technologies.","


ñ8ÿPlanet Information: %s
ñ6ÿ
%s

ñ7ÿTerrain: 
ñ6ÿ%s  %s  %s

ñ7ÿGravity: 
ñ6ÿ%d%% %s

ñ7ÿAtmosphere: 
ñ6ÿ%s

ñ7ÿNotes: 
ñ6ÿ%s

","alt:param:number",""
"WORLDTXT.BIN",1458,"Expect above average Cybrid technologies.","


ñ8ÿPlanet Information: %s
ñ6ÿ
%s

ñ7ÿTerrain: 
ñ6ÿ%s  %s  %s

ñ7ÿGravity: 
ñ6ÿ%d%% %s

ñ7ÿAtmosphere: 
ñ6ÿ%s

ñ7ÿNotes: 
ñ6ÿ%s

","alt:param:number",""
"WORLDTXT.BIN",1459,"Expect above average Cybrid technologies.","


ñ8ÿPlanet Information: %s
ñ6ÿ
%s

ñ7ÿTerrain: 
ñ6ÿ%s  %s  %s

ñ7ÿGravity: 
ñ6ÿ%d%% %s

ñ7ÿAtmosphere: 
ñ6ÿ%s

ñ7ÿNotes: 
ñ6ÿ%s

","alt:param:number",""
"WORLDTXT.BIN",1460,"Expect above average Cybrid technologies.","


ñ8ÿPlanet Information: %s
ñ6ÿ
%s

ñ7ÿTerrain: 
ñ6ÿ%s  %s  %s

ñ7ÿGravity: 
ñ6ÿ%d%% %s

ñ7ÿAtmosphere: 
ñ6ÿ%s

ñ7ÿNotes: 
ñ6ÿ%s

","alt:param:number",""
"WORLDTXT.BIN",1461,"Expect above average Cybrid technologies.","


ñ8ÿPlanet Information: %s
ñ6ÿ
%s

ñ7ÿTerrain: 
ñ6ÿ%s  %s  %s

ñ7ÿGravity: 
ñ6ÿ%d%% %s

ñ7ÿAtmosphere: 
ñ6ÿ%s

ñ7ÿNotes: 
ñ6ÿ%s

","alt:param:number",""
"WORLDTXT.BIN",1462,"Expect above average Cybrid technologies.","


ñ8ÿPlanet Information: %s
ñ6ÿ
%s

ñ7ÿTerrain: 
ñ6ÿ%s  %s  %s

ñ7ÿGravity: 
ñ6ÿ%d%% %s

ñ7ÿAtmosphere: 
ñ6ÿ%s

ñ7ÿNotes: 
ñ6ÿ%s

","alt:param:number",""
"WORLDTXT.BIN",1463,"Expect above average Cybrid technologies.","


ñ8ÿPlanet Information: %s
ñ6ÿ
%s

ñ7ÿTerrain: 
ñ6ÿ%s  %s  %s

ñ7ÿGravity: 
ñ6ÿ%d%% %s

ñ7ÿAtmosphere: 
ñ6ÿ%s

ñ7ÿNotes: 
ñ6ÿ%s

","alt:param:number",""
"WORLDTXT.BIN",1464,"Expect above average Cybrid technologies.","


ñ8ÿPlanet Information: %s
ñ6ÿ
%s

ñ7ÿTerrain: 
ñ6ÿ%s  %s  %s

ñ7ÿGravity: 
ñ6ÿ%d%% %s

ñ7ÿAtmosphere: 
ñ6ÿ%s

ñ7ÿNotes: 
ñ6ÿ%s

","alt:param:number",""
"WORLDTXT.BIN",1465,"Expect above average Cybrid technologies.","


ñ8ÿPlanet Information: %s
ñ6ÿ
%s

ñ7ÿTerrain: 
ñ6ÿ%s  %s  %s

ñ7ÿGravity: 
ñ6ÿ%d%% %s

ñ7ÿAtmosphere: 
ñ6ÿ%s

ñ7ÿNotes: 
ñ6ÿ%s

","alt:param:number",""
"WORLDTXT.BIN",1466,"Expect above average Cybrid technologies.","


ñ8ÿPlanet Information: %s
ñ6ÿ
%s

ñ7ÿTerrain: 
ñ6ÿ%s  %s  %s

ñ7ÿGravity: 
ñ6ÿ%d%% %s

ñ7ÿAtmosphere: 
ñ6ÿ%s

ñ7ÿNotes: 
ñ6ÿ%s

","alt:param:number",""
"WORLDTXT.BIN",1467,"Expect above average Cybrid technologies.","


ñ8ÿPlanet Information: %s
ñ6ÿ
%s

ñ7ÿTerrain: 
ñ6ÿ%s  %s  %s

ñ7ÿGravity: 
ñ6ÿ%d%% %s

ñ7ÿAtmosphere: 
ñ6ÿ%s

ñ7ÿNotes: 
ñ6ÿ%s

","alt:param:number",""
"WORLDTXT.BIN",1468,"Expect above average Cybrid technologies.","


ñ8ÿPlanet Information: %s
ñ6ÿ
%s

ñ7ÿTerrain: 
ñ6ÿ%s  %s  %s

ñ7ÿGravity: 
ñ6ÿ%d%% %s

ñ7ÿAtmosphere: 
ñ6ÿ%s

ñ7ÿNotes: 
ñ6ÿ%s

","alt:param:number",""
"WORLDTXT.BIN",1469,"Expect above average Cybrid technologies.","


ñ8ÿPlanet Information: %s
ñ6ÿ
%s

ñ7ÿTerrain: 
ñ6ÿ%s  %s  %s

ñ7ÿGravity: 
ñ6ÿ%d%% %s

ñ7ÿAtmosphere: 
ñ6ÿ%s

ñ7ÿNotes: 
ñ6ÿ%s

","alt:param:number",""
"WORLDTXT.BIN",1470,"Expect above average Cybrid technologies.","


ñ8ÿPlanet Information: %s
ñ6ÿ
%s

ñ7ÿTerrain: 
ñ6ÿ%s  %s  %s

ñ7ÿGravity: 
ñ6ÿ%d%% %s

ñ7ÿAtmosphere: 
ñ6ÿ%s

ñ7ÿNotes: 
ñ6ÿ%s

","alt:param:number",""
"WORLDTXT.BIN",1471,"Expect above average Cybrid technologies.","


ñ8ÿPlanet Information: %s
ñ6ÿ
%s

ñ7ÿTerrain: 
ñ6ÿ%s  %s  %s

ñ7ÿGravity: 
ñ6ÿ%d%% %s

ñ7ÿAtmosphere: 
ñ6ÿ%s

ñ7ÿNotes: 
ñ6ÿ%s

","alt:param:number",""
"WORLDTXT.BIN",1472,"Expect above average Cybrid technologies.","


ñ8ÿPlanet Information: %s
ñ6ÿ
%s

ñ7ÿTerrain: 
ñ6ÿ%s  %s  %s

ñ7ÿGravity: 
ñ6ÿ%d%% %s

ñ7ÿAtmosphere: 
ñ6ÿ%s

ñ7ÿNotes: 
ñ6ÿ%s

","alt:param:number",""
"WORLDTXT.BIN",1473,"Expect above average Cybrid technologies.","


ñ8ÿPlanet Information: %s
ñ6ÿ
%s

ñ7ÿTerrain: 
ñ6ÿ%s  %s  %s

ñ7ÿGravity: 
ñ6ÿ%d%% %s

ñ7ÿAtmosphere: 
ñ6ÿ%s

ñ7ÿNotes: 
ñ6ÿ%s

","alt:param:number",""
"WORLDTXT.BIN",1474,"Expect above average Cybrid technologies.","


ñ8ÿPlanet Information: %s
ñ6ÿ
%s

ñ7ÿTerrain: 
ñ6ÿ%s  %s  %s

ñ7ÿGravity: 
ñ6ÿ%d%% %s

ñ7ÿAtmosphere: 
ñ6ÿ%s

ñ7ÿNotes: 
ñ6ÿ%s

","alt:param:number",""
"WORLDTXT.BIN",1475,"Expect above average Cybrid technologies.","


ñ8ÿPlanet Information: %s
ñ6ÿ
%s

ñ7ÿTerrain: 
ñ6ÿ%s  %s  %s

ñ7ÿGravity: 
ñ6ÿ%d%% %s

ñ7ÿAtmosphere: 
ñ6ÿ%s

ñ7ÿNotes: 
ñ6ÿ%s

","alt:param:number",""
"WORLDTXT.BIN",1476,"Expect above average Cybrid technologies.","


ñ8ÿPlanet Information: %s
ñ6ÿ
%s

ñ7ÿTerrain: 
ñ6ÿ%s  %s  %s

ñ7ÿGravity: 
ñ6ÿ%d%% %s

ñ7ÿAtmosphere: 
ñ6ÿ%s

ñ7ÿNotes: 
ñ6ÿ%s

","alt:param:number",""
"WORLDTXT.BIN",1477,"Expect above average Cybrid technologies.","


ñ8ÿPlanet Information: %s
ñ6ÿ
%s

ñ7ÿTerrain: 
ñ6ÿ%s  %s  %s

ñ7ÿGravity: 
ñ6ÿ%d%% %s

ñ7ÿAtmosphere: 
ñ6ÿ%s

ñ7ÿNotes: 
ñ6ÿ%s

","alt:param:number",""
"WORLDTXT.BIN",1478,"Expect above average Cybrid technologies.","


ñ8ÿPlanet Information: %s
ñ6ÿ
%s

ñ7ÿTerrain: 
ñ6ÿ%s  %s  %s

ñ7ÿGravity: 
ñ6ÿ%d%% %s

ñ7ÿAtmosphere: 
ñ6ÿ%s

ñ7ÿNotes: 
ñ6ÿ%s

","alt:param:number",""
"WORLDTXT.BIN",1479,"Expect above average Cybrid technologies.","


ñ8ÿPlanet Information: %s
ñ6ÿ
%s

ñ7ÿTerrain: 
ñ6ÿ%s  %s  %s

ñ7ÿGravity: 
ñ6ÿ%d%% %s

ñ7ÿAtmosphere: 
ñ6ÿ%s

ñ7ÿNotes: 
ñ6ÿ%s

","alt:param:number",""
"WORLDTXT.BIN",1480,"Expect above average Cybrid technologies.","


ñ8ÿPlanet Information: %s
ñ6ÿ
%s

ñ7ÿTerrain: 
ñ6ÿ%s  %s  %s

ñ7ÿGravity: 
ñ6ÿ%d%% %s

ñ7ÿAtmosphere: 
ñ6ÿ%s

ñ7ÿNotes: 
ñ6ÿ%s

","alt:param:number",""
"WORLDTXT.BIN",1481,"Expect above average Cybrid technologies.","


ñ8ÿPlanet Information: %s
ñ6ÿ
%s

ñ7ÿTerrain: 
ñ6ÿ%s  %s  %s

ñ7ÿGravity: 
ñ6ÿ%d%% %s

ñ7ÿAtmosphere: 
ñ6ÿ%s

ñ7ÿNotes: 
ñ6ÿ%s

","alt:param:number",""
"WORLDTXT.BIN",1482,"Expect above average Cybrid technologies.","


ñ8ÿPlanet Information: %s
ñ6ÿ
%s

ñ7ÿTerrain: 
ñ6ÿ%s  %s  %s

ñ7ÿGravity: 
ñ6ÿ%d%% %s

ñ7ÿAtmosphere: 
ñ6ÿ%s

ñ7ÿNotes: 
ñ6ÿ%s

","alt:param:number",""
"WORLDTXT.BIN",1483,"Expect above average Cybrid technologies.","


ñ8ÿPlanet Information: %s
ñ6ÿ
%s

ñ7ÿTerrain: 
ñ6ÿ%s  %s  %s

ñ7ÿGravity: 
ñ6ÿ%d%% %s

ñ7ÿAtmosphere: 
ñ6ÿ%s

ñ7ÿNotes: 
ñ6ÿ%s

","alt:param:number",""
"WORLDTXT.BIN",1484,"Expect above average Cybrid technologies.","


ñ8ÿPlanet Information: %s
ñ6ÿ
%s

ñ7ÿTerrain: 
ñ6ÿ%s  %s  %s

ñ7ÿGravity: 
ñ6ÿ%d%% %s

ñ7ÿAtmosphere: 
ñ6ÿ%s

ñ7ÿNotes: 
ñ6ÿ%s

","alt:param:number",""
"WORLDTXT.BIN",1485,"Expect above average Cybrid technologies.","


ñ8ÿPlanet Information: %s
ñ6ÿ
%s

ñ7ÿTerrain: 
ñ6ÿ%s  %s  %s

ñ7ÿGravity: 
ñ6ÿ%d%% %s

ñ7ÿAtmosphere: 
ñ6ÿ%s

ñ7ÿNotes: 
ñ6ÿ%s

","alt:param:number",""
"WORLDTXT.BIN",1486,"Expect above average Cybrid technologies.","


ñ8ÿPlanet Information: %s
ñ6ÿ
%s

ñ7ÿTerrain: 
ñ6ÿ%s  %s  %s

ñ7ÿGravity: 
ñ6ÿ%d%% %s

ñ7ÿAtmosphere: 
ñ6ÿ%s

ñ7ÿNotes: 
ñ6ÿ%s

","alt:param:number",""
"WORLDTXT.BIN",1487,"Expect above average Cybrid technologies.","


ñ8ÿPlanet Information: %s
ñ6ÿ
%s

ñ7ÿTerrain: 
ñ6ÿ%s  %s  %s

ñ7ÿGravity: 
ñ6ÿ%d%% %s

ñ7ÿAtmosphere: 
ñ6ÿ%s

ñ7ÿNotes: 
ñ6ÿ%s

","alt:param:number",""
"WORLDTXT.BIN",1488,"Expect above average Cybrid technologies.","


ñ8ÿPlanet Information: %s
ñ6ÿ
%s

ñ7ÿTerrain: 
ñ6ÿ%s  %s  %s

ñ7ÿGravity: 
ñ6ÿ%d%% %s

ñ7ÿAtmosphere: 
ñ6ÿ%s

ñ7ÿNotes: 
ñ6ÿ%s

","alt:param:number",""
"WORLDTXT.BIN",1489,"Expect above average Cybrid technologies.","


ñ8ÿPlanet Information: %s
ñ6ÿ
%s

ñ7ÿTerrain: 
ñ6ÿ%s  %s  %s

ñ7ÿGravity: 
ñ6ÿ%d%% %s

ñ7ÿAtmosphere: 
ñ6ÿ%s

ñ7ÿNotes: 
ñ6ÿ%s

","alt:param:number",""
"WORLDTXT.BIN",1490,"Expect above average Cybrid technologies.","


ñ8ÿPlanet Information: %s
ñ6ÿ
%s

ñ7ÿTerrain: 
ñ6ÿ%s  %s  %s

ñ7ÿGravity: 
ñ6ÿ%d%% %s

ñ7ÿAtmosphere: 
ñ6ÿ%s

ñ7ÿNotes: 
ñ6ÿ%s

","alt:param:number",""
"WORLDTXT.BIN",1491,"Expect above average Cybrid technologies.","


ñ8ÿPlanet Information: %s
ñ6ÿ
%s

ñ7ÿTerrain: 
ñ6ÿ%s  %s  %s

ñ7ÿGravity: 
ñ6ÿ%d%% %s

ñ7ÿAtmosphere: 
ñ6ÿ%s

ñ7ÿNotes: 
ñ6ÿ%s

","alt:param:number",""
"WORLDTXT.BIN",1492,"Expect above average Cybrid technologies.","


ñ8ÿPlanet Information: %s
ñ6ÿ
%s

ñ7ÿTerrain: 
ñ6ÿ%s  %s  %s

ñ7ÿGravity: 
ñ6ÿ%d%% %s

ñ7ÿAtmosphere: 
ñ6ÿ%s

ñ7ÿNotes: 
ñ6ÿ%s

","alt:param:number",""
"WORLDTXT.BIN",1493,"Expect above average Cybrid technologies.","


ñ8ÿPlanet Information: %s
ñ6ÿ
%s

ñ7ÿTerrain: 
ñ6ÿ%s  %s  %s

ñ7ÿGravity: 
ñ6ÿ%d%% %s

ñ7ÿAtmosphere: 
ñ6ÿ%s

ñ7ÿNotes: 
ñ6ÿ%s

","alt:param:number",""
"WORLDTXT.BIN",1494,"Expect above average Cybrid technologies.","


ñ8ÿPlanet Information: %s
ñ6ÿ
%s

ñ7ÿTerrain: 
ñ6ÿ%s  %s  %s

ñ7ÿGravity: 
ñ6ÿ%d%% %s

ñ7ÿAtmosphere: 
ñ6ÿ%s

ñ7ÿNotes: 
ñ6ÿ%s

","alt:param:number",""
"WORLDTXT.BIN",1495,"Expect above average Cybrid technologies.","


ñ8ÿPlanet Information: %s
ñ6ÿ
%s

ñ7ÿTerrain: 
ñ6ÿ%s  %s  %s

ñ7ÿGravity: 
ñ6ÿ%d%% %s

ñ7ÿAtmosphere: 
ñ6ÿ%s

ñ7ÿNotes: 
ñ6ÿ%s

","alt:param:number",""
"WORLDTXT.BIN",1496,"Expect above average Cybrid technologies.","


ñ8ÿPlanet Information: %s
ñ6ÿ
%s

ñ7ÿTerrain: 
ñ6ÿ%s  %s  %s

ñ7ÿGravity: 
ñ6ÿ%d%% %s

ñ7ÿAtmosphere: 
ñ6ÿ%s

ñ7ÿNotes: 
ñ6ÿ%s

","alt:param:number",""
"WORLDTXT.BIN",1497,"Expect above average Cybrid technologies.","


ñ8ÿPlanet Information: %s
ñ6ÿ
%s

ñ7ÿTerrain: 
ñ6ÿ%s  %s  %s

ñ7ÿGravity: 
ñ6ÿ%d%% %s

ñ7ÿAtmosphere: 
ñ6ÿ%s

ñ7ÿNotes: 
ñ6ÿ%s

","alt:param:number",""
"WORLDTXT.BIN",1498,"Expect above average Cybrid technologies.","


ñ8ÿPlanet Information: %s
ñ6ÿ
%s

ñ7ÿTerrain: 
ñ6ÿ%s  %s  %s

ñ7ÿGravity: 
ñ6ÿ%d%% %s

ñ7ÿAtmosphere: 
ñ6ÿ%s

ñ7ÿNotes: 
ñ6ÿ%s

","alt:param:number",""
"WORLDTXT.BIN",1499,"Expect above average Cybrid technologies.","


ñ8ÿPlanet Information: %s
ñ6ÿ
%s

ñ7ÿTerrain: 
ñ6ÿ%s  %s  %s

ñ7ÿGravity: 
ñ6ÿ%d%% %s

ñ7ÿAtmosphere: 
ñ6ÿ%s

ñ7ÿNotes: 
ñ6ÿ%s

","alt:param:number",""
"WORLDTXT.BIN",1500,"Expect above average Cybrid technologies.","


ñ8ÿPlanet Information: %s
ñ6ÿ
%s

ñ7ÿTerrain: 
ñ6ÿ%s  %s  %s

ñ7ÿGravity: 
ñ6ÿ%d%% %s

ñ7ÿAtmosphere: 
ñ6ÿ%s

ñ7ÿNotes: 
ñ6ÿ%s

","alt:param:number",""
"WORLDTXT.BIN",1501,"Expect above average Cybrid technologies.","


ñ8ÿPlanet Information: %s
ñ6ÿ
%s

ñ7ÿTerrain: 
ñ6ÿ%s  %s  %s

ñ7ÿGravity: 
ñ6ÿ%d%% %s

ñ7ÿAtmosphere: 
ñ6ÿ%s

ñ7ÿNotes: 
ñ6ÿ%s

","alt:param:number",""
"WORLDTXT.BIN",1502,"Expect above average Cybrid technologies.","


ñ8ÿPlanet Information: %s
ñ6ÿ
%s

ñ7ÿTerrain: 
ñ6ÿ%s  %s  %s

ñ7ÿGravity: 
ñ6ÿ%d%% %s

ñ7ÿAtmosphere: 
ñ6ÿ%s

ñ7ÿNotes: 
ñ6ÿ%s

","alt:param:number",""
"WORLDTXT.BIN",1503,"Expect above average Cybrid technologies.","


ñ8ÿPlanet Information: %s
ñ6ÿ
%s

ñ7ÿTerrain: 
ñ6ÿ%s  %s  %s

ñ7ÿGravity: 
ñ6ÿ%d%% %s

ñ7ÿAtmosphere: 
ñ6ÿ%s

ñ7ÿNotes: 
ñ6ÿ%s

","alt:param:number",""
"WORLDTXT.BIN",1504,"Expect above average Cybrid technologies.","


ñ8ÿPlanet Information: %s
ñ6ÿ
%s

ñ7ÿTerrain: 
ñ6ÿ%s  %s  %s

ñ7ÿGravity: 
ñ6ÿ%d%% %s

ñ7ÿAtmosphere: 
ñ6ÿ%s

ñ7ÿNotes: 
ñ6ÿ%s

","alt:param:number",""
"WORLDTXT.BIN",1505,"Expect above average Cybrid technologies.","


ñ8ÿPlanet Information: %s
ñ6ÿ
%s

ñ7ÿTerrain: 
ñ6ÿ%s  %s  %s

ñ7ÿGravity: 
ñ6ÿ%d%% %s

ñ7ÿAtmosphere: 
ñ6ÿ%s

ñ7ÿNotes: 
ñ6ÿ%s

","alt:param:number",""
"WORLDTXT.BIN",1506,"Expect above average Cybrid technologies.","


ñ8ÿPlanet Information: %s
ñ6ÿ
%s

ñ7ÿTerrain: 
ñ6ÿ%s  %s  %s

ñ7ÿGravity: 
ñ6ÿ%d%% %s

ñ7ÿAtmosphere: 
ñ6ÿ%s

ñ7ÿNotes: 
ñ6ÿ%s

","alt:param:number",""
"WORLDTXT.BIN",1507,"Expect above average Cybrid technologies.","


ñ8ÿPlanet Information: %s
ñ6ÿ
%s

ñ7ÿTerrain: 
ñ6ÿ%s  %s  %s

ñ7ÿGravity: 
ñ6ÿ%d%% %s

ñ7ÿAtmosphere: 
ñ6ÿ%s

ñ7ÿNotes: 
ñ6ÿ%s

","alt:param:number",""
"WORLDTXT.BIN",1508,"Expect above average Cybrid technologies.","


ñ8ÿPlanet Information: %s
ñ6ÿ
%s

ñ7ÿTerrain: 
ñ6ÿ%s  %s  %s

ñ7ÿGravity: 
ñ6ÿ%d%% %s

ñ7ÿAtmosphere: 
ñ6ÿ%s

ñ7ÿNotes: 
ñ6ÿ%s

","alt:param:number",""
"WORLDTXT.BIN",1509,"Expect above average Cybrid technologies.","


ñ8ÿPlanet Information: %s
ñ6ÿ
%s

ñ7ÿTerrain: 
ñ6ÿ%s  %s  %s

ñ7ÿGravity: 
ñ6ÿ%d%% %s

ñ7ÿAtmosphere: 
ñ6ÿ%s

ñ7ÿNotes: 
ñ6ÿ%s

","alt:param:number",""
"WORLDTXT.BIN",1510,"Expect above average Cybrid technologies.","


ñ8ÿPlanet Information: %s
ñ6ÿ
%s

ñ7ÿTerrain: 
ñ6ÿ%s  %s  %s

ñ7ÿGravity: 
ñ6ÿ%d%% %s

ñ7ÿAtmosphere: 
ñ6ÿ%s

ñ7ÿNotes: 
ñ6ÿ%s

","alt:param:number",""
"WORLDTXT.BIN",1511,"Expect above average Cybrid technologies.","


ñ8ÿPlanet Information: %s
ñ6ÿ
%s

ñ7ÿTerrain: 
ñ6ÿ%s  %s  %s

ñ7ÿGravity: 
ñ6ÿ%d%% %s

ñ7ÿAtmosphere: 
ñ6ÿ%s

ñ7ÿNotes: 
ñ6ÿ%s

","alt:param:number",""
"WORLDTXT.BIN",1512,"Expect above average Cybrid technologies.","


ñ8ÿPlanet Information: %s
ñ6ÿ
%s

ñ7ÿTerrain: 
ñ6ÿ%s  %s  %s

ñ7ÿGravity: 
ñ6ÿ%d%% %s

ñ7ÿAtmosphere: 
ñ6ÿ%s

ñ7ÿNotes: 
ñ6ÿ%s

","alt:param:number",""
"WORLDTXT.BIN",1513,"Expect above average Cybrid technologies.","


ñ8ÿPlanet Information: %s
ñ6ÿ
%s

ñ7ÿTerrain: 
ñ6ÿ%s  %s  %s

ñ7ÿGravity: 
ñ6ÿ%d%% %s

ñ7ÿAtmosphere: 
ñ6ÿ%s

ñ7ÿNotes: 
ñ6ÿ%s

","alt:param:number",""
"WORLDTXT.BIN",1514,"Expect above average Cybrid technologies.","


ñ8ÿPlanet Information: %s
ñ6ÿ
%s

ñ7ÿTerrain: 
ñ6ÿ%s  %s  %s

ñ7ÿGravity: 
ñ6ÿ%d%% %s

ñ7ÿAtmosphere: 
ñ6ÿ%s

ñ7ÿNotes: 
ñ6ÿ%s

","alt:param:number",""
"WORLDTXT.BIN",1515,"Expect above average Cybrid technologies.","


ñ8ÿPlanet Information: %s
ñ6ÿ
%s

ñ7ÿTerrain: 
ñ6ÿ%s  %s  %s

ñ7ÿGravity: 
ñ6ÿ%d%% %s

ñ7ÿAtmosphere: 
ñ6ÿ%s

ñ7ÿNotes: 
ñ6ÿ%s

","alt:param:number",""
"WORLDTXT.BIN",1516,"Expect above average Cybrid technologies.","


ñ8ÿPlanet Information: %s
ñ6ÿ
%s

ñ7ÿTerrain: 
ñ6ÿ%s  %s  %s

ñ7ÿGravity: 
ñ6ÿ%d%% %s

ñ7ÿAtmosphere: 
ñ6ÿ%s

ñ7ÿNotes: 
ñ6ÿ%s

","alt:param:number",""
"WORLDTXT.BIN",1517,"Expect above average Cybrid technologies.","


ñ8ÿPlanet Information: %s
ñ6ÿ
%s

ñ7ÿTerrain: 
ñ6ÿ%s  %s  %s

ñ7ÿGravity: 
ñ6ÿ%d%% %s

ñ7ÿAtmosphere: 
ñ6ÿ%s

ñ7ÿNotes: 
ñ6ÿ%s

","alt:param:number",""
"WORLDTXT.BIN",1518,"Expect above average Cybrid technologies.","


ñ8ÿPlanet Information: %s
ñ6ÿ
%s

ñ7ÿTerrain: 
ñ6ÿ%s  %s  %s

ñ7ÿGravity: 
ñ6ÿ%d%% %s

ñ7ÿAtmosphere: 
ñ6ÿ%s

ñ7ÿNotes: 
ñ6ÿ%s

","alt:param:number",""
"WORLDTXT.BIN",1519,"Expect above average Cybrid technologies.","


ñ8ÿPlanet Information: %s
ñ6ÿ
%s

ñ7ÿTerrain: 
ñ6ÿ%s  %s  %s

ñ7ÿGravity: 
ñ6ÿ%d%% %s

ñ7ÿAtmosphere: 
ñ6ÿ%s

ñ7ÿNotes: 
ñ6ÿ%s

","alt:param:number",""
"WORLDTXT.BIN",1520,"Expect above average Cybrid technologies.","


ñ8ÿPlanet Information: %s
ñ6ÿ
%s

ñ7ÿTerrain: 
ñ6ÿ%s  %s  %s

ñ7ÿGravity: 
ñ6ÿ%d%% %s

ñ7ÿAtmosphere: 
ñ6ÿ%s

ñ7ÿNotes: 
ñ6ÿ%s

","alt:param:number",""
"WORLDTXT.BIN",1521,"Expect above average Cybrid technologies.","


ñ8ÿPlanet Information: %s
ñ6ÿ
%s

ñ7ÿTerrain: 
ñ6ÿ%s  %s  %s

ñ7ÿGravity: 
ñ6ÿ%d%% %s

ñ7ÿAtmosphere: 
ñ6ÿ%s

ñ7ÿNotes: 
ñ6ÿ%s

","alt:param:number",""
"WORLDTXT.BIN",1522,"Expect above average Cybrid technologies.","


ñ8ÿPlanet Information: %s
ñ6ÿ
%s

ñ7ÿTerrain: 
ñ6ÿ%s  %s  %s

ñ7ÿGravity: 
ñ6ÿ%d%% %s

ñ7ÿAtmosphere: 
ñ6ÿ%s

ñ7ÿNotes: 
ñ6ÿ%s

","alt:param:number",""
"WORLDTXT.BIN",1523,"Expect above average Cybrid technologies.","


ñ8ÿPlanet Information: %s
ñ6ÿ
%s

ñ7ÿTerrain: 
ñ6ÿ%s  %s  %s

ñ7ÿGravity: 
ñ6ÿ%d%% %s

ñ7ÿAtmosphere: 
ñ6ÿ%s

ñ7ÿNotes: 
ñ6ÿ%s

","alt:param:number",""
"WORLDTXT.BIN",1524,"Expect above average Cybrid technologies.","


ñ8ÿPlanet Information: %s
ñ6ÿ
%s

ñ7ÿTerrain: 
ñ6ÿ%s  %s  %s

ñ7ÿGravity: 
ñ6ÿ%d%% %s

ñ7ÿAtmosphere: 
ñ6ÿ%s

ñ7ÿNotes: 
ñ6ÿ%s

","alt:param:number",""
"WORLDTXT.BIN",1525,"Expect above average Cybrid technologies.","


ñ8ÿPlanet Information: %s
ñ6ÿ
%s

ñ7ÿTerrain: 
ñ6ÿ%s  %s  %s

ñ7ÿGravity: 
ñ6ÿ%d%% %s

ñ7ÿAtmosphere: 
ñ6ÿ%s

ñ7ÿNotes: 
ñ6ÿ%s

","alt:param:number",""
"WORLDTXT.BIN",1526,"Expect above average Cybrid technologies.","


ñ8ÿPlanet Information: %s
ñ6ÿ
%s

ñ7ÿTerrain: 
ñ6ÿ%s  %s  %s

ñ7ÿGravity: 
ñ6ÿ%d%% %s

ñ7ÿAtmosphere: 
ñ6ÿ%s

ñ7ÿNotes: 
ñ6ÿ%s

","alt:param:number",""
"WORLDTXT.BIN",1527,"Expect above average Cybrid technologies.","


ñ8ÿPlanet Information: %s
ñ6ÿ
%s

ñ7ÿTerrain: 
ñ6ÿ%s  %s  %s

ñ7ÿGravity: 
ñ6ÿ%d%% %s

ñ7ÿAtmosphere: 
ñ6ÿ%s

ñ7ÿNotes: 
ñ6ÿ%s

","alt:param:number",""
"WORLDTXT.BIN",1528,"Expect above average Cybrid technologies.","


ñ8ÿPlanet Information: %s
ñ6ÿ
%s

ñ7ÿTerrain: 
ñ6ÿ%s  %s  %s

ñ7ÿGravity: 
ñ6ÿ%d%% %s

ñ7ÿAtmosphere: 
ñ6ÿ%s

ñ7ÿNotes: 
ñ6ÿ%s

","alt:param:number",""
"WORLDTXT.BIN",1529,"Expect above average Cybrid technologies.","


ñ8ÿPlanet Information: %s
ñ6ÿ
%s

ñ7ÿTerrain: 
ñ6ÿ%s  %s  %s

ñ7ÿGravity: 
ñ6ÿ%d%% %s

ñ7ÿAtmosphere: 
ñ6ÿ%s

ñ7ÿNotes: 
ñ6ÿ%s

","alt:param:number",""
"WORLDTXT.BIN",1530,"Expect above average Cybrid technologies.","


ñ8ÿPlanet Information: %s
ñ6ÿ
%s

ñ7ÿTerrain: 
ñ6ÿ%s  %s  %s

ñ7ÿGravity: 
ñ6ÿ%d%% %s

ñ7ÿAtmosphere: 
ñ6ÿ%s

ñ7ÿNotes: 
ñ6ÿ%s

","alt:param:number",""
"WORLDTXT.BIN",1531,"Expect above average Cybrid technologies.","


ñ8ÿPlanet Information: %s
ñ6ÿ
%s

ñ7ÿTerrain: 
ñ6ÿ%s  %s  %s

ñ7ÿGravity: 
ñ6ÿ%d%% %s

ñ7ÿAtmosphere: 
ñ6ÿ%s

ñ7ÿNotes: 
ñ6ÿ%s

","alt:param:number",""
"WORLDTXT.BIN",1532,"Expect above average Cybrid technologies.","


ñ8ÿPlanet Information: %s
ñ6ÿ
%s

ñ7ÿTerrain: 
ñ6ÿ%s  %s  %s

ñ7ÿGravity: 
ñ6ÿ%d%% %s

ñ7ÿAtmosphere: 
ñ6ÿ%s

ñ7ÿNotes: 
ñ6ÿ%s

","alt:param:number",""
"WORLDTXT.BIN",1533,"Expect above average Cybrid technologies.","


ñ8ÿPlanet Information: %s
ñ6ÿ
%s

ñ7ÿTerrain: 
ñ6ÿ%s  %s  %s

ñ7ÿGravity: 
ñ6ÿ%d%% %s

ñ7ÿAtmosphere: 
ñ6ÿ%s

ñ7ÿNotes: 
ñ6ÿ%s

","alt:param:number",""
"WORLDTXT.BIN",1534,"Expect above average Cybrid technologies.","


ñ8ÿPlanet Information: %s
ñ6ÿ
%s

ñ7ÿTerrain: 
ñ6ÿ%s  %s  %s

ñ7ÿGravity: 
ñ6ÿ%d%% %s

ñ7ÿAtmosphere: 
ñ6ÿ%s

ñ7ÿNotes: 
ñ6ÿ%s

","alt:param:number",""
"WORLDTXT.BIN",1535,"Expect above average Cybrid technologies.","


ñ8ÿPlanet Information: %s
ñ6ÿ
%s

ñ7ÿTerrain: 
ñ6ÿ%s  %s  %s

ñ7ÿGravity: 
ñ6ÿ%d%% %s

ñ7ÿAtmosphere: 
ñ6ÿ%s

ñ7ÿNotes: 
ñ6ÿ%s

","alt:param:number",""
"WORLDTXT.BIN",1536,"Expect above average Cybrid technologies.","


ñ8ÿPlanet Information: %s
ñ6ÿ
%s

ñ7ÿTerrain: 
ñ6ÿ%s  %s  %s

ñ7ÿGravity: 
ñ6ÿ%d%% %s

ñ7ÿAtmosphere: 
ñ6ÿ%s

ñ7ÿNotes: 
ñ6ÿ%s

","alt:param:number",""
"WORLDTXT.BIN",1537,"Expect above average Cybrid technologies.","


ñ8ÿPlanet Information: %s
ñ6ÿ
%s

ñ7ÿTerrain: 
ñ6ÿ%s  %s  %s

ñ7ÿGravity: 
ñ6ÿ%d%% %s

ñ7ÿAtmosphere: 
ñ6ÿ%s

ñ7ÿNotes: 
ñ6ÿ%s

","alt:param:number",""
"WORLDTXT.BIN",1538,"Expect above average Cybrid technologies.","


ñ8ÿPlanet Information: %s
ñ6ÿ
%s

ñ7ÿTerrain: 
ñ6ÿ%s  %s  %s

ñ7ÿGravity: 
ñ6ÿ%d%% %s

ñ7ÿAtmosphere: 
ñ6ÿ%s

ñ7ÿNotes: 
ñ6ÿ%s

","alt:param:number",""
"WORLDTXT.BIN",1539,"Expect above average Cybrid technologies.","


ñ8ÿPlanet Information: %s
ñ6ÿ
%s

ñ7ÿTerrain: 
ñ6ÿ%s  %s  %s

ñ7ÿGravity: 
ñ6ÿ%d%% %s

ñ7ÿAtmosphere: 
ñ6ÿ%s

ñ7ÿNotes: 
ñ6ÿ%s

","alt:param:number",""
"WORLDTXT.BIN",1540,"Expect above average Cybrid technologies.","


ñ8ÿPlanet Information: %s
ñ6ÿ
%s

ñ7ÿTerrain: 
ñ6ÿ%s  %s  %s

ñ7ÿGravity: 
ñ6ÿ%d%% %s

ñ7ÿAtmosphere: 
ñ6ÿ%s

ñ7ÿNotes: 
ñ6ÿ%s

","alt:param:number",""
"WORLDTXT.BIN",1541,"Expect above average Cybrid technologies.","


ñ8ÿPlanet Information: %s
ñ6ÿ
%s

ñ7ÿTerrain: 
ñ6ÿ%s  %s  %s

ñ7ÿGravity: 
ñ6ÿ%d%% %s

ñ7ÿAtmosphere: 
ñ6ÿ%s

ñ7ÿNotes: 
ñ6ÿ%s

","alt:param:number",""
"WORLDTXT.BIN",1542,"Expect above average Cybrid technologies.","


ñ8ÿPlanet Information: %s
ñ6ÿ
%s

ñ7ÿTerrain: 
ñ6ÿ%s  %s  %s

ñ7ÿGravity: 
ñ6ÿ%d%% %s

ñ7ÿAtmosphere: 
ñ6ÿ%s

ñ7ÿNotes: 
ñ6ÿ%s

","alt:param:number",""
"WORLDTXT.BIN",1543,"Expect above average Cybrid technologies.","


ñ8ÿPlanet Information: %s
ñ6ÿ
%s

ñ7ÿTerrain: 
ñ6ÿ%s  %s  %s

ñ7ÿGravity: 
ñ6ÿ%d%% %s

ñ7ÿAtmosphere: 
ñ6ÿ%s

ñ7ÿNotes: 
ñ6ÿ%s

","alt:param:number",""
"WORLDTXT.BIN",1544,"Expect above average Cybrid technologies.","


ñ8ÿPlanet Information: %s
ñ6ÿ
%s

ñ7ÿTerrain: 
ñ6ÿ%s  %s  %s

ñ7ÿGravity: 
ñ6ÿ%d%% %s

ñ7ÿAtmosphere: 
ñ6ÿ%s

ñ7ÿNotes: 
ñ6ÿ%s

","alt:param:number",""
"WORLDTXT.BIN",1545,"Expect above average Cybrid technologies.","


ñ8ÿPlanet Information: %s
ñ6ÿ
%s

ñ7ÿTerrain: 
ñ6ÿ%s  %s  %s

ñ7ÿGravity: 
ñ6ÿ%d%% %s

ñ7ÿAtmosphere: 
ñ6ÿ%s

ñ7ÿNotes: 
ñ6ÿ%s

","alt:param:number",""
"WORLDTXT.BIN",1546,"Expect above average Cybrid technologies.","


ñ8ÿPlanet Information: %s
ñ6ÿ
%s

ñ7ÿTerrain: 
ñ6ÿ%s  %s  %s

ñ7ÿGravity: 
ñ6ÿ%d%% %s

ñ7ÿAtmosphere: 
ñ6ÿ%s

ñ7ÿNotes: 
ñ6ÿ%s

","alt:param:number",""
"WORLDTXT.BIN",1547,"Expect above average Cybrid technologies.","


ñ8ÿPlanet Information: %s
ñ6ÿ
%s

ñ7ÿTerrain: 
ñ6ÿ%s  %s  %s

ñ7ÿGravity: 
ñ6ÿ%d%% %s

ñ7ÿAtmosphere: 
ñ6ÿ%s

ñ7ÿNotes: 
ñ6ÿ%s

","alt:param:number",""
"WORLDTXT.BIN",1548,"Expect above average Cybrid technologies.","


ñ8ÿPlanet Information: %s
ñ6ÿ
%s

ñ7ÿTerrain: 
ñ6ÿ%s  %s  %s

ñ7ÿGravity: 
ñ6ÿ%d%% %s

ñ7ÿAtmosphere: 
ñ6ÿ%s

ñ7ÿNotes: 
ñ6ÿ%s

","alt:param:number",""
"WORLDTXT.BIN",1549,"Expect above average Cybrid technologies.","


ñ8ÿPlanet Information: %s
ñ6ÿ
%s

ñ7ÿTerrain: 
ñ6ÿ%s  %s  %s

ñ7ÿGravity: 
ñ6ÿ%d%% %s

ñ7ÿAtmosphere: 
ñ6ÿ%s

ñ7ÿNotes: 
ñ6ÿ%s

","alt:param:number",""
"WORLDTXT.BIN",1550,"Expect above average Cybrid technologies.","


ñ8ÿPlanet Information: %s
ñ6ÿ
%s

ñ7ÿTerrain: 
ñ6ÿ%s  %s  %s

ñ7ÿGravity: 
ñ6ÿ%d%% %s

ñ7ÿAtmosphere: 
ñ6ÿ%s

ñ7ÿNotes: 
ñ6ÿ%s

","alt:param:number",""
"WORLDTXT.BIN",1551,"Expect above average Cybrid technologies.","


ñ8ÿPlanet Information: %s
ñ6ÿ
%s

ñ7ÿTerrain: 
ñ6ÿ%s  %s  %s

ñ7ÿGravity: 
ñ6ÿ%d%% %s

ñ7ÿAtmosphere: 
ñ6ÿ%s

ñ7ÿNotes: 
ñ6ÿ%s

","alt:param:number",""
"WORLDTXT.BIN",1552,"Expect above average Cybrid technologies.","


ñ8ÿPlanet Information: %s
ñ6ÿ
%s

ñ7ÿTerrain: 
ñ6ÿ%s  %s  %s

ñ7ÿGravity: 
ñ6ÿ%d%% %s

ñ7ÿAtmosphere: 
ñ6ÿ%s

ñ7ÿNotes: 
ñ6ÿ%s

","alt:param:number",""
"WORLDTXT.BIN",1553,"Expect above average Cybrid technologies.","


ñ8ÿPlanet Information: %s
ñ6ÿ
%s

ñ7ÿTerrain: 
ñ6ÿ%s  %s  %s

ñ7ÿGravity: 
ñ6ÿ%d%% %s

ñ7ÿAtmosphere: 
ñ6ÿ%s

ñ7ÿNotes: 
ñ6ÿ%s

","alt:param:number",""
"WORLDTXT.BIN",1554,"Expect above average Cybrid technologies.","


ñ8ÿPlanet Information: %s
ñ6ÿ
%s

ñ7ÿTerrain: 
ñ6ÿ%s  %s  %s

ñ7ÿGravity: 
ñ6ÿ%d%% %s

ñ7ÿAtmosphere: 
ñ6ÿ%s

ñ7ÿNotes: 
ñ6ÿ%s

","alt:param:number",""
"WORLDTXT.BIN",1555,"Expect above average Cybrid technologies.","


ñ8ÿPlanet Information: %s
ñ6ÿ
%s

ñ7ÿTerrain: 
ñ6ÿ%s  %s  %s

ñ7ÿGravity: 
ñ6ÿ%d%% %s

ñ7ÿAtmosphere: 
ñ6ÿ%s

ñ7ÿNotes: 
ñ6ÿ%s

","alt:param:number",""
"WORLDTXT.BIN",1556,"Expect above average Cybrid technologies.","


ñ8ÿPlanet Information: %s
ñ6ÿ
%s

ñ7ÿTerrain: 
ñ6ÿ%s  %s  %s

ñ7ÿGravity: 
ñ6ÿ%d%% %s

ñ7ÿAtmosphere: 
ñ6ÿ%s

ñ7ÿNotes: 
ñ6ÿ%s

","alt:param:number",""
"WORLDTXT.BIN",1557,"Expect above average Cybrid technologies.","


ñ8ÿPlanet Information: %s
ñ6ÿ
%s

ñ7ÿTerrain: 
ñ6ÿ%s  %s  %s

ñ7ÿGravity: 
ñ6ÿ%d%% %s

ñ7ÿAtmosphere: 
ñ6ÿ%s

ñ7ÿNotes: 
ñ6ÿ%s

","alt:param:number",""
"WORLDTXT.BIN",1558,"Expect above average Cybrid technologies.","


ñ8ÿPlanet Information: %s
ñ6ÿ
%s

ñ7ÿTerrain: 
ñ6ÿ%s  %s  %s

ñ7ÿGravity: 
ñ6ÿ%d%% %s

ñ7ÿAtmosphere: 
ñ6ÿ%s

ñ7ÿNotes: 
ñ6ÿ%s

","alt:param:number",""
"WORLDTXT.BIN",1559,"


ñ8ÿPlanet Information: %s
ñ6ÿ
%s

ñ7ÿTerrain: 
ñ6ÿ%s  %s  %s

ñ7ÿGravity: 
ñ6ÿ%d%% %s

ñ7ÿAtmosphere: 
ñ6ÿ%s

ñ7ÿNotes: 
ñ6ÿ%s

","There is little or no atmosphere at this site.  Death is immediate without Life support.","param:number",""
"WORLDTXT.BIN",1560,"There is little or no atmosphere at this site.  Death is immediate without Life support.","This world's atmosphere falls within normal parameters and is capable of supporting life.","",""
"WORLDTXT.BIN",1561,"This world's atmosphere falls within normal parameters and is capable of supporting life.","The atmosphere on this world is rated as insufficient to support life or semi-poisonous.  If on-board Life support is destroyed, a Bioderm will eventually die.","",""
"WORLDTXT.BIN",1562,"The atmosphere on this world is rated as insufficient to support life or semi-poisonous.  If on-board Life support is destroyed, a Bioderm will eventually die.","The atmosphere on this world is rated as poisonous or life-threatening.  If on-board Life support is destroyed, a Bioderm will die quickly.","",""
"WORLDTXT.BIN",1563,"The atmosphere on this world is rated as poisonous or life-threatening.  If on-board Life support is destroyed, a Bioderm will die quickly.","The atmosphere on this world is rated as highly poisonous or life-threatening. If on-board Life support is destroyed, death is imminent.","",""
"WORLDTXT.BIN",1564,"The atmosphere on this world is rated as highly poisonous or life-threatening. If on-board Life support is destroyed, death is imminent.","The atmosphere on this world is both corrosive and/or toxic.  If on-board Life support is damaged, a Bioderm will die quickly.  Death is immediate without Life support.","",""
"WORLDTXT.BIN",1565,"The atmosphere on this world is both corrosive and/or toxic.  If on-board Life support is damaged, a Bioderm will die quickly.  Death is immediate without Life support.","The atmosphere on this world is highly corrosive and/or highly toxic.  If on-board Life support is damaged, a Bioderm will die almost immediately.  Death is immediate without Life support.","",""
"WORLDTXT.BIN",1566,"The atmosphere on this world is highly corrosive and/or highly toxic.  If on-board Life support is damaged, a Bioderm will die almost immediately.  Death is immediate without Life support.","This world's atmosphere is extremely poisonous and/or toxic.  If Life support is significantly damaged, death is immediate.","",""
"WORLDTXT.BIN",1567,"This world's atmosphere is extremely poisonous and/or toxic.  If Life support is significantly damaged, death is immediate.","The atmosphere on this world is extremely corrosive and/or highly toxic.  If on-board Life support is damaged, a Bioderm will die almost immediately.  Death is immediate without Life support.","",""
"WORLDTXT.BIN",1568,"The atmosphere on this world is extremely corrosive and/or highly toxic.  If on-board Life support is damaged, a Bioderm will die almost immediately.  Death is immediate without Life support.","The electromagnetic field surrounding this world appears to be highly polarized. It should pose no danger and may have very beneficial effects on Bioderm stability and skill implants.","",""
"WORLDTXT.BIN",1569,"The electromagnetic field surrounding this world appears to be highly polarized. It should pose no danger and may have very beneficial effects on Bioderm stability and skill implants.","The electromagnetic field surrounding this world amplifies energy emissions. It should greatly enhance the functionality of sensor systems. ","",""
"WORLDTXT.BIN",1570,"The electromagnetic field surrounding this world amplifies energy emissions. It should greatly enhance the functionality of sensor systems. ","Neutron emissions reveal the presence of a variant electromagnetic field surrounding this planet.  Shields will be much more resistant on this world.","",""
"WORLDTXT.BIN",1571,"Neutron emissions reveal the presence of a variant electromagnetic field surrounding this planet.  Shields will be much more resistant on this world.","The thin crust of this planet makes mining much easier. Mining systems will take less energy than normal to retrieve ore.","",""
"WORLDTXT.BIN",1572,"The thin crust of this planet makes mining much easier. Mining systems will take less energy than normal to retrieve ore.","The electromagnetic field surrounding this planet has a signature within normal parameters.","",""
"WORLDTXT.BIN",1573,"The electromagnetic field surrounding this planet has a signature within normal parameters.","Analysis of the electromagnetic field surrounding this planet reveals an highly variable signature. This could increase the aging rate of BGMs significantly.","",""
"WORLDTXT.BIN",1574,"Analysis of the electromagnetic field surrounding this planet reveals an highly variable signature. This could increase the aging rate of BGMs significantly.","Analysis of the electromagnetic field surrounding this planet reveals a heavy ion signature. This will greatly dampen the effectiveness of shields and energy-based weapon systems.","",""
"WORLDTXT.BIN",1575,"Analysis of the electromagnetic field surrounding this planet reveals a heavy ion signature. This will greatly dampen the effectiveness of shields and energy-based weapon systems.","There is a highly-charged electromagnetic field surrounding this planet. Sensors and targeting systems will be greatly inhibited..","",""
"WORLDTXT.BIN",1576,"There is a highly-charged electromagnetic field surrounding this planet. Sensors and targeting systems will be greatly inhibited..","Initial reports reveal the presence of an inverse electromagnetic field.  This renders all types of sensors ineffectual.","",""
"WORLDTXT.BIN",1577,"Initial reports reveal the presence of an inverse electromagnetic field.  This renders all types of sensors ineffectual.","The electromagnetic field surrounding this planet reveals a narrow ion signature. This will greatly dampen explosive effects such as area-effect missiles and destruct systems.","",""
"WORLDTXT.BIN",1578,"The electromagnetic field surrounding this planet reveals a narrow ion signature. This will greatly dampen explosive effects such as area-effect missiles and destruct systems.","The electromagnetic field surrounding this planet has a wave signature that interferes anti-grav systems, rendering them inoperative.","",""
"WORLDTXT.BIN",1579,"The electromagnetic field surrounding this planet has a wave signature that interferes anti-grav systems, rendering them inoperative.","The outer crust of this world is so dense that mining devices will require twice the normal amount of energy in order to operate.","",""
"WORLDTXT.BIN",1580,"The outer crust of this world is so dense that mining devices will require twice the normal amount of energy in order to operate.","The electromagnetic field surrounding this planet displays an inhibiting wave signature that will constrict any electronflux capacitor, rendering ELF weapons useless.","",""
"WORLDTXT.BIN",1581,"The electromagnetic field surrounding this planet displays an inhibiting wave signature that will constrict any electronflux capacitor, rendering ELF weapons useless.","The atmosphere of this world is densely saturated with particulate matter, which prevents the firing mechanisms of cannons and other ballistic weapons from operating.","",""
"WORLDTXT.BIN",1582,"The atmosphere of this world is densely saturated with particulate matter, which prevents the firing mechanisms of cannons and other ballistic weapons from operating.","This world's electromagnetic field has an acute high-frequency wave distortion which effectively shuts down missile and rocket launch mechanisms.","",""
"WORLDTXT.BIN",1583,"This world's electromagnetic field has an acute high-frequency wave distortion which effectively shuts down missile and rocket launch mechanisms.","Uses tileset #000.","",""
"WORLDTXT.BIN",1584,"Uses tileset #000.","Uses tileset #001.","",""
"WORLDTXT.BIN",1585,"Uses tileset #001.","Uses tileset #002.","",""
"WORLDTXT.BIN",1586,"Uses tileset #002.","Uses tileset #003.","",""
"WORLDTXT.BIN",1587,"Uses tileset #003.","Uses tileset #004.","",""
"WORLDTXT.BIN",1588,"Uses tileset #004.","Uses tileset #005.","",""
"WORLDTXT.BIN",1589,"Uses tileset #005.","Uses tileset #006.","",""
"WORLDTXT.BIN",1590,"Uses tileset #006.","Uses tileset #007.","",""
"WORLDTXT.BIN",1591,"Uses tileset #007.","Uses tileset #008.","",""
"WORLDTXT.BIN",1592,"Uses tileset #008.","Uses tileset #009.","",""
"WORLDTXT.BIN",1593,"Uses tileset #009.","Uses tileset #010.","",""
"WORLDTXT.BIN",1594,"Uses tileset #010.","Uses fractal height remap table #000.","",""
"WORLDTXT.BIN",1595,"Uses fractal height remap table #000.","Uses fractal height remap table #001.","",""
"WORLDTXT.BIN",1596,"Uses fractal height remap table #001.","Uses fractal height remap table #002.","",""
"WORLDTXT.BIN",1597,"Uses fractal height remap table #002.","Uses fractal height remap table #003.","",""
"WORLDTXT.BIN",1598,"Uses fractal height remap table #003.","Uses fractal height remap table #004.","",""
"WORLDTXT.BIN",1599,"Uses fractal height remap table #004.","Uses fractal height remap table #005.","",""
"WORLDTXT.BIN",1600,"Uses fractal height remap table #005.","Uses fractal height remap table #006.","",""
"WORLDTXT.BIN",1601,"Uses fractal height remap table #006.","Uses fractal height remap table #007.","",""
"WORLDTXT.BIN",1602,"Uses fractal height remap table #007.","Uses fractal height remap table #008.","",""
"WORLDTXT.BIN",1603,"Uses fractal height remap table #008.","Uses fractal height remap table #009.","",""
"WORLDTXT.BIN",1604,"Uses fractal height remap table #009.","Uses fractal height remap table #010.","",""
"WORLDTXT.BIN",1605,"Uses fractal height remap table #010.","Uses fractal height remap table #011.","",""
"WORLDTXT.BIN",1606,"Uses fractal height remap table #011.","Uses fractal height remap table #012.","",""
"WORLDTXT.BIN",1607,"Uses fractal height remap table #012.","Uses fractal height remap table #013.","",""
"WORLDTXT.BIN",1608,"Uses fractal height remap table #013.","Uses fractal height remap table #014.","",""
"WORLDTXT.BIN",1609,"Uses fractal height remap table #014.","Uses fractal height remap table #015.","",""
"WORLDTXT.BIN",1610,"Uses fractal height remap table #015.","Uses fractal height remap table #016.","",""
"WORLDTXT.BIN",1611,"Uses fractal height remap table #016.","Uses fractal height remap table #017.","",""
"WORLDTXT.BIN",1612,"Uses fractal height remap table #017.","Uses fractal height remap table #018.","",""
"WORLDTXT.BIN",1613,"Uses fractal height remap table #018.","Uses fractal height remap table #019.","",""
"WORLDTXT.BIN",1614,"Uses fractal height remap table #019.","Uses fractal height remap table #020.","",""
"WORLDTXT.BIN",1615,"Uses fractal height remap table #020.","unknown ore attributes.","",""
"WORLDTXT.BIN",1616,"unknown ore attributes.","unknown ore attributes.","",""
"WORLDTXT.BIN",1617,"unknown ore attributes.","unknown ore attributes.","",""
"WORLDTXT.BIN",1618,"unknown ore attributes.","unknown ore attributes.","",""
"WORLDTXT.BIN",1619,"unknown ore attributes.","unknown ore attributes.","",""
"WORLDTXT.BIN",1620,"unknown ore attributes.","unknown ore attributes.","",""
"WORLDTXT.BIN",1621,"unknown ore attributes.","unknown ore attributes.","",""
"WORLDTXT.BIN",1622,"unknown ore attributes.","unknown ore attributes.","",""
"WORLDTXT.BIN",1623,"unknown ore attributes.","unknown ore attributes.","",""
"WORLDTXT.BIN",1624,"unknown ore attributes.","unknown ore attributes.","",""
"WORLDTXT.BIN",1625,"unknown ore attributes.","unknown ore attributes.","",""
"WORLDTXT.BIN",1626,"unknown ore attributes.","unknown ore attributes.","",""
"WORLDTXT.BIN",1627,"unknown ore attributes.","unknown ore attributes.","",""
"WORLDTXT.BIN",1628,"unknown ore attributes.","unknown ore attributes.","",""
"WORLDTXT.BIN",1629,"unknown ore attributes.","unknown ore attributes.","",""
"WORLDTXT.BIN",1630,"unknown ore attributes.","unknown ore attributes.","",""
"WORLDTXT.BIN",1631,"unknown ore attributes.","unknown ore attributes.","",""
"WORLDTXT.BIN",1632,"unknown ore attributes.","unknown ore attributes.","",""
"WORLDTXT.BIN",1633,"unknown ore attributes.","unknown ore attributes.","",""
"WORLDTXT.BIN",1634,"unknown ore attributes.","unknown ore attributes.","",""
"WORLDTXT.BIN",1635,"unknown ore attributes.","unknown ore attributes.","",""
"WORLDTXT.BIN",1636,"unknown ore attributes.","Indigenous palm structure","",""
"WORLDTXT.BIN",1750,"Indigenous palm structure","Mineralite polyps","",""
"WORLDTXT.BIN",1751,"Mineralite polyps","Chlorolite arrangement","",""
"WORLDTXT.BIN",1752,"Chlorolite arrangement","Sonar filaments","",""
"WORLDTXT.BIN",1753,"Sonar filaments","Tropical palm","",""
"WORLDTXT.BIN",1754,"Tropical palm","Carnevorous arboritus","",""
"WORLDTXT.BIN",1755,"Carnevorous arboritus","Azurlene arrangement","",""
"WORLDTXT.BIN",1756,"Azurlene arrangement","World actor #007","",""
"WORLDTXT.BIN",1757,"World actor #007","World actor #008","",""
"WORLDTXT.BIN",1758,"World actor #008","World actor #009","",""
"WORLDTXT.BIN",1759,"World actor #009","Solar palm","",""
"WORLDTXT.BIN",1760,"Solar palm","World actor #011","",""
"WORLDTXT.BIN",1761,"World actor #011","Thoren Brandelax","",""
"WORLDTXT.BIN",1762,"Thoren Brandelax","World actor #013","",""
"WORLDTXT.BIN",1763,"World actor #013","Ancient structure","",""
"WORLDTXT.BIN",1764,"Ancient structure","Ferrous magnus","",""
"WORLDTXT.BIN",1765,"Ferrous magnus","Ancient monolith","",""
"WORLDTXT.BIN",1766,"Ancient monolith","Frozen boulder","",""
"WORLDTXT.BIN",1767,"Frozen boulder","Protaran Fascade","",""
"WORLDTXT.BIN",1768,"Protaran Fascade","World actor #019","",""
"WORLDTXT.BIN",1769,"World actor #019","World actor #020","",""
"WORLDTXT.BIN",1770,"World actor #020","World actor #021","",""
"WORLDTXT.BIN",1771,"World actor #021","World actor #022","",""
"WORLDTXT.BIN",1772,"World actor #022","World actor #023","",""
"WORLDTXT.BIN",1773,"World actor #023","World actor #024","",""
"WORLDTXT.BIN",1774,"World actor #024","World actor #025","",""
"WORLDTXT.BIN",1775,"World actor #025","World actor #026","",""
"WORLDTXT.BIN",1776,"World actor #026","World actor #027","",""
"WORLDTXT.BIN",1777,"World actor #027","World actor #028","",""
"WORLDTXT.BIN",1778,"World actor #028","World actor #029","",""
"WORLDTXT.BIN",1779,"World actor #029","World actor #030","",""
"WORLDTXT.BIN",1780,"World actor #030","World actor #031","",""
"WORLDTXT.BIN",1781,"World actor #031","World actor #032","",""
"WORLDTXT.BIN",1782,"World actor #032","World actor #033","",""
"WORLDTXT.BIN",1783,"World actor #033","World actor #034","",""
"WORLDTXT.BIN",1784,"World actor #034","World actor #035","",""
"WORLDTXT.BIN",1785,"World actor #035","World actor #036","",""
"WORLDTXT.BIN",1786,"World actor #036","World actor #037","",""
"WORLDTXT.BIN",1787,"World actor #037","World actor #038","",""
"WORLDTXT.BIN",1788,"World actor #038","World actor #039","",""
"WORLDTXT.BIN",1789,"World actor #039","World actor #040","",""
"WORLDTXT.BIN",1790,"World actor #040","World actor #041","",""
"WORLDTXT.BIN",1791,"World actor #041","World actor #042","",""
"WORLDTXT.BIN",1792,"World actor #042","World actor #043","",""
"WORLDTXT.BIN",1793,"World actor #043","World actor #044","",""
"WORLDTXT.BIN",1794,"World actor #044","World actor #045","",""
"WORLDTXT.BIN",1795,"World actor #045","World actor #046","",""
"WORLDTXT.BIN",1796,"World actor #046","World actor #047","",""
"WORLDTXT.BIN",1797,"World actor #047","World actor #048","",""
"WORLDTXT.BIN",1798,"World actor #048","World actor #049","",""
"WORLDTXT.BIN",1799,"World actor #049","World actor #050","",""
"WORLDTXT.BIN",1800,"World actor #050","World actor #051","",""
"WORLDTXT.BIN",1801,"World actor #051","World actor #052","",""
"WORLDTXT.BIN",1802,"World actor #052","World actor #053","",""
"WORLDTXT.BIN",1803,"World actor #053","World actor #054","",""
"WORLDTXT.BIN",1804,"World actor #054","World actor #055","",""
"WORLDTXT.BIN",1805,"World actor #055","World actor #056","",""
"WORLDTXT.BIN",1806,"World actor #056","World actor #057","",""
"WORLDTXT.BIN",1807,"World actor #057","World actor #058","",""
"WORLDTXT.BIN",1808,"World actor #058","World actor #059","",""
"WORLDTXT.BIN",1809,"World actor #059","World actor #060","",""
"WORLDTXT.BIN",1810,"World actor #060","World actor #061","",""
"WORLDTXT.BIN",1811,"World actor #061","World actor #062","",""
"WORLDTXT.BIN",1812,"World actor #062","World actor #063","",""
"WORLDTXT.BIN",1813,"World actor #063","World actor #064","",""
"WORLDTXT.BIN",1814,"World actor #064","World actor #065","",""
"WORLDTXT.BIN",1815,"World actor #065","World actor #066","",""
"WORLDTXT.BIN",1816,"World actor #066","World actor #067","",""
"WORLDTXT.BIN",1817,"World actor #067","World actor #068","",""
"WORLDTXT.BIN",1818,"World actor #068","World actor #069","",""
"WORLDTXT.BIN",1819,"World actor #069","World actor #070","",""
"WORLDTXT.BIN",1820,"World actor #070","World actor #071","",""
"WORLDTXT.BIN",1821,"World actor #071","World actor #072","",""
"WORLDTXT.BIN",1822,"World actor #072","World actor #073","",""
"WORLDTXT.BIN",1823,"World actor #073","World actor #074","",""
"WORLDTXT.BIN",1824,"World actor #074","World actor #075","",""
"WORLDTXT.BIN",1825,"World actor #075","World actor #076","",""
"WORLDTXT.BIN",1826,"World actor #076","World actor #077","",""
"WORLDTXT.BIN",1827,"World actor #077","World actor #078","",""
"WORLDTXT.BIN",1828,"World actor #078","World actor #079","",""
"WORLDTXT.BIN",1829,"World actor #079","World actor #080","",""
"WORLDTXT.BIN",1830,"World actor #080","World actor #081","",""
"WORLDTXT.BIN",1831,"World actor #081","World actor #082","",""
"WORLDTXT.BIN",1832,"World actor #082","World actor #083","",""
"WORLDTXT.BIN",1833,"World actor #083","World actor #084","",""
"WORLDTXT.BIN",1834,"World actor #084","World actor #085","",""
"WORLDTXT.BIN",1835,"World actor #085","World actor #086","",""
"WORLDTXT.BIN",1836,"World actor #086","World actor #087","",""
"WORLDTXT.BIN",1837,"World actor #087","World actor #088","",""
"WORLDTXT.BIN",1838,"World actor #088","World actor #089","",""
"WORLDTXT.BIN",1839,"World actor #089","World actor #090","",""
"WORLDTXT.BIN",1840,"World actor #090","World actor #091","",""
"WORLDTXT.BIN",1841,"World actor #091","World actor #092","",""
"WORLDTXT.BIN",1842,"World actor #092","World actor #093","",""
"WORLDTXT.BIN",1843,"World actor #093","World actor #094","",""
"WORLDTXT.BIN",1844,"World actor #094","World actor #095","",""
"WORLDTXT.BIN",1845,"World actor #095","World actor #096","",""
"WORLDTXT.BIN",1846,"World actor #096","World actor #097","",""
"WORLDTXT.BIN",1847,"World actor #097","World actor #098","",""
"WORLDTXT.BIN",1848,"World actor #098","World actor #099","",""
"WORLDTXT.BIN",1849,"World actor #099","World actor #100","",""
"WORLDTXT.BIN",1850,"World actor #100","","",""
"WORLDTXT.BIN",1851,"","","",""
"TECHTXT.BIN",50,"Base Genetic Models (BGM):","","",""
"TECHTXT.BIN",51,"Tola","","",""
"TECHTXT.BIN",52,"Xian","","",""
"TECHTXT.BIN",53,"Garan","","",""
"TECHTXT.BIN",54,"Kyoko","","",""
"TECHTXT.BIN",55,"Nura","","",""
"TECHTXT.BIN",56,"Persis","","",""
"TECHTXT.BIN",57,"Imra","","",""
"TECHTXT.BIN",58,"Kouras","","",""
"TECHTXT.BIN",59,"Khadisha","","",""
"TECHTXT.BIN",60,"Borok","","",""
"TECHTXT.BIN",61,"Jamax","","",""
"TECHTXT.BIN",62,"Jath","","",""
"TECHTXT.BIN",63,"Uru","","",""
"TECHTXT.BIN",64,"Elana","","",""
"TECHTXT.BIN",65,"Jarvis","","",""
"TECHTXT.BIN",66,"Crow","","",""
"TECHTXT.BIN",67,"Andra","","",""
"TECHTXT.BIN",68,"Model 001","","",""
"TECHTXT.BIN",69,"Model 101","","",""
"TECHTXT.BIN",70,"Model 110","","",""
"TECHTXT.BIN",71,"Maia","","",""
"TECHTXT.BIN",72,"Kaesar","","",""
"TECHTXT.BIN",73,"Vryl","","",""
"TECHTXT.BIN",74,"Tarn","","",""
"TECHTXT.BIN",75,"Mentor","","",""
"TECHTXT.BIN",76,"Ma-Yuan","","",""
"TECHTXT.BIN",77,"Qabal","","",""
"TECHTXT.BIN",78,"Jai","","",""
"TECHTXT.BIN",79,"Tarsus","","",""
"TECHTXT.BIN",80,"Boto","","",""
"TECHTXT.BIN",100,"Herc Configurations:","","",""
"TECHTXT.BIN",101,"None","","",""
"TECHTXT.BIN",102,"Shadow: Base","","",""
"TECHTXT.BIN",103,"Fast Shadow","","",""
"TECHTXT.BIN",104,"Remora: Base","","",""
"TECHTXT.BIN",105,"Seiki SunFire","","",""
"TECHTXT.BIN",106,"Sensei: Base","","",""
"TECHTXT.BIN",107,"Sensei 12-CCC","","",""
"TECHTXT.BIN",108,"Ogre: Base","","",""
"TECHTXT.BIN",109,"The Pagan","","",""
"TECHTXT.BIN",110,"Giant: Base","","",""
"TECHTXT.BIN",111,"Giant 102J","","",""
"TECHTXT.BIN",112,"Demon: Base","","",""
"TECHTXT.BIN",113,"Demon 218","","",""
"TECHTXT.BIN",114,"Reaper: Base","","",""
"TECHTXT.BIN",115,"Black Reaper","","",""
"TECHTXT.BIN",116,"Juggrnt: Base","","",""
"TECHTXT.BIN",117,"Annihilator","","",""
"TECHTXT.BIN",118,"Shadow Wraith","","",""
"TECHTXT.BIN",119,"Shadow Ghost","","",""
"TECHTXT.BIN",120,"Ogre","","",""
"TECHTXT.BIN",121,"Giant","","",""
"TECHTXT.BIN",122,"Demon","","",""
"TECHTXT.BIN",123,"Reaper","","",""
"TECHTXT.BIN",124,"Juggernaut","","",""
"TECHTXT.BIN",125,"Model #024","","",""
"TECHTXT.BIN",126,"Model #025","","",""
"TECHTXT.BIN",127,"Model #026","","",""
"TECHTXT.BIN",128,"Model #027","","",""
"TECHTXT.BIN",129,"Model #028","","",""
"TECHTXT.BIN",130,"Model #029","","",""
"TECHTXT.BIN",131,"Model #030","","",""
"TECHTXT.BIN",150,"Chassis Classes:","Chassis type:","",""
"TECHTXT.BIN",151,"Stub","","",""
"TECHTXT.BIN",152,"Shadow","","",""
"TECHTXT.BIN",153,"Remora","","",""
"TECHTXT.BIN",154,"Sensei","","",""
"TECHTXT.BIN",155,"Ogre","","",""
"TECHTXT.BIN",156,"Giant","","",""
"TECHTXT.BIN",157,"Demon","","",""
"TECHTXT.BIN",158,"Reaper","","",""
"TECHTXT.BIN",159,"Juggernaut","","",""
"TECHTXT.BIN",160,"Verminus","","",""
"TECHTXT.BIN",161,"Specter","","",""
"TECHTXT.BIN",162,"Parasite","","",""
"TECHTXT.BIN",163,"Cerebrus","","",""
"TECHTXT.BIN",164,"Arachnus","","",""
"TECHTXT.BIN",165,"Genocite","","",""
"TECHTXT.BIN",166,"Malignus","","",""
"TECHTXT.BIN",167,"Hades","","",""
"TECHTXT.BIN",168,"Nihilus","","",""
"TECHTXT.BIN",169,"Command Node","","",""
"TECHTXT.BIN",170,"Research Node","","",""
"TECHTXT.BIN",171,"Tunnel","","",""
"TECHTXT.BIN",172,"Sensor Array","","",""
"TECHTXT.BIN",173,"Processing Node","","",""
"TECHTXT.BIN",174,"Light Turret","","",""
"TECHTXT.BIN",175,"Missile Platform","","",""
"TECHTXT.BIN",176,"Heavy Turret","","",""
"TECHTXT.BIN",177,"Colony Hub","","",""
"TECHTXT.BIN",178,"Mining Facility","","",""
"TECHTXT.BIN",179,"Research Facility","","",""
"TECHTXT.BIN",180,"Communications Center","","",""
"TECHTXT.BIN",181,"Starship Hangar","","",""
"TECHTXT.BIN",182,"Herc Carrier","","",""
"TECHTXT.BIN",183,"Construction Node","","",""
"TECHTXT.BIN",184,"Manufacturing Node","","",""
"TECHTXT.BIN",200,"Armor Types:","Armor Type:","",""
"TECHTXT.BIN",201,"Minimal Armor","Min. Armor","",""
"TECHTXT.BIN",202,"Standard 5cm","Standard 5cm","",""
"TECHTXT.BIN",203,"Standard 11cm","Standard 11cm","",""
"TECHTXT.BIN",204,"Standard 18cm","Standard 18cm","",""
"TECHTXT.BIN",205,"Trinnium 4cm","Trinnium 4cm","",""
"TECHTXT.BIN",206,"Trinnium 10cm","Trinnium 10cm","",""
"TECHTXT.BIN",207,"Trinnium 17cm","Trinnium 17cm","",""
"TECHTXT.BIN",208,"Standard 22cm","Standard 22cm","",""
"TECHTXT.BIN",209,"Trinnium 18cm","Trinnium 18cm","",""
"TECHTXT.BIN",210,"Assault 18cm","Assault 18cm","",""
"TECHTXT.BIN",211,"Assault 23cm","Assault 23cm","",""
"TECHTXT.BIN",212,"Didrate 4.1cm","Didrate 4.1cm","",""
"TECHTXT.BIN",213,"Didrate 10.5cm","Didrate 10.5cm","",""
"TECHTXT.BIN",214,"Didrate 17.8cm","Didrate 17.8cm","",""
"TECHTXT.BIN",215,"Didrate 22.9cm","Didrate 22.9cm","",""
"TECHTXT.BIN",216,"Trinnium 22cm","Trinnium 22cm","",""
"TECHTXT.BIN",217,"Didrate 28cm","Didrate 28cm","",""
"TECHTXT.BIN",218,"Antiballistic Coat","Antiballistic Coat","",""
"TECHTXT.BIN",219,"Tri-di 8cm","Tri-di 8cm","",""
"TECHTXT.BIN",220,"Tri-di 19cm","Tri-di 19cm","",""
"TECHTXT.BIN",221,"Improved 8.6cm Assault","Impr 8.6cm Assault","",""
"TECHTXT.BIN",222,"Tri-di 27cm","Tri-di 27cm","",""
"TECHTXT.BIN",223,"Didrate 35cm","Didrate 35cm","",""
"TECHTXT.BIN",224,"Tri-di 34cm","Tri-di 34cm","",""
"TECHTXT.BIN",225,"Advanced Heat Diffusion","Adv Heat Diff","",""
"TECHTXT.BIN",226,"Liquid Tri 7.2cm","Lqd Tri 7.2cm","",""
"TECHTXT.BIN",227,"Liquid Tri 18cm","Lqd Tri 18cm","",""
"TECHTXT.BIN",228,"Liquid Tri 26.6cm","Lqd Tri 26.6cm","",""
"TECHTXT.BIN",229,"Liquid Tri 33.1cm","Lqd Tri 33.1cm","",""
"TECHTXT.BIN",230,"Heavy Assault","Heavy Assault","",""
"TECHTXT.BIN",231,"Crystalline Mesh","Crystalline Mesh","",""
"TECHTXT.BIN",232,"Clearplast","Clearplast","",""
"TECHTXT.BIN",250,"Drive Systems:","","",""
"TECHTXT.BIN",251,"NA","","",""
"TECHTXT.BIN",252,"Pre-Flexive R1","","",""
"TECHTXT.BIN",253,"Flexive R1","","",""
"TECHTXT.BIN",254,"Improved R1","","",""
"TECHTXT.BIN",255,"Trivate R1","","",""
"TECHTXT.BIN",256,"Pre-Flexive R2","","",""
"TECHTXT.BIN",257,"Flexive R2","","",""
"TECHTXT.BIN",258,"Improved R2","","",""
"TECHTXT.BIN",259,"Trivate R2","","",""
"TECHTXT.BIN",260,"Pre-Flexive R3","","",""
"TECHTXT.BIN",261,"Flexive R3","","",""
"TECHTXT.BIN",262,"Improved R3","","",""
"TECHTXT.BIN",263,"Trivate R3","","",""
"TECHTXT.BIN",264,"Pre-Flexive R4","","",""
"TECHTXT.BIN",265,"Flexive R4","","",""
"TECHTXT.BIN",266,"Improved R4","","",""
"TECHTXT.BIN",267,"Trivate R4","","",""
"TECHTXT.BIN",268,"Pre-Flexive R5","","",""
"TECHTXT.BIN",269,"Flexive R5","","",""
"TECHTXT.BIN",270,"Improved R5","","",""
"TECHTXT.BIN",271,"Trivate R5","","",""
"TECHTXT.BIN",272,"Pre-Flexive R6","","",""
"TECHTXT.BIN",273,"Flexive R6","","",""
"TECHTXT.BIN",274,"Improved R6","","",""
"TECHTXT.BIN",275,"Trivate R6","","",""
"TECHTXT.BIN",300,"Leg Types:","Leg Type:","",""
"TECHTXT.BIN",301,"NA","","",""
"TECHTXT.BIN",302,"Standard","Standard","",""
"TECHTXT.BIN",303,"Reinforced","Reinforced","",""
"TECHTXT.BIN",304,"Standard","Standard","",""
"TECHTXT.BIN",305,"Reinforced","Reinforced","",""
"TECHTXT.BIN",306,"Standard","Standard","",""
"TECHTXT.BIN",307,"Reinforced","Reinforced","",""
"TECHTXT.BIN",308,"Standard","Standard","",""
"TECHTXT.BIN",309,"Reinforced","Reinforced","",""
"TECHTXT.BIN",310,"Standard","Standard","",""
"TECHTXT.BIN",311,"Reinforced","Reinforced","",""
"TECHTXT.BIN",312,"Standard","Standard","",""
"TECHTXT.BIN",313,"Reinforced","Reinforced","",""
"TECHTXT.BIN",350,"Reactor Classes:","Reactor Class:","",""
"TECHTXT.BIN",351,"NA","NA","",""
"TECHTXT.BIN",352,"Fission 100","Fission100","",""
"TECHTXT.BIN",353,"Fission 130","Fission130","",""
"TECHTXT.BIN",354,"Fission 200","Fission200","",""
"TECHTXT.BIN",355,"Fission 300","Fission300","",""
"TECHTXT.BIN",356,"Fission 350","Fission350","",""
"TECHTXT.BIN",357,"Fission 400","Fission400","",""
"TECHTXT.BIN",358,"Ion 130","Ion130","",""
"TECHTXT.BIN",359,"Ion 196","Ion196","",""
"TECHTXT.BIN",360,"Ion 260","Ion260","",""
"TECHTXT.BIN",361,"Ion 390","Ion390","",""
"TECHTXT.BIN",362,"Ion 455","Ion455","",""
"TECHTXT.BIN",363,"Ion 524","Ion524","",""
"TECHTXT.BIN",364,"Matter Conversion 150","Mat. Conv150","",""
"TECHTXT.BIN",365,"Matter Conversion 225","Mat. Conv225","",""
"TECHTXT.BIN",366,"Matter Conversion 326","Mat. Conv326","",""
"TECHTXT.BIN",367,"Matter Conversion 452","Mat. Conv452","",""
"TECHTXT.BIN",368,"Matter Conversion 526","Mat. Conv526","",""
"TECHTXT.BIN",369,"Matter Conversion 609","Mat. Conv609","",""
"TECHTXT.BIN",400,"Battery Classes:","Battery Class:","",""
"TECHTXT.BIN",401,"No battery","NA","",""
"TECHTXT.BIN",402,"Impr. Chemical Storage 120","IChemical 120","",""
"TECHTXT.BIN",403,"Iridium Containment 158","Iridium 158","",""
"TECHTXT.BIN",404,"Tru-power 174","Tru-power 174","",""
"TECHTXT.BIN",405,"Impr. Chemical Storage 180","IChemical 180","",""
"TECHTXT.BIN",406,"Iridium Containment 197","Iridium 197","",""
"TECHTXT.BIN",407,"Tru-power 215","Tru-power 215","",""
"TECHTXT.BIN",408,"Impr. Chemical Storage 240","IChemical 240","",""
"TECHTXT.BIN",409,"Iridium Containment 261","Iridium 261","",""
"TECHTXT.BIN",410,"Tru-power 288","Tru-power 288","",""
"TECHTXT.BIN",411,"Impr. Chemical Storage 360","IChemical 360","",""
"TECHTXT.BIN",412,"Iridium Containment 396","Iridium 396","",""
"TECHTXT.BIN",413,"Tru-power 435","Tru-power 435","",""
"TECHTXT.BIN",414,"Impr. Chemical Storage 420","IChemical 420","",""
"TECHTXT.BIN",415,"Iridium Containment 459","Iridium 459","",""
"TECHTXT.BIN",416,"Tru-power 471","Tru-power 471","",""
"TECHTXT.BIN",417,"Impr. Chemical Storage 480","IChemical 480","",""
"TECHTXT.BIN",418,"Iridium Containment 527","Iridium 527","",""
"TECHTXT.BIN",419,"Tru-power 577","Tru-power 577","",""
"TECHTXT.BIN",420,"Chemical Storage 108","Chemical 108","",""
"TECHTXT.BIN",421,"Chemical Storage 150","Chemical 150","",""
"TECHTXT.BIN",422,"Chemical Storage 180","Chemical 180","",""
"TECHTXT.BIN",423,"Chemical Storage 300","Chemical 300","",""
"TECHTXT.BIN",424,"Chemical Storage 330","Chemical 330","",""
"TECHTXT.BIN",425,"Chemical Storage 390","Chemical 390","",""
"TECHTXT.BIN",426,"Cybrid battery","Batt","",""
"TECHTXT.BIN",427,"Cybrid battery","Batt","",""
"TECHTXT.BIN",428,"Cybrid battery","Batt","",""
"TECHTXT.BIN",429,"Cybrid battery","Batt","",""
"TECHTXT.BIN",430,"Cybrid battery","Batt","",""
"TECHTXT.BIN",431,"Cybrid battery","Batt","",""
"TECHTXT.BIN",432,"Cybrid battery","Batt","",""
"TECHTXT.BIN",433,"Cybrid battery","Batt","",""
"TECHTXT.BIN",450,"Shield Classes:","Shield Class:","",""
"TECHTXT.BIN",451,"No shield","","",""
"TECHTXT.BIN",452,"Shield 300 ","Shield 300 ","",""
"TECHTXT.BIN",453,"Shield 600 ","Shield 600 ","",""
"TECHTXT.BIN",454,"Shield 900 ","Shield 900 ","",""
"TECHTXT.BIN",455,"Shield 1200","Shield 1200","",""
"TECHTXT.BIN",456,"Shield 1500","Shield 1500","",""
"TECHTXT.BIN",457,"Shield 1950","Shield 1950","",""
"TECHTXT.BIN",458,"Shield 2400","Shield 2400","",""
"TECHTXT.BIN",459,"Shield 2850","Shield 2850","",""
"TECHTXT.BIN",460,"Shield 3300","Shield 3300","",""
"TECHTXT.BIN",461,"Shield 3900","Shield 3900","",""
"TECHTXT.BIN",462,"Base Shld1","Base Shld1","",""
"TECHTXT.BIN",463,"Base Shld2","Base Shld2","",""
"TECHTXT.BIN",464,"Base Shld3","Base Shld3","",""
"TECHTXT.BIN",465,"Base Shld4","Base Shld4","",""
"TECHTXT.BIN",466,"Base Shld5","Base Shld5","",""
"TECHTXT.BIN",500,"Sensor Classes:","Sensor Class:","",""
"TECHTXT.BIN",501,"No sensor","NA","",""
"TECHTXT.BIN",502,"Standard Sensor 7.22 Amplitude","Standard 7.22","",""
"TECHTXT.BIN",503,"Standard Sensor 12.14 Amplitude","Standard 12.14","",""
"TECHTXT.BIN",504,"Standard Sensor 15.1 Amplitude","Standard 15.1","",""
"TECHTXT.BIN",505,"Crystal Matrix Sensor","Crystal Mx","",""
"TECHTXT.BIN",506,"Advanced Crystal Matrix Sensor","Adv. Crystal","",""
"TECHTXT.BIN",507,"Scout Sensor 22.8 Amplitude","Scout 22.8","",""
"TECHTXT.BIN",508,"Scout Sensor 30.6 Amplitude","Scout 30.6","",""
"TECHTXT.BIN",509,"Scout Sensor 41.1 Amplitude","Scout 41.1","",""
"TECHTXT.BIN",510,"Scout Omniband Sensor","Scout Om","",""
"TECHTXT.BIN",511,"Scout Advanced Omniband Sensor","Scout Adv Om","",""
"TECHTXT.BIN",512,"Sensor vB1","","",""
"TECHTXT.BIN",513,"Sensor vB2","","",""
"TECHTXT.BIN",514,"Sensor vB3","","",""
"TECHTXT.BIN",515,"Sensor vB4","","",""
"TECHTXT.BIN",516,"Sensor vB5","","",""
"TECHTXT.BIN",517,"Sensor vTransport","","",""
"TECHTXT.BIN",518,"Sensor vOmniscient","","",""
"TECHTXT.BIN",550,"Computer Types:","Computer Type:","",""
"TECHTXT.BIN",551,"NA","NA","",""
"TECHTXT.BIN",552,"Lock-On 100","L100","",""
"TECHTXT.BIN",553,"Lock-On 205","L205","",""
"TECHTXT.BIN",554,"Lock-On 440","L440","",""
"TECHTXT.BIN",555,"Quickfire 11","Q11","",""
"TECHTXT.BIN",556,"Quickfire 11A","Q11A","",""
"TECHTXT.BIN",557,"Lock-On 1000","L1000","",""
"TECHTXT.BIN",558,"Image Enhancement","Img Enh","",""
"TECHTXT.BIN",559,"True Lock","True Lock","",""
"TECHTXT.BIN",560,"Fire Control Manager","FCMngr","",""
"TECHTXT.BIN",561,"Quickfire 3000","Q3000","",""
"TECHTXT.BIN",562,"Bertrand-Altase TComp","Bertrand-Altase","",""
"TECHTXT.BIN",600,"Life Support Types:","Life Support Type:","",""
"TECHTXT.BIN",601,"NA","NA","",""
"TECHTXT.BIN",602,"Standard Life Support ","Standard","",""
"TECHTXT.BIN",603,"Improved Support","Improved","",""
"TECHTXT.BIN",604,"Integrated Environment","Integrated","",""
"TECHTXT.BIN",605,"Total Environment","Total","",""
"TECHTXT.BIN",606,"Multishell Environ Container","Multishell","",""
"TECHTXT.BIN",607,"Reactive Environ Maintainer","Reactive","",""
"TECHTXT.BIN",608,"Partial Med System","Med Sys","",""
"TECHTXT.BIN",609,"Sealed Bio Environ","Bioenviron","",""
"TECHTXT.BIN",610,"Self-Repair Environ","Self-Repair","",""
"TECHTXT.BIN",611,"Liquid Life System","Liquid Life","",""
"TECHTXT.BIN",650,"Weapons Available:","Weapon Type:","",""
"TECHTXT.BIN",651,"Empty","Empty","",""
"TECHTXT.BIN",652,"SE400 Laser Cannon","SE400 Laser","",""
"TECHTXT.BIN",653,"SE660 Laser Cannon","SE660 Laser","",""
"TECHTXT.BIN",654,"SE1000 Laser Cannon","SE1000 Laser","",""
"TECHTXT.BIN",655,"SP Missile Launcher","Missile-SP","",""
"TECHTXT.BIN",656,"SG Missile Launcher","Missile-SG","",""
"TECHTXT.BIN",657,"MY Missile Launcher","Missile-MY","",""
"TECHTXT.BIN",658,"Light Electron Flux Whip (ELF)","L ELF","",""
"TECHTXT.BIN",659,"Medium Electron Flux Whip (ELF)","M ELF","",""
"TECHTXT.BIN",660,"Heavy Electron Flux Whip (ELF)","H ELF","",""
"TECHTXT.BIN",661,"ElectroMagnetic Pulse Cannon (EMP)","EMP","",""
"TECHTXT.BIN",662,"20mm Light Autocannon","20mm AC","",""
"TECHTXT.BIN",663,"50mm Autocannon","50mm AC","",""
"TECHTXT.BIN",664,"120mm Heavy Autocannon","120mm AC","",""
"TECHTXT.BIN",665,"30mm Rapid-Fire Chain Gun","30mm Chain","",""
"TECHTXT.BIN",666,"200mm HEAP Gun","200mm HEAP","",""
"TECHTXT.BIN",667,"40mm ""Ranger"" Cannon","Ranger","",""
"TECHTXT.BIN",668,"Blast Mortar","Blast Mortar","",""
"TECHTXT.BIN",669,"""Jihad"" Missile System","Jihad","",""
"TECHTXT.BIN",670,"ElectroFlechette Cannon","EF Cannon","",""
"TECHTXT.BIN",671,"Particle Beam Weapon","PBW","",""
"TECHTXT.BIN",672,"SC400 Compression Laser","SC400 C-Las","",""
"TECHTXT.BIN",673,"SC1000 Compression Laser","SC1000 C-Las","",""
"TECHTXT.BIN",674,"SCX Heavy Compression Laser","SCX C-Las","",""
"TECHTXT.BIN",675,"MicroMissile Launcher","MicroMissile","",""
"TECHTXT.BIN",676,"Plasma Cannon","P-Cannon","",""
"TECHTXT.BIN",677,"Heavy Plasma Cannon","HP-Cannon","",""
"TECHTXT.BIN",678,"SP2 Heavy Missile Launcher","Missile-SP2","",""
"TECHTXT.BIN",679,"Electromagnetic Pulse Beamer","EMP Beamer","",""
"TECHTXT.BIN",680,"""Devastator"" Chain Gun","Devastator","",""
"TECHTXT.BIN",681,"""Katyusha-Z"" Rocket System","Katyusha","",""
"TECHTXT.BIN",682,"260mm Auto-Mortar","260mm Mortar","",""
"TECHTXT.BIN",683,"Automatic Electromagnetic Flux","Auto ELF","",""
"TECHTXT.BIN",684,"210mm X-HEAP Cannon","210mm X-HEAP","",""
"TECHTXT.BIN",685,"Light Particle Gun","LPG","",""
"TECHTXT.BIN",686,"Medium Particle Gun","MPG","",""
"TECHTXT.BIN",687,"Heavy Particle Gun","HPG","",""
"TECHTXT.BIN",688,"S-Heavy Particle Gun","SHPG","",""
"TECHTXT.BIN",689,"Neutron Gun","Neutron Gun","",""
"TECHTXT.BIN",690,"Neutron Beam Weapon","NBW","",""
"TECHTXT.BIN",691,"Saturation Missile Launcher","Missile-Sat","",""
"TECHTXT.BIN",692,"Hunter-Killer Missile Launcher","Missile-HK","",""
"TECHTXT.BIN",693,"SP500 Light Pulse Laser","SP500 P-Las","",""
"TECHTXT.BIN",694,"SP750 Standard Pulse Laser","SP750 P-Las","",""
"TECHTXT.BIN",695,"SP1200 Magna Pulse Laser","SP1200 P-Las","",""
"TECHTXT.BIN",696,"90mm Accelerator Cannon","90mm AC","",""
"TECHTXT.BIN",697,"SE700 Laser Gatling","SE700 L-Gat","",""
"TECHTXT.BIN",698,"SP-X Rapid Missile System","Missile-SPX","",""
"TECHTXT.BIN",699,"Plasma Beam","Plasma Beam","",""
"TECHTXT.BIN",700,"Plasma Mortar","Plasma Mortar","",""
"TECHTXT.BIN",701,"Chain Electromagnetic Flux","Chain ELF","",""
"TECHTXT.BIN",702,"Thermal Lance","TLance","",""
"TECHTXT.BIN",703,"Thermal Needler","TNeedler","",""
"TECHTXT.BIN",704,"Fusion Flamer","FFlamer","",""
"TECHTXT.BIN",705,"Fusion Cannon","FCannon","",""
"TECHTXT.BIN",706,"Fusion Annihilator","FAnnihilator","",""
"TECHTXT.BIN",707,"100mm Accelerator Chain Gun","100mm Chain","",""
"TECHTXT.BIN",708,"SP800 Pulse Laser Gatling","SP800 PLGat","",""
"TECHTXT.BIN",709,"Hunter-Killer Rapid Missile System","Missile-HK+","",""
"TECHTXT.BIN",710,"Electromagnetic Pulse Blaster","EMP Blaster","",""
"TECHTXT.BIN",711,"Heavy Saturation Rocket System","Sat Rocket","",""
"TECHTXT.BIN",712,"Fusion Mortar","F Mortar","",""
"TECHTXT.BIN",713,"Electromagnetic Flux Mortar","ELF Mortar","",""
"TECHTXT.BIN",714,"Light Compression Blaster","LCBlaster","",""
"TECHTXT.BIN",715,"Heavy Compression Blaster","HCBlaster","",""
"TECHTXT.BIN",716,"HOG Missile Launcher","Missile-HOG","",""
"TECHTXT.BIN",717,"Rapid Saturation Rocket System","Rapid Sat","",""
"TECHTXT.BIN",718,"Fusion Gatling","F-Gatling","",""
"TECHTXT.BIN",719,"ATN Autocannon","ATN Auto","",""
"TECHTXT.BIN",720,"280mm ATX","280mm ATX","",""
"TECHTXT.BIN",721,"B1","B1","",""
"TECHTXT.BIN",722,"B2","B2","",""
"TECHTXT.BIN",723,"B3","B3","",""
"TECHTXT.BIN",724,"B4","B4","",""
"TECHTXT.BIN",725,"B5","B5","",""
"TECHTXT.BIN",726,"EMP","EMP","",""
"TECHTXT.BIN",727,"","","",""
"TECHTXT.BIN",728,"","","",""
"TECHTXT.BIN",729,"","","",""
"TECHTXT.BIN",730,"","","",""
"TECHTXT.BIN",800,"Devices Available:","Device Type:","",""
"TECHTXT.BIN",801,"Empty","Empty","",""
"TECHTXT.BIN",802,"Standard Ore Extraction Unit","Bertrand Ore Extractor","",""
"TECHTXT.BIN",803,"Low-Energy Extractor","Low-Energy Extractor","",""
"TECHTXT.BIN",804,"Maxim Extractor","Maxim Extractor","",""
"TECHTXT.BIN",805,"Fueller Analyzer Extractor","Fueller Device","",""
"TECHTXT.BIN",806,"Improved Ore Extractor","Improved Extractor","",""
"TECHTXT.BIN",807,"ProtoNanite Repair","ProtoNanite Repair","",""
"TECHTXT.BIN",808,"Partial Nanorepair System","Partial Nanorepair","",""
"TECHTXT.BIN",809,"Enhanced Nanorepair Pod","Enhanced Nanorepair","",""
"TECHTXT.BIN",810,"True Nanorepair","True Nanorepair","",""
"TECHTXT.BIN",811,"Nanorepair Glands","Nanorepair Glands","",""
"TECHTXT.BIN",812,"Self Detonator","Self Detonator","",""
"TECHTXT.BIN",813,"Self Detonator","Self Detonator","",""
"TECHTXT.BIN",814,"Self Detonator","Self Detonator","",""
"TECHTXT.BIN",815,"Self Detonator","Self Detonator","",""
"TECHTXT.BIN",816,"Self Detonator","Self Detonator","",""
"TECHTXT.BIN",817,"Bonus v1","Bonus v1","",""
"TECHTXT.BIN",818,"Bonus v2","Bonus v2","",""
"TECHTXT.BIN",819,"Bonus v3","Bonus v3","",""
"TECHTXT.BIN",820,"Bonus v4","Bonus v4","",""
"TECHTXT.BIN",821,"Bonus v5","Bonus v5","",""
"TECHTXT.BIN",822,"Single-Band ECM","Single-Band ECM","",""
"TECHTXT.BIN",823,"Zerosignal Dampener","Zerosignal Dampener","",""
"TECHTXT.BIN",824,"Variable Pulse Ghoster","Variable Pulse Ghoster","",""
"TECHTXT.BIN",825,"Elec Image Displacer","Elec Image Displacer","",""
"TECHTXT.BIN",826,"Active Offsource Jamming","Active Offsrc Jamming","",""
"TECHTXT.BIN",827,"AntiGravity Unit","AntiGravity Unit","",""
"TECHTXT.BIN",828,"Small Resupply Drone","Resupply Drone v1","",""
"TECHTXT.BIN",829,"Medium Resupply Drone","Resupply Drone v2","",""
"TECHTXT.BIN",830,"Large Resupply Drone","Resupply Drone v3","",""
"TECHTXT.BIN",831,"Very Large Resupply Drone","Resupply Drone v4","",""
"TECHTXT.BIN",832,"Huge Resupply Drone","Resupply Drone v5","",""
"TECHTXT.BIN",833,"Overdrive Node","Overdrive Node","",""
"TECHTXT.BIN",834,"Shield Amplification Crystal","Shield Amplifier","",""
"TECHTXT.BIN",835,"Sensor Amplifier","Sensor Amplifier","",""
"TECHTXT.BIN",836,"","NA","",""
"TECHTXT.BIN",837,"NA","","",""
"TECHTXT.BIN",850,"","","",""
"TECHTXT.BIN",851,"","Specter v1","",""
"TECHTXT.BIN",852,"","Specter v2","",""
"TECHTXT.BIN",853,"","Specter v3","",""
"TECHTXT.BIN",854,"","Specter v4","",""
"TECHTXT.BIN",855,"","Specter v5","",""
"TECHTXT.BIN",856,"","Specter v6","",""
"TECHTXT.BIN",857,"","Parasite v1","",""
"TECHTXT.BIN",858,"","Parasite v2","",""
"TECHTXT.BIN",859,"","Parasite v3","",""
"TECHTXT.BIN",860,"","Parasite v4","",""
"TECHTXT.BIN",861,"","Parasite v5","",""
"TECHTXT.BIN",862,"","Parasite v6","",""
"TECHTXT.BIN",863,"","Cerebrus v1","",""
"TECHTXT.BIN",864,"","Cerebrus v2","",""
"TECHTXT.BIN",865,"","Cerebrus v3","",""
"TECHTXT.BIN",866,"","Cerebrus v4","",""
"TECHTXT.BIN",867,"","Cerebrus v5","",""
"TECHTXT.BIN",868,"","Cerebrus v6","",""
"TECHTXT.BIN",869,"","Arachnus v1","",""
"TECHTXT.BIN",870,"","Arachnus v2","",""
"TECHTXT.BIN",871,"","Arachnus v3","",""
"TECHTXT.BIN",872,"","Arachnus v4","",""
"TECHTXT.BIN",873,"","Arachnus v5","",""
"TECHTXT.BIN",874,"","Arachnus v6","",""
"TECHTXT.BIN",875,"","Genocite v1","",""
"TECHTXT.BIN",876,"","Genocite v2","",""
"TECHTXT.BIN",877,"","Genocite v3","",""
"TECHTXT.BIN",878,"","Genocite v4","",""
"TECHTXT.BIN",879,"","Genocite v5","",""
"TECHTXT.BIN",880,"","Genocite v6","",""
"TECHTXT.BIN",881,"","Malignus v1","",""
"TECHTXT.BIN",882,"","Malignus v2","",""
"TECHTXT.BIN",883,"","Malignus v3","",""
"TECHTXT.BIN",884,"","Malignus v4","",""
"TECHTXT.BIN",885,"","Malignus v5","",""
"TECHTXT.BIN",886,"","Malignus v6","",""
"TECHTXT.BIN",887,"","Hades v1","",""
"TECHTXT.BIN",888,"","Hades v2","",""
"TECHTXT.BIN",889,"","Hades v3","",""
"TECHTXT.BIN",890,"","Hades v4","",""
"TECHTXT.BIN",891,"","Hades v5","",""
"TECHTXT.BIN",892,"","Hades v6","",""
"TECHTXT.BIN",893,"","Nihilus v1","",""
"TECHTXT.BIN",894,"","Nihilus v2","",""
"TECHTXT.BIN",895,"","Nihilus v3","",""
"TECHTXT.BIN",896,"","Nihilus v4","",""
"TECHTXT.BIN",897,"","Nihilus v5","",""
"TECHTXT.BIN",898,"","Nihilus v6","",""
"TECHTXT.BIN",899,"","Verminus v1","",""
"TECHTXT.BIN",900,"","Verminus v2","",""
"TECHTXT.BIN",901,"","Verminus v3","",""
"TECHTXT.BIN",902,"","Colony Hub","",""
"TECHTXT.BIN",903,"","Mining Facility","",""
"TECHTXT.BIN",904,"","Research Facility","",""
"TECHTXT.BIN",905,"","Comm Center","",""
"TECHTXT.BIN",906,"","Maintenance Hangar","",""
"TECHTXT.BIN",907,"","Herc Carrier","",""
"TECHTXT.BIN",908,"","Ore Refinery Node","",""
"TECHTXT.BIN",909,"","Maintenance Node","",""
"TECHTXT.BIN",910,"","Inventory Node","",""
"TECHTXT.BIN",911,"","Research Node","",""
"TECHTXT.BIN",912,"","Sensor Array","",""
"TECHTXT.BIN",913,"","Manufacturing","",""
"TECHTXT.BIN",914,"","Command Node v1","",""
"TECHTXT.BIN",915,"","Command Node v2","",""
"TECHTXT.BIN",916,"","Command Node v3","",""
"TECHTXT.BIN",917,"","Command Node v4","",""
"TECHTXT.BIN",918,"","Processing v1","",""
"TECHTXT.BIN",919,"","Processing v2","",""
"TECHTXT.BIN",920,"","Processing v3","",""
"TECHTXT.BIN",921,"","Processing v4","",""
"TECHTXT.BIN",922,"","Construction v1","",""
"TECHTXT.BIN",923,"","Construction v2","",""
"TECHTXT.BIN",924,"","Construction v3","",""
"TECHTXT.BIN",925,"","Construction v4","",""
"TECHTXT.BIN",926,"","Construction v5","",""
"TECHTXT.BIN",927,"","Heavy Turret v1","",""
"TECHTXT.BIN",928,"","Heavy Turret v2","",""
"TECHTXT.BIN",929,"","Heavy Turret v3","",""
"TECHTXT.BIN",930,"","Heavy Turret v4","",""
"TECHTXT.BIN",931,"","Heavy Turret v5","",""
"TECHTXT.BIN",932,"","Light Turret v2","",""
"TECHTXT.BIN",933,"","Light Turret v3","",""
"TECHTXT.BIN",934,"","Light Turret v4","",""
"TECHTXT.BIN",935,"","Light Turret v5","",""
"TECHTXT.BIN",936,"","Missile Turr. v1","",""
"TECHTXT.BIN",937,"","Missile Turr. v2","",""
"TECHTXT.BIN",938,"","Missile Turr. v3","",""
"TECHTXT.BIN",939,"","Missile Turr. v4","",""
"TECHTXT.BIN",940,"","Missile Turr. v5","",""
"TECHTXT.BIN",941,"","Light Turret v1","",""
"TECHTXT.BIN",942,"","","",""
"TECHTXT.BIN",943,"","","",""